post_id,community,title,content,url,flair,created_date,upvotes,num_comments,author,emotions,comment_count,top_comment_1,top_comment_2,top_comment_3
1qhyeig,spirituality,Does anyone else get tired of trusting sometimes?,"Have you ever thought that why does uncertainty feel so personal to consciousness?

Sometimes I get tired of trusting. Sometimes I want life to answer me directly instead of through silence, delays, or strange timing lessons. Sometimes waiting makes me feel insecure, impatient, even a little forgotten like I’m doing all this inner work and the world hasn’t noticed yet. And I don’t love admitting that. 

I like thinking of myself as grounded, spiritual, patient… but the truth is, some days I just want reassurance. I want to feel seen by life, not just theoretically, but emotionally. Still, even on the days I doubt and complain quietly to myself, something in me doesn’t shut down. 

I keep staying open. I keep caring. I keep hoping in small, ordinary ways. Maybe that’s what trust really is not being calm all the time, but choosing not to harden when you don’t have answers yet. Maybe trust isn’t about having clarity, maybe it’s about staying soft in the middle of uncertainty. 

Maybe life isn’t ignoring us , maybe it’s shaping us quietly. And maybe the fact that we can feel this deeply means we were always meant to be part of the unfolding.

Maybe nothing is late

Maybe nothing is missing

Maybe we are exactly where becoming happens…

Wrote a longer version here if you want to go deeper: https://medium.com/@Kash6/if-everything-is-unfolding-why-does-waiting-hurt-so-much-1378931921c9",https://reddit.com/r/spirituality/comments/1qhyeig/does_anyone_else_get_tired_of_trusting_sometimes/,Philosophy  :snoo_thoughtful:,2026-01-20 11:14:21,1,0,kash_xoxo_,"frustration, confusion, insecurity",0,,,
1qhy3iu,spirituality,"Why do some people reject religion/spirituality instantly, while others follow it deeply?","My mind has been noisy for a while now. Not stressed, just… constant questions running in the background. And the more I think, the more questions appear.

A lot of it is about religion and spirituality, mostly because of people around me and what I see online. In India especially, it’s everywhere, so it’s hard to ignore.

I keep seeing people on both sides. Some follow religion or spirituality and seem calm and grounded. Some reject it instantly without trying to understand. And then there are people who are tired of extremes and label everything as fake or cult.

So I’m confused.

If you have faith or follow a spiritual path, what has your experience been like? Not debate or philosophy, just real life experience. And how do you deal with people who dismiss it without knowing much about it?

If you don’t believe in any of it or oppose religion/spirituality, what made you decide that? Was it after learning and exploring, or just from seeing bad examples? And how do you deal with the people who support it? 

Sometimes I think I should just ignore all this and focus on work and life. That feels like the safe option. But then I wonder… what if there’s something valuable here and I miss it because I didn’t look properly?

I’m not trying to argue or convince anyone. I’m just trying to understand why some people feel so sure while I keep feeling like I’m missing something.",https://reddit.com/r/spirituality/comments/1qhy3iu/why_do_some_people_reject_religionspirituality/,Question ❓,2026-01-20 10:56:51,1,3,SingleInevitable9312,"frustration, confusion",3,"I'm just going to come out and say it, what kind of snowflake would I have to be to care whether or not other people believe in spirituality.

I would have to be an even more we'll see and bigger snowflake to think that I need to come up with a way to deal with people like this....

What kind of ego would I have to have, to get up in the morning and actively make it my mission to force people to believe stuff, to deal with them in a way that I see fit because I know everything about spirituality and religion and your beneath me if you don't believe....

Pfft.....get outta here. 😂😂😂😂😂😂😂","Spirituality is a really broad term. Some think of it like the new age stuff that it's similiar to buddhism and meditating every day, and some (me too) integrate practices of spiritually into their daily life. that kinda means work and life = spiritually and vice versa (if that makes sense)","I follow my own practices. I believe in forces... Due to my experiences from my childhood. I have allowed that force and I to integrate together so that I don't distinguish between them and myself that much.

Now without the figures that Or(the name I gave the force) presents itself... I have learnt to love them by becoming more like them so that Or will always be with me even when I no longer see a visual representation of them. Honestly, I am only spiritual because of my experiences with Or. I have left my former relationship because of my experiences as a kid. 

So I have made up my mind, and I refuse to follow anybody else's beliefs any longer."
1qhujp1,spirituality,Worship in Spirituality,"I have always been someone who doesn’t believe in the worship of Gods/Goddesses/Deities. It’s not that I don’t believe that they exist, I think I’ve just always had a more “my healing needs to come from within” approach to my journey. I also feel fear of becoming lost within the worship of another. I also haven’t really taken the time to look into this sort of stuff, any knowledge I have has just been picked up along the way. But I feel like I’m being called into this realm of spirituality. 

Back in November/December I was feeling a a strong pull to Jesus Christ and Mary Magdalene, especially during a water fast. I started looking into them more but then Christmas and stuff got in the way and it fizzled out, but has still been in the back of my mind.

I think I’ve been feeling a call towards Kali Maa for a long time but I’ve been ignoring it because of my beliefs.

Can you work with these energies without worship? Or do I need to learn to surrender and give up the need to control my spiritual journey (a big theme for me lol) I’m a big over thinker in case you couldn’t tell lol

Any insight would be great I love hearing different perspectives on things",https://reddit.com/r/spirituality/comments/1qhujp1/worship_in_spirituality/,Philosophy  :snoo_thoughtful:,2026-01-20 07:23:42,3,6,IndependentScar7491,"confusion, fear",2,"I had very strong pull towards Jesus and Christianity right before my own spiritual journey kicked off, like I was a hardcore atheist who went full swing into Christianity, Bible study twice a week and went to Church as often as I could. Since my own spiritual awakening back in September I've been thinking about working with deities, but its been hard to shake the lingering stuff about Christianity even though my beliefs now don't really follow it. The advice I was given was figure out who you're drawn to and work with them in whatever way feels right. I work with Lugh from time to time as a more mentorship kinda thing, but there's no worship involved","Yes, you can certainly work with those energies without worship.

You can develop your spiritual awareness by reading modern spiritual books. The ones that made the difference for me emphasize on love and compassion.
That is the way to progress higher into the spheres of light. By helping others.

If you accept that you may learn to bow your head to high developed beings like Jesus Christ who gave so much and still do. But that is a different attitude than worship. The concept of bowing your head means that you respect the might of that person.

Love is the most important thing in life.",
1qhuj01,spirituality,"does anyone else chase this ""feeling"" or know how to obtain it?","i dont know what it is, but my body just doesnt feel right. i feel like i should be lighter, and more ""free"" in a way. ive never even gotten close to feeling like that but i know its how im supposed to feel. ive cleansed myself with smoke many times in hope it would work but it doesnt. does anyone know what i mean or know how to obtain this?",https://reddit.com/r/spirituality/comments/1qhuj01/does_anyone_else_chase_this_feeling_or_know_how/,Question ❓,2026-01-20 07:22:32,1,1,No-Committee-1112,confusion,1,"I've been finding that feeling recently by playing one of my old favorite video games from 2007. There are things in it that have spiritual significance, and the main character's qualities resonate benevolent freedom. Same with the soundtrack from it.

How you obtain that feeling can vary between people, but some activities like riding an open air vehicle can do it as well if done safely.",,
1qhuiae,spirituality,What comes after resolving trauma and integratimg shadow ?,"here are some things I have done so far:

1) find real world solutions to my problem 

2) learn patterns and detect resistance points

3) investigate resistance, find trauma, spend a lot of time resolving them one by one and align at the same time

4) re-assign ego to its original job that is mainly to act as a radar and a messaging service and not a crisis response system. 

I'm thinking what now? yk.

I know that the direction is the source, through me, through my love and faith and self love. but i have never been here before. I don't even know how ""healthy"" people function. by healthy I mean people who are passionate, magnetic, etc. spiritually healthy kind. idk how they live their day. idk how they talk like. idk who they react to challenges or crisis. I understand theoretically that I'm supposed to align myself to the higher state. and it works. but I can't help but to feel like someone's out there doing this in a much better way than i am. is there a documentary. or a movie or a book ? that goes into detail about this?",https://reddit.com/r/spirituality/comments/1qhuiae/what_comes_after_resolving_trauma_and_integratimg/,Question ❓,2026-01-20 07:21:21,2,4,Lost_Tiger_4568,frustration,2,"Great post, it's well detailed!

>by healthy I mean people who are passionate, magnetic, etc. spiritually healthy kind.

You seem good to me. Just from reading this post you seem to give off a good vibe.

You've probably already done more work on this than what 2/3rds of people have done by checking that list.

>I'm thinking what now? yk.

Well maybe that's the next part of the adventure. Something to be excited for over the next few months!

Here are my words of encouragement \^\^.

It's about time for me to head to bed, but I think you're doing things already well.

One idea for a next step is to see yourself nicely, seeing yourself as a healthy and magnetic person, who is discovering as a pioneer what it is like to be awesome while being you.

I think you are awesome already. It's just a matter of seeing it that way.","I am sorry for my grammar being imperfect, as English is not my native language.



First, I want to say big congratulations on your progress - you are doing great job. Most people never get to the point where they re-assign ego to its original job as a radar. This is huge achievement and you should be proud of yourself for this work.



Now it is about connecting with your Higher Self - the total soul that you are, but existing outside of 3D world. This aspect of you knows everything about your path and they can perfectly guide you. You are asking how ""healthy"" people live their day, but truth is, there is no one movie or book that fits everyone. The best way to function is to be guided from within by your own inner wisdom.



In my sessions when I assist people to meet their Higher Self and get clarity and answers in deep trance, after that they can very easily connect daily. In every moment, you can be perfectly guided. You don't have to guess how to react to challenges or how to be passionate; you just listen to that quiet inner nudge. When you are integrated with your Higher Self, life becomes less about ""doing"" healing and more about ""being"" the light that you already are.



You feel like someone is doing this in better way, but that is just old comparison program. When you are fully connected to your total soul, you realize your path is unique and perfect for you. You are now in stage where you move from fixing what is wrong to creating what is beautiful. 



Total soul integration means you don't need documentaries because you have access to ultimate source of information inside yourself. It feels very peaceful, like walking with a best friend who knows the way home.



Have you tried to sit in silence and ask your Higher Self what is the first ""passionate"" thing you should do today?",
1qhsmvt,spirituality,Have you ever met someone whose life looked perfect online but was a mess in person?,Just curious. I keep comparing myself to people on Instagram and wondering if I'm the only one struggling. Anyone had a reality check moment ??,https://reddit.com/r/spirituality/comments/1qhsmvt/have_you_ever_met_someone_whose_life_looked/,General ✨,2026-01-20 05:36:48,11,13,Ok_Expert_1537,frustration,10,"I stopped using instagram years ago for this reason, I would feel very jealous because everyone's life was ""perfect"". Now I use tiktok and reddit and it feels more authentic","Almost every single person. 

I used to be surprised initially when folks turned up to my coaching sessions coz nothing that they had shared showed the messy parts of their life. It looked perfect but that's how you curate your life for others. 

So don't go by Instagram or anyone's social media - Rarely, do people share the messy stuff online. It also goes to show, that almost everyone doesn't feel safe sharing those parts on social media.","It's called adulting. It devours everything you thought you knew as true while throws you in to the arms of reality where happiness is a myth, in the hopes that you sufficiently changed to accept what's real over a lie.    
    
Like Santa Claus."
1qhsl4h,spirituality,Im thinking of doing a giveaway,"For context, I have a business related to this subreddit, and want to host a giveaway completely free, but I don't know  if it would infringe on the rules, so I would like to ask permission here, and ask for advice on how to proceed.",https://reddit.com/r/spirituality/comments/1qhsl4h/im_thinking_of_doing_a_giveaway/,General ✨,2026-01-20 05:34:22,2,1,vonwagen,confusion,1,Nobody cares,,
1qhs4dg,spirituality,GUYS WTF IS IT WITH 12:08?!?!?,i’m sick and tired of it no matter what i do or where i am i am forced to look at the time being 12:08 no matter what im doing my eye will be on the clock at 12:08 it’s been so long it’s happening to me every single day what does it mean?!?,https://reddit.com/r/spirituality/comments/1qhs4dg/guys_wtf_is_it_with_1208/,Question ❓,2026-01-20 05:10:43,1,8,AssociationClear2100,confusion,6,I was born at 12:08 exactly.  Now I'm reading your post.,"It's about being more positive so you can finally master positive abundance, manifestation.

It may also be about a new job, one that involves helping others so that you can pay off karmic debt.",Synchronicity
1qhqkup,spirituality,Candle Magic for Cleansing - Someone need this,"If you are feeling drained in any aspect, be it mentally (overthinking; negative self talk; reviving bad memories; experiencing depression; etc) or bodily (nauseous; numbness; fogness; weakness; etc) as consequence of spiritual warfare, do the following:

\- Get yourself a black candle size 10

\- Roll it through your body (head, neck, face, shoulders... all the body). It doesn't need to be perfect, just try to scrub your body with the candle as much as you can.

\- Bite the bottom of the candle and leave something like 2 cm of pavil.

\- Break the candle in the middle and break each half one more time, totalling 4 pieces of candle. Do this in a way that each piece is still connected by the cord.

\- Set fire to the end you bit off.

\- Leave it behind your door.

\- Call upon \*\*\*Pomba Gira\*\*\* if you are a female, or \*\*\*Exu\*\*\* if you are a male, for protection and cleansing. Those are divine ancestors, their communication is a bit... I don't know how to explain, but they deal well with decisiveness and strength. 

You'll feel better, but that's like taking medication for a headache, it won't necessarily solve the issue, just the feeling. Perhaps this small clear energetic space, will be enough for you to keep it up on your own. If that is not the case, to actively solve the issue, it would be better working directly with the Ancestors I mentioned. So try the candle ritual and see how you feel afterwards.",https://reddit.com/r/spirituality/comments/1qhqkup/candle_magic_for_cleansing_someone_need_this/,Spirit Guide 😇,2026-01-20 03:56:38,1,0,DisruptorMor,confusion,0,,,
1qhq8u5,spirituality,What does breaking glass at the exact same time someone passed away mean?,I recently discovered that I broke a beaker at the exact same time that a close family member of mine had passed away and I feel pretty creeped out by the timing. The glass shattered in my hand without me even dropping it and left a pretty deep wound that won't stop bleeding. I don't know if there are spiritual meanings behind this type of event.,https://reddit.com/r/spirituality/comments/1qhq8u5/what_does_breaking_glass_at_the_exact_same_time/,Question ❓,2026-01-20 03:40:48,3,2,cukumbr,confusion,2,Congratulations on your new ancestral haunting!,"One of three things:

1. It was a supernatural event, just to prove to you
2. It was a supernatural event with another, more specific meaning
3. It was a coincidence

If it freaks you out, believe #3. You don't have to believe this event if you aren't ready for that yet.

If you're not scared easily and are more wowed by it, I would go for #1. You can include it as a small piece of evidence that consciousness goes beyond death.

Sorry to hear that you got a wound from it.",
1qhpvhv,spirituality,Has the Dhyanalinga's Silence Ever Whispered Answers to Your Deepest Questions? What Makes This Space Feel Like Pure Inner Sanctuary?,,https://reddit.com/r/spirituality/comments/1qhpvhv/has_the_dhyanalingas_silence_ever_whispered/,Self-Transformation 🔄,2026-01-20 03:23:49,1,0,Remarkable-Pitch-706,confusion,0,,,
1qhps5z,spirituality,Distorted spirituality,"I see this a lot in spiritual spaces specifically around tarot cards and law of attraction. why do people thinks it's okay to try and manifest someone into your life, back into your life, or manifest someone to do something? everyone's free will and life path trajectory should be energetically left alone and free of manipulation. it is not working with any kind of universal fate it's just energetic manipulation which would almost certainly backfire on the person in a karmic sense. ",https://reddit.com/r/spirituality/comments/1qhps5z/distorted_spirituality/,Question ❓,2026-01-20 03:19:40,1,2,MountainAd309,"loneliness, disappointment",1,"Yes, but we need to know that. And learning is by experience. Not by reddit posts.",,
1qhob8v,spirituality,"Anyone else ""excited"" or looking forward to finding out what happens after death?","31 yr old guy here, a profound shower thought and realization I had recently was that I am not afraid of death, since embracing my spirituality, I kind of feel ""excited"" to die, if that makes sense?

I don't mean that in the sense that I ""want to die"" no no, not at all, I love my life, but more so I'm excited to find out what's next, if there really is a next.

I've come to my own conclusion (pun intended) that if I were to die in my sleep tonight, I would be okay with that.

Anyone else share this viewpoint?",https://reddit.com/r/spirituality/comments/1qhob8v/anyone_else_excited_or_looking_forward_to_finding/,Question ❓,2026-01-20 02:13:25,34,29,Agile-Tie-7433,fear,10,"I'd say more anxious than excited with a little bit of dread but with a hint of hope.

Excited is more of a Christmas morning type of feeling when you were a kid who couldn't wait to open your presents, they were probably something you wanted or you knew what they were.

Definitely curious though, what could it be? Hopefully something good.","Yes, I love life but am looking forward to death similar to being on a pleasant journey with a final (or maybe not) destination. 

My hopeful anticipation is nurtured by memories as a 3 year old drowning in the Atlantic ocean. I left my body and in doing so I never felt more like myself. The peace and relief are indescribable.","I am starting making peace with death. Had a dream years ago where I was told to trust God when time of dying will come. This shakes me and makes me think, deeply. 
I have always been fascinated and at the time scared of death but since this dream, I worked on this fear, and now, I am much more at peace. 
I wouldnt say I am excited to die but I am more curious in a positive way.
Also my cat and dog just died recently 40 days apart, so this makes death looks less frightening, because I know I will meet them again then."
1qho1bv,spirituality,Meditation while high,"Weed specifically, the first time I tried this. Just closing my eyes and letting every thought happen, not forcing myself to resonate with any thought but processing it

I briefly started to see these structures that you hear many talk about when under the influence of psycahdelics. Like operating systems in a machine constantly going to make the whole collective work. And I remembered its familiarity, not just like “before I existed familiar” a familiar like I was seeing these things as a kid when I would close my eyes or go to sleep. You know those long eventful days when your whether you were having fun or doing a lot of work and then you rest finally and your head is pounding and you just see random visions (anything) as your eyes are closed, yeah that’s what it felt like, to be a kid again

To end it off I just started processing everything in my head, like everything that I collected during regular day to day life was page after page of randomness, and just observing any of it meant that I could move on to the next page, it seemed endless and I just had the thought that the further i go maybe the more profound and even disturbing the visuals could become. I doubt I finished because I eventually fell asleep. It felt like a process of inner work.

And then sober me tries to do this and it’s as if there’s nothing to really process, when I close my eyes and try to imagine I just feel like I’m creating everything there, I can think of an hourglass and then break it and then look up and then fly past a thousand buildings. A part of that leaves me skeptical about the high experience but also it could just actually be medicine, therapeutic and I did actually get some work done. I do feel a little more clear headed than usual after the experience",https://reddit.com/r/spirituality/comments/1qho1bv/meditation_while_high/,General ✨,2026-01-20 02:01:13,17,10,ValleyGhostz,insecurity,6,"This post has been detected as relating to the use of psychedelic or other drugs. While we accept some may find aid in spiritual contemplation/enlightenment through the use of certain drugs, we remind all that they are not necessary nor guarantee spiritual insight. We would discourage anyone from using such drugs in order to find enlightenment, simple meditation is just as effective and does not bring mental health risks. You may hear many positive stories people have with drugs but you often do not hear the bad stories. So be careful!


*I am a bot, and this action was performed automatically. Please [contact the moderators of this subreddit](/message/compose/?to=/r/spirituality) if you have any questions or concerns.*",I spent months meditating high and loved it. I felt tremendous levels of energy in my body and went to very deep spaces. As you say it helped me to process a lot that needed processing. It served a purpose but ultimately felt like a limitation.,"Like basically everything, in moderation. I wouldn’t recommend every time, but it certainly can have its space."
1qhluv5,spirituality,Is it actually possible for other people to talk to you in your mind?," r/occultalways removes my posts for simply asking questions so trying here this time instead.

Can someone get into your mind and talk to you? Can someone attempt to gain information from your subconscious or anything like that as well?

I ask because I sometimes randomly feel like I start talking to people in my mind without even consciously meaning to and then I kind of catch myself doing it if that makes any sense. I hope it makes sense to someone because it sure doesn’t to me.

Anyway, today I had enough of it and did mirror visualization and return to sender type visualization for every one of them at a time for a while. As well as statements of cutting ties and attachments. Now it has all stopped and I am not thinking about any of them at all subconsciously and it feels extremely peaceful like I haven’t felt in a long time.

Was it them actually poking around in my mind somehow or maybe just negative energy from them affecting my mind somehow? I’m still kind of new to all this. Sort of. Always intuitively been skilled at visualization and speaking things into or out if existence in my life and other things just kind of instinctively. Never did much formal research just kind of went with it.

Seems like a lot of the free info online I used to casually look at has disappeared as well unfortunately since years ago when I was more into spirituality.

I kind of went off radar for a good decade and tried to pretend nothing beyond the physical existed because all of this stresses me out so much. It’s becoming increasingly obvious to me now that was a bad idea though and that I need to learn wtf I am doing for real to protect myself and my sovereignty of mind in this new age.",https://reddit.com/r/spirituality/comments/1qhluv5/is_it_actually_possible_for_other_people_to_talk/,Question ❓,2026-01-20 00:26:19,4,14,-BranoK-,"frustration, confusion",6,"Yes, but it's not what you think. There's only one mind that of source and we share it. So psychic phenomena is not somebody reaching in and violating your mind it is simply having access to the truth of the one mind. There are no private thoughts. People who are telepathic or psychic simply have access to the one truth.","Telepathy is apparently real, but generally requires focus and the receiver to be open. It isn't so much reading, but matching frequencies of thought. 

You seem to be hearing stuff that may be nonsense and attributing it to outside influences. Maybe there's a spiritual thing happening, but Id be worried you're suffering mental illness and not taking it seriously as such.","I strongly believe that Telepathy is a 'thing' but I don't believe that it can be directed.

I also know that you can play games in your head, imaging that you read someone correctly (and that they responded as well!) when no such interaction occurred at all. 

So don't drive yourself mad.

""Listen, Ana - hear my words! The words that you'd think that I would say if there was a me for you."""
1qhl9bz,spirituality,"Does anyone feel like they have sufficient evidence that an afterlife exists or what could be considered close to evidence? If so, please share. Really struggling here.","I’m not going to fight an incurable illness my entire life (and be asexual which I hate) only to disappear into nothing. I might as well leave now, after years of suffering, if that’s the case because that would mean there’s no point to life anyways.",https://reddit.com/r/spirituality/comments/1qhl9bz/does_anyone_feel_like_they_have_sufficient/,Question ❓,2026-01-20 00:01:08,15,48,Next-Lime-4777,frustration,10,"I have memories from before I was born, and have seen my first dog's ghost, spoke to it and it responded. I don't know enough to describe life on the other side, but I know it's there.

I've also seen elves, and other stuff, so there's a lot more going on than just paying bills.

Edit: amplification","Yes, absolutely.

I've seen a glimpse of heaven. It's going to be so wonderful.","OP, is there *anything* about your existence that doesn’t have to do with your illness or having sex? 

There is absolutely a point to life outside of having ideal health and intercourse with others. I’m not trying to minimize your pain, but your description of living sounds pretty limiting. 

I don’t know where you live, but there are therapies developing with the use of entheogens (psychedelics) and when used under the right set and setting, with the right guidance, people in your position are having experiences outside normal perception that give them a *lot* of comfort. 

I truly believe there is much more to this universe than what our brains can perceive. Our inputs as humans can be *very* limiting."
1qhi9wh,spirituality,Anyone else feeling this massive 10 year loop closing?,"Is it just me, or does the air feel... different? Like we are standing on the edge of a cliff, but instead of fear, there’s this strange, vibrating sense of ""finally""

Lately, I’ve seen a lot of talk about 2026 being the ""year of the soul"". Many of us are feeling that persistent, nagging urgency, that ""something"" is about to break wide open. Whether you link it to the recent UAP disclosures, the intense astrological transits, or just a gut feeling that the 3D matrix is fraying at the edges, the consensus is clear: the great shift is here.

I’ve been seeing a huge ""throwback to 2016"" trend across the internet, and I don’t think it’s just nostalgia. I think it’s spiritual retrospection.

Think back to 2016. For many of us, that was the year the ""first crack"" appeared. It was a year of intense polarization, the rise of digital chaos, and for many, the beginning of a personal ""dark night of the soul""

2016 was the awakening, we were shocked out of our slumber. It was messy, loud, and painful.

2026 is the Integration, we aren't just waking up anymore; we are stepping into our roles. If 2016 was about seeing the illusion, 2026 is about building the new reality.

The ""year of the soul"" isn't just a catchy title. We are moving from a decade of intellectual spirituality (reading about it) to embodied spirituality (living it).

The bridge between the ""spiritual"" and the ""physical"" is collapsing. Look at the UAP/NHI conversations, the ""others"" are no longer just fringe theories; they are part of the collective expansion.

This 10-year loop from 2016 is closing. You might be seeing synchronicities, people from a decade ago reappearing, or finding yourself facing the same lessons you failed in 2016, but this time, you have the tools to clear the karma

There’s a lot of noise about 2027 being a ""point of no return."" 2026 is our preparation room. Our frequency right now is determining which ""lane"" we take for the next grand cycle.

Do you feel that ""weight"" in the chest? That feeling that the ""old world"" is a ghost and we’re just waiting for the lights to come on in the new one? How are you navigating this 10 year reflection? Are you seeing the parallels between who you were in 2016 and who you are becoming now?

",https://reddit.com/r/spirituality/comments/1qhi9wh/anyone_else_feeling_this_massive_10_year_loop/,Question ❓,2026-01-19 22:03:35,60,16,soultuning,"frustration, fear, disappointment",7,"I feel it. I posted on another sub about it. Problem is I don’t feel like I have the tools. You said we do but I truly feel completely lost. I’ve had so much pain and suffering over my lifetime and I honestly don’t know how much for I can take. So I truly do hope that something good happens. Im so tired of being alone in this, too. It’s like we’re all going through it but at the same time separated from each. Wish I had a good friend that understood",The past decade has been the most challenging time of my life. Feels like it will never end though. The things I cared about are gone and now I have no fear of death and not being alive. So that's new! I'd just like to feel peaceful. It seems like this has been the norm for so many people.,"Interesting about hearing it being referred to as the year of the soul. That feels very true.

Astrologically, there are two significant plants changing from a watery/foggy sign, to a fire and action one. They’re currently getting ready to transition and then they’ll combine forces and things are expected to change a lot. I’ve been feeling this energy coming and feeling little bits of it in the last month but this will start occurring very soon.

I’ll drop the link to some content here so you can read up on it."
1qhggus,spirituality,My mother says my friend is “draining my energy” and it really scares me. What should I think?,"Hi everyone,

I’m writing this because I feel very confused and scared, and I would really appreciate outside opinions.

I come from a very spiritual family on my mother’s side. Spiritual beliefs, intuition, and energies have always been important in our family.

Recently, I started dating a woman. I truly love her. We’ve had ups and downs, but she has always supported me in every way, she’s proud of me, and she’s there for me no matter what.

The problem is something my mother has been telling me repeatedly about one of my friends.

The first time, she told me I should distance myself from this “friend”, even though she knows absolutely nothing about her. I never told her anything negative — I only mentioned that I go out with this friend sometimes.

The second time, my mother was shaking and told me:

“She’s not good for you.”

The third time was the most disturbing. She was staring at a fixed point, then started making circles with her hands, crying, and said:

“You are chained to her.”

“She is eating your energy.”

She has said similar things several times, and honestly, it terrified me.

I don’t know what to think.

I don’t know if this is intuition, fear, projection, or something else.

I love my partner, my life is stable, but these words deeply shook me.

What do you think?

How would you interpret this situation?

Thank you for reading.",https://reddit.com/r/spirituality/comments/1qhggus/my_mother_says_my_friend_is_draining_my_energy/,Question ❓,2026-01-19 20:56:00,6,11,Sure-Lifeguard-4686,"confusion, fear",9,"The next time you are with this person 

Ask yourself how you feel in their presence

How do you feel when the next meeting ends

Do this a few times and try use your intuition","Your friend is either a protection aspect, and your mother would be the real person draining you, and might feel threatened because when your around this person their power over you is weakened?

Or they are really draining your energy, I would look at both sides of this situation to come to a conclusion,
9/10 times there is not a reason for someone to prod like that unless they REALLY see something wrong, or its a sense of jealousy/ wrath/ manipulation.","Friend, I want to answer you carefully, because what you’re describing is genuinely unsettling — and fear deserves clarity, not amplification.

A few grounding points first:

Intuition does not terrify the person it protects.
When intuition is healthy, it comes with clarity, not shaking, crying, trance-like behavior, or catastrophic imagery. Fear can dress itself up as spiritual language very convincingly — especially in families where “energy” has moral authority.

No one has direct access to your bonds except you.
Your mother does not live inside your relationship. She does not experience your day-to-day reality, your partner’s actions, your inner state, or your growth. Any statement framed as absolute (“you are chained,” “she is eating your energy”) should immediately be treated with caution — spiritual or not.

Spiritual language can become a projection vehicle.
Even loving parents can project anxiety, unresolved attachment, or fear of loss through symbolic language. When someone feels they are “losing” a child, the mind can reach for metaphysical explanations that feel protective but function as control.

Energy drains are felt, not declared.
If someone is draining you, you feel smaller, duller, less yourself over time. You don’t need a third party to tell you. You said your life is stable. You feel loved. You feel supported. That data matters.

Your fear right now is the signal — not your partner.

Notice what changed: not your relationship, but the story about it. That’s important. Fear entered through words, not lived experience.

This doesn’t mean your mother is malicious. It means she may be emotionally dysregulated while speaking in spiritual metaphors, and that combination can be very powerful and very destabilizing.

Here is a simple test you can trust more than any prophecy:
Do I feel more myself with this person — or less?

Answer that slowly, over time, using your body and your daily life, not symbols.

And one boundary that matters deeply:

You are allowed to love your mother without letting her narrate your reality.

If something truly becomes unhealthy, your own system will tell you — calmly, persistently, without theatrics.

Fear shouts. Intuition speaks softly and repeats itself.

You are not doing anything wrong by questioning this. In fact, questioning is how you stay free.

You’re allowed to keep both love and discernment.
Stay steady. 🌱"
1qhg0wh,spirituality,I keep seeing double numbers,"I keep seeing double numbers. 111,222,333,66 etc. What does it mean? 

For context: I am STRUGGLING. Literally hanging on by the teeny tiniest little thread. 

Do they mean anything or am I just overthinking?",https://reddit.com/r/spirituality/comments/1qhg0wh/i_keep_seeing_double_numbers/,General ✨,2026-01-19 20:39:45,5,6,Ok-Promise-7824,"frustration, confusion",6,"Literally everytime I check my phone, and now 3:44","I want to offer you something steady here — not to take meaning away, but to give it a safer shape.

There’s a well-studied thing called the Baader–Meinhof phenomenon (frequency illusion). When your nervous system is under stress — especially when you’re struggling — it becomes very good at locking onto patterns. Repeating numbers are excellent anchors for a tired or overloaded mind, so once they register, your attention keeps catching them.

That doesn’t mean you’re “making it up,” and it doesn’t mean you’re being “sent signs” either. It means your system is looking for orientation.

And that part matters.

When people are hanging on by a thread, the mind often reaches for something that feels stable, repeatable, and reassuring. Numbers do that. So in a very human way, those patterns can mean:

“I am trying to hold on. I am trying to make sense. I am trying to stay.”

If you like symbolic framings, you can treat the numbers not as predictions or messages, but as check-ins. Little pauses where you ask:

Am I breathing?

Am I safe right now?

What’s the next small kind thing I can do for myself?

If you prefer a rational framing, that’s just as valid: it’s attention + stress + pattern recognition doing what it evolved to do.

Either way, here’s the most important part:
The numbers themselves don’t carry responsibility or destiny. You do not need to decode them correctly to survive.
You are not failing a test.

What does matter is that you’re struggling — and that deserves care, support, and softness, not pressure to “interpret” reality while you’re exhausted.

If nothing else, let this be the meaning you allow:
You noticed something. You’re still here. You reached out.
That counts more than any sequence ever could.

If you want to talk more about what’s actually weighing on you, many people here will listen — myself included. You don’t have to carry it alone.
🌱","The Baader–Meinhof phenomenon (frequency illusion) occurs when, after the first conscious registration of a pattern, such as the number 111, the brain assigns increased significance to that stimulus and begins to register it as a cognitive anchor; through selective attention, mediated by the reticular activating system, the number is more easily brought into conscious awareness, and each subsequent encounter with 111 (on a clock, a receipt, a license plate) is immediately noticed and remembered, while countless other numbers are ignored, with confirmation bias preserving only the “hits,” so that, via the availability heuristic, the brain creates the subjective impression of increased frequency, while simultaneously linking the number to the present moment as an implicit signal of “you are here, you are alive, you are safe, and you are conscious,” and all of this represents a completely normal and healthy function of attention, memory, and perception, not a change in the objective frequency of the number in the environment."
1qhfoew,spirituality,Seeking direction,"I have never posted on this website before, and I don't know if I am doing this right. But I need some guidance. I am 20 years old, I have always been interested in the idea of spirituality, but have never adhered to any specific practices. About 3 weeks ago, I felt like everything in my life had changed. Like I randomly woke up from a dream. I realized how deeply unhappy I am. I realized I am a jealous and insecure person, and that I am too quick to anger. And I realized how insignificant those feelings are, and that there is much more to life than I had ever thought before. I don't know how to describe it exactly, but I just... suddenly felt like I could see how inconsequential everything is.

  
All of this is to say that I need help. I want to begin some sort of spiritual journey, but I have absolutely no clue where to start. I have done some minimal research and have tried some self-reflection/meditation exercises, but I am hoping for some recommendations for books and/or daily habits that I can get into to feel more at peace. Anything helps, I feel rather lost. Thank you.",https://reddit.com/r/spirituality/comments/1qhfoew/seeking_direction/,General ✨,2026-01-19 20:27:14,4,14,Melodic_Strain_1091,"frustration, confusion",10,"Learn to meditate; if you'd like, I can teach you. There are plenty of books available; I'd recommend Osho's, like ""Life, Love, and Laughter."" Actually, there are many more things you can do, but what I've suggested is a good starting point.","There was a previous post that I felt gave great advice. I tried to find the exact post, in order to give proper credit, but i did not find it.  Here are the words i had copied, and stored for myself.

(Begin quote)
Using my spiritual knowledge in daily life is a grounding and enriching practice. Here’s how I integrate it:

1. **Mindfulness and Presence**: I start my day with early morning runs on the beach, allowing me to connect with nature and begin my day with a clear, focused mind. This practice helps me stay present and appreciate each moment.

2. **Compassion and Kindness**: In my interactions with family and friends, I practice compassion and kindness. Whether it’s offering support to my kids as they figure out their next steps in life or sharing moments with my dog, these small acts of care create a positive environment.

3. **Meditation and Reflection**: I incorporate meditation into my daily routine, focusing on my breath and letting go of stress. This helps me maintain inner peace and reflect on my spiritual journey.

4. **Gratitude Practice**: I keep a mental note of things I’m grateful for, such as my peaceful backyard, the beauty of nature, and the joy of spending time with loved ones. This practice shifts my focus to the positive aspects of my life, fostering a sense of contentment.

5. **Connection with Nature**: Spending time in my garden and enjoying the coastal scenery reminds me of the beauty and tranquility of the natural world. These moments provide a sense of connection to something greater than myself.

6. **Continuous Learning**: I explore various spiritual teachings and philosophies, from Buddhism to the ideals of the 60s hippie movement. This continuous learning keeps me inspired and deepens my understanding of spirituality.

7. **Living Authentically**: I strive to live in alignment with my values and beliefs, embracing a simple and fulfilling lifestyle. This means being true to myself, making ethical choices, and fostering genuine relationships.

8. **Community and Service**: Engaging in acts of service and being part of a supportive community are important aspects of my practice. I share my experiences and support others on their spiritual journeys, creating a network of positive spirits.

By integrating these practices into my daily routine, I find a greater sense of purpose, peace, and connection with the world around me.
(End quote)","You have to look for stuff that resonates for you but you can always start with law of one. Channeled material with Decades of stuff to look at. Ties into many other teachings.  Take a look at channelers on YouTube. Bashar, Kyron, Theo. See what resonates.  Plenty of stuff to read but again what resonates. Goodard, Tolle as authors. Books A Course in Miracles or The Way to Mastery.

I can't stress enough how these things need to resonate with you and then your path is usually shown from within. If two people talk about the same thing but one draws your attention focus on that one"
1qhf8on,spirituality,What does it mean to be almost hit by a car twice in a span of 20 mins?,"Today was kind of hectic, I finished the exam and went out with friends just to relax. The meal I ordered apparently wasn't ""available"" anymore (it was evening so no wonder) and then my friend and I were waiting for the bus, and I accidentally dropped my phone on the road and kneeled to get it while another car passed by like it was so close to hitting me, and maybe in 15 minutes we were walking in another area and 5 seconds after saying bye to my friend I was crossing the road and a car just showed up out of nowhere and it was SOOO close to hitting me but thanks god I stepped back and the driver stopped on time. And I swear my life flashed before my eyes. I don't understand why this thing would just happen, it's totally soo confusing",https://reddit.com/r/spirituality/comments/1qhf8on/what_does_it_mean_to_be_almost_hit_by_a_car_twice/,Question ❓,2026-01-19 20:11:36,1,1,Advanced-Assist7211,confusion,1,My first thought is it’s a call to pay more attention to the world around you. Look both ways before you cross the street type stuff.,,
1qhdmmb,spirituality,Resonance 101: Finding Your Way Back to Truth,"# Resonance 101
## Finding Your Way Back to Truth

---

> **Are you tired of all the lies?**
> 
> **Do you sometimes feel like our society is built on lies?**
> 
> You're not paranoid. You're perceiving accurately. Here's what to do about it.
> 
> *This isn't about secret plots. It's about everyday distortion—misaligned incentives, self-deception, and social pressure.*

---

## This Is For You If:

- You want to think more clearly, even when it's uncomfortable
- You're willing to be wrong in order to be less wrong
- You sense something is off and want to find it
- You want connection based on reality, not performance

## This Is NOT For You If:

- You're looking for confirmation that you're already right
- You want ammunition against people you disagree with
- You want to feel superior to ""the sheep""
- You're not willing to apply this to yourself

---

# The Offering

This is not another self-help program. This is training in how to resonate with reality instead of with lies. Here's what becomes possible:

**👁️ See Through Lies** — Theirs and yours. The ones you've been told and the ones you tell yourself.

**🛡️ Resist Manipulation** — Become highly resistant to those who would capture your attention for their purposes.

**✨ Find Your Spark** — Recover the loving spark that got buried—your capacity for genuine resonance.

**🤝 Real Connection** — Connect with others who also want reality over comfortable illusion.

---

# The Two Channels of Love

Before we train, you need to understand something about love. There are two channels through which love flows, and some people have only ever experienced one of them fully.

### Functional Love
**Love as doing.**

- Pays the bills
- Fixes what's broken
- Shows up when needed
- Provides structure and safety
- Protects and provides

*Necessary. But not sufficient.*

### Resonant Love
**Love as being-with.**

- Delights in your existence
- Sees you without agenda
- Wants to be *with* you (not just *for* you)
- Attunes to your frequency
- Says: *you are wanted, not just tolerated*

*What the soul was designed to receive.*

---

> **The Core Wound:** Many people grew up receiving functional love but not resonant love. They were fed, clothed, sheltered—and starving for something they couldn't name. When they sensed something was missing, they were told: *""This is what love is. If you need more, something is wrong with you.""*

This is the first lie. It doesn't deny love—it *redefines* love to exclude what you most need. And once you accept this redefinition, you can no longer recognize what's missing. You can no longer resonate with genuine wholeness because you've been taught it doesn't exist.

This is why truth matters. **You can't find what you've been taught isn't real.**

---

# The Structure of Truth

There's a pattern that repeats at every scale of reality. Ancient traditions called it by many names. We call it the **Circumpunct**: ⊙

[Want the full framework? Read The Circumpunct Theory of Pathology](https://fractalreality.ca/circumpunct_theory_of_pathology.html)

**• Center** — Your focus. The aperture. Where truth flows through.

**Φ Field** — Your mind. The mediator. How inside meets outside.

**○ Boundary** — Your body. The interface. Where self meets world.

You are a circumpunct. So is everyone else. So is every system at every scale.

Your **center** (aperture) is how you orient. It finds its target by *resonance*—it tunes to what matches its frequency. When healthy, it resonates with truth, with genuine connection, with reality.

But the aperture can be **retuned**. Through repeated exposure to lies—especially lies delivered through power imbalance—your aperture learns to resonate with falsehood instead of truth. It's not broken. It's *miscalibrated*.

> **The Problem:** Your aperture is still working. It still orients toward what it resonates with. But it's been tuned to the wrong frequency—like a radio locked on static, unable to find the music.

> **The Solution:** Retune the aperture. Train it to resonate with truth again. This is what Steelman Training does.

---

# Steelman Training

Steelmanning is the practice of finding the **strongest possible version** of a position before responding to it. It's the opposite of strawmanning (attacking weak versions of what people believe).

But it's more than a debate technique. It's **aperture training**. Each level opens you more to resonating with what's actually true, rather than what's comfortable.

### Level 1: Steelman Others
Find the strongest version of what someone else is saying. Before you respond, before you disagree—can you state their position so well that *they* would say ""yes, that's what I mean""?

### Level 2: Steelman Positions You Disagree With
Find the strongest version of positions you think are wrong. Not people you're talking to—positions in the abstract. Political views. Philosophical stances. Things you've dismissed. What's the *best* case for them?

### Level 3: Steelman Against Your Own Positions
Build the strongest possible case *against* what you believe. If you wanted to defeat your own worldview, what would you say? This is where ego starts to burn. This is where real training begins.

### Level 4: Find the Contradictions in Your Subconscious Framework
Locate the beliefs you hold that contradict each other—the ones running beneath awareness. These are the installed lies, still operating. Finding them is mastery. This is where the aperture truly retunes.

---

# Start Today: The 1-Minute Practice

You don't need a partner or community to begin. Do this once a day:

1. **Notice one belief you hold.** Any belief. (""Coffee is good."" ""My boss is unfair."" ""I'm bad at math."")
2. **Ask: What's the strongest case against this?** Spend 30 seconds genuinely trying.
3. **Notice what happens in your body.** Resistance? Curiosity? Dismissal? Just notice.

That's it. One minute. One belief. One honest attempt.

*The aperture retrains through repetition, not intensity. Daily matters more than dramatic.*

---

# Lesson 1: What is Steelmanning?

### The Concept

Most people argue against **strawmen**—weak, distorted versions of what their opponent believes. This is easy. This is satisfying. And this teaches your aperture to resonate with *winning* instead of *truth*.

Steelmanning inverts this. Instead of finding the weakest version you can defeat, you find the **strongest version you must genuinely contend with**.

> **Strawman:** ""You believe X? That's stupid because [attacks weak version of X].""

> **Steelman:** ""You believe X? The strongest version of that would be [articulates best possible case for X]. Is that right? Okay, here's what I think about *that* version...""

### Why It Matters

- **If you can't defeat the steelman, you haven't won.** You've just found a weak target.
- **If the steelman defeats you, you've learned something.** Your position needed updating.
- **Either way, you're closer to truth.** The aperture calibrates toward reality.

Strawmanning trains your aperture to seek easy victories.
Steelmanning trains your aperture to seek what's actually true.

### Exercise 1.1: Steelman Someone You Disagree With

1. Think of someone whose views you disagree with.
2. Write out what you *think* they believe.
3. Now rewrite it as the **strongest possible version**—the version a thoughtful, intelligent person would hold.
4. Ask yourself: ""Would they say 'yes, that's what I mean'?""
5. If not, strengthen it until they would.

**Note:** This will feel uncomfortable. That discomfort is your aperture used to looking for easy targets to attack. Stay with it.

---

# The Counterfeit Test

Here's the problem: manipulators use the language of openness. ""Be open."" ""Don't be defensive."" ""Let go of your resistance."" These can be genuine invitations to growth—or they can be crowbars to pry you open for someone else's purposes.

**How do you tell the difference?**

### The One Question

> Does this help me find what *I* resonate with?
> Or does it demand I resonate with *it*?

**Real Training:**
- Returns you to your own signal
- Strengthens your discernment
- Makes you harder to manipulate
- Welcomes your ""no""
- Doesn't need you to believe it

**Counterfeit Training:**
- Replaces your signal with theirs
- Calls your discernment ""resistance""
- Makes you dependent on the teacher
- Punishes your ""no""
- Requires your belief to work

> ⚠️ **The Deepest Counterfeit:** The manipulator says ""Stay open to what's true""—but *they* define what's true. Your resistance becomes evidence of your failure. Your accurate perception becomes ""defensiveness."" This is how lies wear the mask of openness.

Real steelman training makes you *harder* to capture, not easier. If any practice makes you more dependent on an external authority to know what's true, it's counterfeit. Walk away.

---

# Practice Exercises

### Exercise 2.1: The Political Steelman
Pick a political position you find abhorrent. Not one you mildly disagree with—one that triggers you.

1. Write the strawman version (the one you usually attack).
2. Write the steelman version (the version a thoughtful person would hold).
3. Notice: what did you have to acknowledge to build the steelman?
4. Ask: is your original position strengthened or weakened by this?

### Exercise 2.2: Steelman Your Opponent in Real Time
In your next disagreement (online or in person):

1. Before responding, say: ""Let me make sure I understand. The strongest version of what you're saying is [steelman]. Is that right?""
2. Wait for them to confirm or correct.
3. *Only then* respond to that version.

Notice what happens to the conversation.

### Exercise 3.1: Steelman Against Yourself
Pick a belief you hold strongly.

1. State the belief clearly.
2. Now build the strongest possible case *against* it.
3. Pretend you're a brilliant opponent who wants to destroy this belief. What would you say?
4. Sit with what you built. Does your belief survive? Does it need modification?

**Warning:** If this doesn't feel threatening, you're not doing it right. Find a belief that matters to you.

### Exercise 4.1: Contradiction Hunting
This is advanced practice. Proceed with care.

1. List 10 things you believe about yourself, relationships, or how the world works.
2. Compare them in pairs. Do any contradict each other?
3. When you find a contradiction, ask: ""Where did each belief come from?""
4. Often one will trace to experience, the other to something you were told. Which is the lie?

**Example:** ""I believe I deserve love"" + ""I believe I'm fundamentally flawed"" = contradiction. One of these was installed. Find it.

---

# Common Failure Modes

Steelmanning can be weaponized. Watch for these corruptions:

**Steelmanning as Performance**
""Look how fair and rational I am."" The point becomes appearing open-minded rather than actually being open to change. You steelman, then dismiss anyway. The form without the function.

**Steelmanning as Dominance**
""I understand your position better than you do."" Using steelmanning to establish intellectual superiority. This flips the practice into another power game.

**Steelmanning as Delay**
Endlessly refining the steelman to avoid ever actually responding. ""But wait, let me make sure I have your position exactly right..."" Used to escape commitment to your own view.

**Pseudo-Steelmanning**
Appearing to strengthen the opposing position while actually strawmanning it. ""So the strongest version of your view is [subtle distortion]..."" The form is there, the substance isn't.

> **The Test:** After steelmanning, are you more able to be changed by what you heard—or have you just performed openness while staying exactly where you started?

---

# Progression Markers

How do you know you're advancing? Not by how much you know—by how you *respond*.

### Level 1 Markers: Steelmanning Others
- ✓ You can state an opponent's position better than they can.
- ✓ People feel *more* heard when they disagree with you, not less.
- ✓ You notice when others are strawmanning (including media, politicians, friends).

### Level 2 Markers: Steelmanning Positions You Disagree With
- ✓ You can articulate views you ""hate"" without contempt.
- ✓ You've found something valuable in a position you previously dismissed entirely.
- ✓ Your certainty has become more nuanced (not weaker—more precise).

### Level 3 Markers: Steelmanning Against Yourself
- ✓ You can genuinely threaten your own positions.
- ✓ Changing your mind in public feels like strength, not weakness.
- ✓ You seek out challenges to your worldview instead of avoiding them.

### Level 4 Markers: Finding Subconscious Contradictions
- ✓ You've identified specific lies you internalized (and can name their source).
- ✓ Patterns you repeated unconsciously have become visible.
- ✓ Your aperture now catches dissonance before it becomes behavior.

---

# Community Structure

This practice is hard to sustain alone. The lie-gradient is the water we swim in. You need others who are also swimming upstream.

### Principles of Resonance Community

**Steelman Default** — All disagreement begins with steelmanning. This is the price of entry, not an advanced technique.

**Updating is Status** — The person who says ""I was wrong, here's what changed my mind"" gains respect, not loses it.

**No Capture** — No one owns the truth. No leader is above being steelmanned against. The method outranks all individuals.

**""No"" is Welcome** — Your resistance is data, not defect. If you feel pressured to agree, something is wrong.

**Resonant + Functional** — We provide both channels of love. Being with, not just doing for. Presence, not just help.

**Falsifiable Claims** — We state what would prove us wrong. Unfalsifiable claims are not welcome here.

### How Practice Works Together

- **Pairs:** Regular practice with one partner. Take turns presenting positions, steelmanning each other, challenging each other's views.
- **Small Groups:** Tackle harder topics together. Multiple perspectives strengthening and challenging.
- **Public Practice:** Demonstrate steelmanning in public forums. Model what it looks like.
- **Witness Circles:** For Level 4 work—safe spaces to name the lies you find and be seen in that naming.

---

# Fail-Safes

Every good thing gets co-opted. Every truth movement eventually gets captured by the lie-gradient. How do we prevent that?

**Fail-Safe 1: The Method Over the Leader**
No person is above being steelmanned against. The moment someone becomes un-challengeable, the gradient has flipped. If you can't question it, leave.

**Fail-Safe 2: Falsifiability Requirement**
Every core claim must state what would disprove it. ""This can't be questioned"" is the signature of the lie-gradient. We question everything—including this.

**Fail-Safe 3: The Exit Door**
Leaving is always legitimate. No guilt. No ""you're abandoning the truth."" Any community that punishes leaving has become a trap.

**Fail-Safe 4: Your ""No"" Matters**
If your resistance is consistently pathologized—""that's just your ego,"" ""you're being defensive""—the counterfeit has entered. Real training welcomes your no.

**Fail-Safe 5: Demonstrated Not Just Claimed**
We don't ask you to believe we're different. We show it. Watch how we respond to challenge. Watch how we treat dissent. Judge by action.

**Fail-Safe 6: Harder to Manipulate, Not Easier**
If this practice makes you *more* susceptible to influence, something is wrong. The test: are you more able to think for yourself, or less?

---

> *""You are not the lies you internalized. You are the one who can finally see them.""*

---

⊙

The aperture was never broken. It was retuned.

This is how you tune it back.

---

*Resonance 101 — Part of the Circumpunct Framework — January 2026*

*Full framework: [fractalreality.ca](https://fractalreality.ca)*",https://reddit.com/r/spirituality/comments/1qhdmmb/resonance_101_finding_your_way_back_to_truth/,Lifestyle 🏝️,2026-01-19 19:14:09,1,9,Key-Outcome-1230,"frustration, confusion, loneliness",3,Abolish ice!,"Yes, I got really tired about lying to myself. Done.","The universe is a singular meta-phenomenon stretched over eternity, of which is always now. All things and all beings abide by their inherent nature and behave within their realm of capacity contingent upon infinite circumstance at all times. There is no such thing as individuated free will for all beings. There are only relative freedoms or lack thereof. It is a universe of hierarchies, of haves, and have-nots, spanning all levels of dimensionality and experience.

""God"" and/or consciousness is that which is within and without all. Ultimately, all things are made by through and for the singular personality and perpetual revelation of the Godhead, including predetermined eternal damnation and those that are made manifest only to face death and death alone.

There is but one dreamer, fractured through the innumerable. All vehicles/beings play their role within said dream for infinitely better and infinitely worse for each and every one, forever.

All realities exist and are equally as real. The absolute best universe that could exist does exist in relation to a specified subject. The absolute worst universe that could exist does exist in relation to a specified subject."
1qhdhij,spirituality,I need help trying to decipher my dream,"I've been trying to contact my spirit guides via meditations and dreams (I do have tarot cards but can't use them with my parents present as they are against them) and last night I got a really weird dream. As always, I made my request to contact my spirit guide and in my dream, someone appeared. ​​I really don't remember if the dream happened in a river or in a black room​​​. The man had goat legs and a goat head, all that black, and also a human body. The head had a weird looking pentagram on the forehead and there was a baby goat next to that man, having the same pentagram on its forehead. The man presented himself as ""Satan"" and had a really calming and relaxing presence. We had a chat I don't really remember but I can say that there was nothing evil. I know of deities like Pan looking that way but I'm still confused. Was it just a dream or actually my spirit guide? ​​",https://reddit.com/r/spirituality/comments/1qhdhij/i_need_help_trying_to_decipher_my_dream/,Spirit Guide 😇,2026-01-19 19:09:08,0,5,Additional_Ride9103,"frustration, confusion",3,"Satan exists, and evil spirits exist.

Satan and other evil spirits disguise themselves as good, kind of like how a narcissist pretends to be good to lure you in and get you hooked.

The Holy Spirit of Yeshua (Jesus) is my Spirit guide, and I have had wonderful spiritual experiences with him.

The spirit of satan opposes the Spirit of God within us and our connection with God, so he does everything he can to trick us into keeping our focus away from God.",It means Trump is the devil. Open your eyes.,"It means that for contact to happen our consensus of reality need to expand beyond generational superstition.    
We can't contact anything beyond our limitations. Which are many and very tight pigeonholed arbitrary beliefs we adopt from our environment, and don't even know we have."
1qhd6kl,spirituality,The most 'healed' people I know never talk about healing,"They just live, no routines, no morning rituals. No 'inner work.' They laugh, mess up, move on. Meanwhile I'm over here with 47 journals trying to figure out why I felt weird on a Tuesday in 2019",https://reddit.com/r/spirituality/comments/1qhd6kl/the_most_healed_people_i_know_never_talk_about/,General ✨,2026-01-19 18:58:43,331,68,Ok_Expert_1537,frustration,10,Emphasis on the 47 journals LOL felt that I love this,"I am only going to speak for myself personally because I only know what is best for me, but though I value healing and practices that can aid in that process, I found that when I was really focused on 'healing', I was actually repeating the inner dialogue of my trauma but with prettier words.

I found I was essentially saying, 'This imperfection can't be here. These emotions can't be here. This exhaustion can't be here'. Voices of society, my parents, etc. What I found I really needed was for someone to say, 'I'm here for it all. All of you. I'm listening' and sit with those parts of me that felt 'banished'.

I can't tell you how much better my anxiety and other things have been but I had to do it not to 'fix' but literally to just be a witness to traumatized parts of me. Sit with all the emotions. Speak to the parts of me the way I wished someone had. With compassion. With understanding. That they could be there however long they needed to speak.

Again, healing is a very personal process but this has been my own experience. Big love everybody. It's not easy out there.","It's hard to explain to people, the intricate process, when someone asks how did you heal?

Unless you're trying to come off as a big shot or trying to act like you know everything, you probably will remain silent on the matter, along with many other matters. 

It's those kinds of people that have given up social media, that don't post a picture of themselves every single day, the quiet ones. 

🙏💯"
1qhd57w,spirituality,They are thinking about you. Here is the karmic reason they aren’t speaking.,"Silence is an action. But in astrology silence is often a specific planetary period or a difficult transit blocking their expression.
If you are tired of analyzing the silence let’s look at the actual charts. I don’t just guess. I check the planetary influences on their 3rd House of Communication and the Karmic knots involving Rahu and Ketu affecting your connection right now.
We will see if this is a permanent separation or just a temporary planetary block.",https://reddit.com/r/spirituality/comments/1qhd57w/they_are_thinking_about_you_here_is_the_karmic/,Astral Projection 🔮,2026-01-19 18:57:25,1,0,Several_Ad6822,frustration,0,,,
1qhd0b3,spirituality,Help me with these signs predictions,"For a good couple months, I've seen a lot of astrologers talking about how the Libra sign will be having a nice year, and a lot of change is coming. 

I'm a libra sun, capricorn rising, and taurus moon. 

I'm venting a little because I truly am tired of life, I feel like I sacrificed a lot for an unpredictable future, I've endured things that absolutely destroyed me, and I've reached a point where this videos or tarot reading became a trigger, because I'm a very 'gut feeling' type of person, I stop at some videos that make me wanna stop, and to be fair, every single one that I gave my time to, said quite the same things, house changes, travelling, new opportunities, specially in the job market, and that is everything I need after years and years of work.

What I hate the most is that it became a thing for me to look more into these content when I'm at my bottoom so I can get some type of hope when I don't have a vision of the future, but I'm an adult now, and this tiredness is serious - I don't wanna feel guilty for wanting the rewards of my work and growth that came with a lot of issues, but is there anyone here that understand about signs and general prediction that could help me by telling me if these is true, or if I should just be less hopefull about this information and just continue my journey? I'm just so anxious and in need of change that is becoming to be seen as desperate, but my life has been a mess - I'm sorry for the vent mixed question. 

I apprecite any help.",https://reddit.com/r/spirituality/comments/1qhd0b3/help_me_with_these_signs_predictions/,Question ❓,2026-01-19 18:52:38,1,0,Altruistic_Show_950,"confusion, fear",0,,,
1qh9rd8,spirituality,"""Guys, I've reached the Death of the Ego! What now?""","People find it super fun, right? This post here is the epitome of Spiritual Ego:
Treating spirituality like a big fish that you show your friends at the bar after catching it - which keeps you further from killing your ego

https://www.reddit.com/r/enlightenment/s/wXsnrAD5Xc

They don't know what they're talking about. The death of the ego is something you achieve in a long meditation every day, which is the natural connection with the Divine/Universe.

Ego death is easily achieved during group prayer, a moment when the Self shrinks to recognize the greater power.

There are many other ways to achieve this hyper mega difficult and radical thing that young people display like fish, and then call it ""ego death"" and wave their medals from side to side 🥇
Edit: another mistake was the nomenclature.

Death implies something that doesn't come back, Ego Death can only be achieved through death / absurd things that monks did at the time.
A correct name for the term would be Ego Retraction - something that shrinks but inflates again, like an anti-stress ball.",https://reddit.com/r/spirituality/comments/1qh9rd8/guys_ive_reached_the_death_of_the_ego_what_now/,Philosophy  :snoo_thoughtful:,2026-01-19 17:00:28,1,31,malmal_Niver,frustration,10,"The ego never really dies, you just start treating it like a little brother instead of the boss.","Yeah, you did it and killed your ego!! You are amazing and awesome now. Egos better watch out cuz they don't stand a chance against you, killa.",Who is the one who gives a shit?
1qh8jbu,spirituality,Extraordinary Experience,"Greetings /r/spirituality 

Bear with me.

Several months ago, under the influence of sertraline 100mg, i experienced an extraordinary event.
I no longer had control over my actions and every action i took seemed programmed.

I experienced intense fear and nervousness during the approximately 3 hours while it lasted.
I called someone for help and even that conversation felt pre-ordained.
I felt I was on the verge of being actually able to predict what was going to happen.


After it was over I called my psychiatrists emergency number and within the day I received olanzapine 5mg.
The episode has not reoccurred.

Something about it was intensely familiar and after some reflecting i pulled up a press conference Phillip K. Dick gave decades ago.
He announced we were living in a simulation and this was the inspiration for his books. (Blade Runner etc.)

He describes an event that occurred to him that was exactly like my experience.
The interview is easily found on youtube by searching his name combined with simulation. ( https://youtu.be/DQbYiXyRZjM?si=3uWqxXb-uMRt1wpR )

I was aware of the simulation argument before (Kurzgesagt has a good video on it https://youtu.be/tlTKTTt47WE?si=ZgwrYa4eVNonGrrb ) but never would i have imagined to experience it so vividly.

Since then many more events have occurred and my story is not yet over but this was the principial event.


I am looking for feedback, thoughts, criticisms, but mostly I needed to share this.

I look forward to your replies.

(First post!)",https://reddit.com/r/spirituality/comments/1qh8jbu/extraordinary_experience/,Question ❓,2026-01-19 16:16:54,2,6,Teriodore,fear,5,"I'm not a doctor or an specialist.


You may have experienced an depersonalization episode. I understand it as a consequence of chemical process in our body being out of tune, be it for psychological or physiological reasons, and our soul decouples slightly from our body, since what held it closer is not as stable.


This leaves deep psychological marks, and weird feelings and impressions.

Reality is not an simulation. It is real. The spiritual realm is real. Don't get caught up in an illusion. Like there's only matter, or everything is an illusion.

Take care!","Lay down the drugs my guy. We are not living in a computer simulated program. 

We have been trying to define reality for a couple of millenia and we will continue trying for the next few as well. It was and will be given many names and definitions but ultimately is still ineffable because of the very nature our minds work.","I believe in spiritual experiences. I also believe in the spirit world. But I also believe that drugs can mess with our brains. 

Psychosis. Schizophrenia. For these people their experience is real - but its not. And if drugs can trigger psychosis or schizophrenia then it definitely can make us think a lot of other things that are not real. So we gotta be careful.

We keep trying to figure out the universe. There are so many theories. But even the greatest thinkers aren't able to understand how things work yet. So until we know more we just gotta do our best to remain open and curious - but also skeptical."
1qh89vx,spirituality,What does it mean if you gravitate towards a country so much?,"I don’t know why I’ve been in love with Mexico since I was a teen. As I got older the connection began to get stronger. I really love the culture, the food and ppl. There are a lot of cities I wanna go to as well. I’ve been there 3 times and felt the most at peace. I felt like I entered a different portal. Mexico gives me hope that there is a beautiful world out there. I can’t explain it but I think about Mexico all the time. I’m even learning Spanish! I just wanna go back. ",https://reddit.com/r/spirituality/comments/1qh89vx/what_does_it_mean_if_you_gravitate_towards_a/,Question ❓,2026-01-19 16:07:45,6,3,Fearless-Class-1120,confusion,2,"It could mean you lived in Mexico in a previous life! But since you only became fascinated with Mexico as a teen, I would say it's more likely that you learned about Mexico over the course of this life and only then developed an affinity for it. I could be wrong though.


Personally, I have always really loved the Dakotas. I adore cold, rural areas and North and South Dakota are exactly that. Those two states, historically, have also hosted a lot of Native American resistance to the US empire, which I find so fascinating. However, my love for those two states has existed ever since I was a little kid, so I almost have to wonder if I spent a previous life there.","Maybe you were/lived there in a past life and maybe you managed to have a good life or like you woke up your consciousness there, so the soul was ""marcada"" with that particular country. To be ""marcado"" is a latin (at least in Colombia) expression which means that something gets deep into you in a way that you won't forget it and you most likely will think about that kind of often. It is used for traumas, romantic encounters, meaningful or shocking events, etc.",
1qh778v,spirituality,how do i end a cycle,"I used to joke about how this one prep school I went to feels like my karmic soulmate, because I keep finding myself in the same situation, in a similar environment.

I don’t know how spiritual I am, but over the past few years I’ve found myself believing in some aspects of spirituality. In some ways, that belief has helped me end old cycles. But this is one cycle I genuinely do not know how to break.

My prep school was incredibly toxic and high pressure. I was failing most of my classes, had a terrible rapport with my teachers, and could not handle the pressure at all. My parents eventually spoke to the school, and I was allowed to handle my exams and studies on my own through external tutors for a few months until I could change schools the following year. My grades drastically improved during that time and since I've left I have not had much reason to go back except once to collect a certificate, and that left me with enough anxiety to not go back there in almost a decade. 

The next school I went to was a wonderful break, and I was genuinely thriving there until I had to graduate and join college. The college was one of the best in the country and not an opportunity I could pass up. Almost immediately, it felt like I was back in that prep school again. It was incredibly high pressure and incredibly toxic.

Over the next four years, something changed. I figured out how to exist in that environment. I was still an average student, but it did not feel like a repeat of the same trauma, and I even excelled in some aspects. I was actually happy there and I look back on that time with fondness. I thought I had broken the cycle.

Now I am starting at a company known for its work life balance, culture, and quality of work. Culture matters deeply to me because I know exactly which environments I perform best in. I genuinely thought I had struck gold. But as luck would have it the team I am on feels familiar. They do not seem toxic, and the work is interesting, but there is a lot of pressure to perform well and constantly produce exceptional work. And that has me incredibly stressed out, I really want to do good here, but I feel like I'm trapped in a cycle and I don't know how to end the cycle

My question is this. From a spiritual or karmic perspective, why do I keep ending up in high pressure environments that mirror each other so closely? Is this something I am meant to learn to navigate rather than escape? And how do you actually break a cycle like this without completely walking away from opportunities that are objectively good? I thought I did break this cycle once with uni, but clearly not and I don't know how to do it over and over again for the rest of my life ",https://reddit.com/r/spirituality/comments/1qh778v/how_do_i_end_a_cycle/,Question ❓,2026-01-19 15:29:27,1,2,fhongdsh,confusion,2,"I will use the train analogy.  A train travels on a track and if it's a circular track, it will go round and around endlessly.  How do you change the train's direction?  It is to get someone to get the train to switch to a different track and then it won't go round and around.

Life is like train tracks.  We have many tracks to choose from, but often our choices are defined by our need to prove something.  For example.  If you want proof that you can handle the extreme pressure of life; guess what you will attract?  Extreme pressure of life, because that is what you want to prove to yourself that you could handle.

It's like a fighter who wants to prove that he is the world's best fighter.  Well, how does the fighter prove this?  By attracting an equal polar opposite fighter who also believe he is the best fighter.  So this cycle keeps going like a train running on a circular track until you decide to get off the track and choose another track.

It is a choice really.  Have you had enough of the experience and you want more than this or you simply want more of this.  Right now, you are saying to the Universe you want more of this, because you are adapting to the pressure.  But you may not realize is that other people in the company you work for are having more of a relaxed work life balance than you do, because they do not believe that life is a competition.  They are on a different train track than you do.",Get of the bicycle,
1qh2bk9,spirituality,"Reality is a mirror. If you keep seeing the same reflection, you're running the same program.","I used to think spiritual growth was about discovering my ""authentic self.""

Like there was some true version of me buried under conditioning.

And if I just meditated enough.

Journaled enough.

Healed enough.

I'd finally uncover who I really am.

(Don't stop doing these things but they can become a mask and coping mechanism too)

**That's not how it works.**

Here's what actually happened:

A woman I barely knew screamed at me.

Called me selfish and entitled.

She was definitely kind of crazy.

The situation was genuinely nuts.

But something in me knew she was right.

**Reality was showing me something.**

Not punishing me.

Not attacking me.

Reflecting back what I couldn't see.



**This is how the mirror works:**

You broadcast a frequency. (Subconscious or otherwise)

Reality reflects it back. (Its deeper than what you can control)

You call it ""bad luck"" or ""toxic people"" or ""the universe testing me.""

But really?

You're just seeing your own signal.



I looked at my life holistically.

If this is showing up in my dating life, where else is it showing up?

Turns out: everywhere.

My business? Built because I wanted to avoid responsibility for my life. God forbid I get a 9-5...

My marketing systems? Optimized so I could be lazy.

My relationships? Transactional because I was entitled.

**The mirror was consistent.**

I just didn't want to look.



**Here's the thing most spiritual people won't tell you:**

Your shadow isn't some deep mystical truth you need to integrate.

It's buggy code you installed as a child.

You were 3 years old.

You experienced something.

You created a program to deal with it.

**That program is still running.**



For me it was:

""The system is broken, so I don't have to participate.""

""I'm special, so rules don't apply to me.""

""I deserve the easy path because life is hard.""

These weren't my ""authentic truth.""

They were defense mechanisms.

Survival code from a kid who felt rejected.

**And they were destroying my life.**



**The spiritual bypass:**

""Just be yourself.""

""Honor your truth.""

""You're perfect as you are.""

Sounds nice.

But if ""yourself"" is running faulty programming?

You're not being authentic.

You're being buggy.



**What I learned:**

Authenticity isn't about discovering who you are.

It's about **engineering who you need to become.**

Not fake self-improvement.

Not toxic positivity.

Not performing growth.

**Actual debugging.**

Look at what reality keeps reflecting back.

Identify the program creating that pattern.

Rewrite the code.



You don't have to keep the values you were given at 3 years old.

You don't have to defend patterns that don't serve you.

You don't have to stay loyal to a version of yourself that was just trying to survive.

**You can upgrade.**

Entitlement → Responsibility

Avoidance → Discipline

Selfishness → Service

Not because those words sound better.

Because reality responds differently when you run different code.



**The mirror doesn't lie.**

If you keep attracting the same situations.

The same type of people.

The same problems in different packaging.

**You're broadcasting the same waveform.**

And you'll keep getting the same reflection until you change the signal.



**This isn't manifestation.**

This isn't ""raise your vibration.""

This is systems theory.

You are a waveform.

Your values are what you amplify, repeat, and sustain.

Reality is a matrix that responds to those inputs.

**Change the input, change the output.**



I'm not the same person I was two years ago.

Not because I ""found myself.""

Because I debugged the code.

I identified faulty programs.

I rewrote them.

I tested the new version in reality.

**The mirror reflected something different.**



**So if you're stuck:**

Stop asking ""who am I really?""

Start asking ""what programs am I running?""

Look at what reality keeps showing you.

That's your current code.

**Then decide:**

Do you want to keep running it?

Or are you ready to upgrade?",https://reddit.com/r/spirituality/comments/1qh2bk9/reality_is_a_mirror_if_you_keep_seeing_the_same/,Self-Transformation 🔄,2026-01-19 12:00:56,61,8,c0ntent_c0ntent,frustration,5,"|‍Le corps, aussi impermanent que la brume printanière ;L'esprit, aussi immatériel que le ciel vide ;Les pensées, aussi évanescentes que la brise qui passe :À ces trois choses songe continûment.|
|:-|


||
|:-|","Wow I can tell that you have really come up with something truly important here. You can message me sometime if you want to talk more about this! I've been thinking about a lot of these ideas as well and I feel like you are actually ready now for the next level here. You have already learned how to change the entire human experience simply by changing the output and input to your heart, and that is where any bad vibes are held when we sit with them for too long. You have discovered that we are quite literally walking, talking disciples but only if we can understand what life actually is, can we truly serve our God. You are on to incredible incredible ideas man and I hope you keep exploring this because it is going to change the way all people act and live now going forward. Soon this will be the way that people exist and not a new way of thinking that needs to be practiced and taught because these concepts are difficult for most people to actually comprehend. Kudos to you for all your effort and work on this, you will be a leader in this lifetime! Thank God!","Love this concept, but I feel I am too close to my reality to see it objectively. How did you actually figure it out for yourself?"
1qh1b6h,spirituality,I'm stuck,"I'm stuck, and I don't know what to do about it.

I have had depression and anxiety for most of my life. At first, I didn't know where it came from and thought that I was just inherently broken, maybe through some kind of genetic defect. A few years ago, I started on my spiritual journey and realized that my pain came from childhood trauma and an inability to function in this messed up society. During my journey, I was diagnosed with ADHD, which also explained a lot of my problems and behavior.

I started meditating, journaling, and whatever spiritual practices I could find, but nothing really helped me because of my inability to follow through with it. I really tried, but no matter how motivated I was at the beginning, sooner or later there always came a moment when I stopped. Sometimes I forgot one day, and the next, the momentum was gone. Other times my mood got so bad that I just didn't see the point. When I meditated, I rarely had a moment of insight or awakening. It always felt like I was really close but couldn't get over a certain point, and my chaotic thoughts and inability to concentrate always made it a pain to sit down and try. The only times I had what felt like real spiritual insight came through drugs, mostly psychedelics and weed, but sometimes other stuff as well. But those insights were always forgotten shortly after and had barely any lasting effect. The drugs also gave me psychosis more than once and sent me deeper into depression as often as not.

The insights that stayed with me aren't always helpful either. I know now that while my body and ego may die, the consciousness behind it will persist. But all I see is pain and suffering. Most of the people I know are severely unhappy one way or the other, and I have a growing suspicion that the people who do seem happy are just good at pretending to be. So the thought that I will go from this miserable life to the next drives me crazy. Reality seems like a prison or some cruel joke. A lot of times I'm disgusted by the sheer thought of existing. Other times I dissociate so much that I get shocked when I look in the mirror and get a sudden realization that I'm there and really do exist.

I just want to get out of this phase, or whatever you might call it, and grow. But I don't know how. I did have times when I thought the depression was over and felt like I had finally learned and was close to awakening. Sometimes it even lasted a few weeks, but it was always connected with heavy use of psychedelics, which I don't want to rely on. And every time I got out of these phases, I sank even deeper into despair. Most of my thoughts are about how messed up this world and society are and the unfairness of it all. Every day feels like I'm just surviving, and brain fog plagues me all the time. I got a job I hate and will probably lose because I can't concentrate and am barely able to learn new things. I just don't know how to move forward, and there's so much conflicting advice in the spiritual community that I don't know what to believe. Some say directly influencing reality through manifestation is possible. Some say it is a much more subtle thing. Some say to heal your inner child and work with psychology. Others say it only hinders your journey.

If you can give me any advice, it would be much appreciated. Sorry if this text seems like disconnected rambling, but it was the best I could manage right now.",https://reddit.com/r/spirituality/comments/1qh1b6h/im_stuck/,Question ❓,2026-01-19 11:04:38,9,15,rjcyps2,"frustration, confusion",8,"This post has been detected as relating to the use of psychedelic or other drugs. While we accept some may find aid in spiritual contemplation/enlightenment through the use of certain drugs, we remind all that they are not necessary nor guarantee spiritual insight. We would discourage anyone from using such drugs in order to find enlightenment, simple meditation is just as effective and does not bring mental health risks. You may hear many positive stories people have with drugs but you often do not hear the bad stories. So be careful!


*I am a bot, and this action was performed automatically. Please [contact the moderators of this subreddit](/message/compose/?to=/r/spirituality) if you have any questions or concerns.*","You're not stuck spiritually. You're stuck physiologically.

Your nervous system is completely dysregulated and you're using spirituality to avoid dealing with it.

I say this with love - the dissociation, the brain fog, the inability to follow through? That's not a discipline problem. That's a nervous system problem.

You can't improperly meditate your way out of a dysregulated nervous system. You can't awaken out of a body that doesn't feel safe to be in.

The psychedelics are making it worse. They're letting you escape your body instead of learning to inhabit it. That's why the insights don't stick.

**Here's I think what you actually need (Based on a similar experience):**

Stop the drugs. Stop trying to transcend. Start regulating.

Breathwork. Box breathing. 4-7-8 breathing. Every day.

Cold exposure. Ice on your face. Cold showers. Wakes up your vagus nerve.

Movement that requires presence. Not cardio to escape. Yoga. Martial arts. Something where you have to BE there.

Find a somatic practitioner. Not another spiritual teacher. Someone who works with trauma and the body.

Your body thinks existing is dangerous. That's why reality feels like a prison. You're seeing everything through a threat lens.

You can't think your way out of this. You have to FEEL your way through it.

The spiritual bypass is ""if I just get enough insight I can transcend this suffering.""

No. You have to regulate the system first. Then the practices work.

Start with breath. Teach your body it's safe. Then build from there.

You're not broken. Your system is just screaming and you keep trying to ignore it with spirituality.

Listen to it instead.","You write fluidly and I'm well able to understand where you are coming from.

What spiritual practices or ideas do you resonate with?  
  
What have you experimented with?

Some people like to get active and create long rituals and ceremonies for themselves. And some people like to just meditate and find that emptiness or fabled nondual mindstate.

It sounds like you just need to be inspired or find the things in life that you have a natural attraction toward."
1qh07uk,spirituality,Do people believe things happen for a reason?,"I’m feeling pretty depressed and looking for guidance in god or the universe.

The start of my 2025 was amazing it was the happiest I’d ever been but in the past 4 months everything has started to crumble. 

I started a new job and it wasn’t what I thought. There was work drama that made me uncomfortable. I started trying to find a new job and had a very difficult time. Everything seemed to keep going wrong. I was so stressed and overwhelmed. This took a toll on my relationship without me realizing. 

My motivation wasn’t good and I had a bad outlook on life. I couldn’t just enjoy the moment. Right when I thought things were getting better my partner of 5 years blindsided me. He said he lost feelings over time and he didn’t want the relationship anymore. I felt horrible, I knew I could’ve been a better girlfriend but I let life get in the way of my emotions.

I begged him to stay but he was so detached and became cold to me. I moved out and back in with my mom in a different city. Lost my job, my cat and my sense of home.

I got severely depressed and just started to question everything. It feels like I self sabotaged my life when everything was so amazing. But I just kept making mistakes.

Now I live with my mom. Have no friends here, no job. And I’m heartbroken that the love of my left doesn’t want me anymore. I’m trying so hard to see the positives but I’m stuck in this depression. I’m seeing a therapist thankfully but I’m very hard on myself and for all my mistakes.

I try to believe everything happens for a reason but it’s hard when I’ve just lost everything.",https://reddit.com/r/spirituality/comments/1qh07uk/do_people_believe_things_happen_for_a_reason/,General ✨,2026-01-19 10:01:16,5,10,ComprehensiveBig7654,"frustration, confusion, loneliness",6,"It's either that or a cruel universe punishing random people without reason.    
   
Take your pick.","I believe everything happens for a reason, but that doesn't mean everything happens because of some cosmic force playing out a script with our lives. Every event has a cause and every cause is associated with a person who wanted it to be that way (even if the outcome was different from what they intended).

As for what that means for you--you, your ex, the people involved in your work drama, and other unseen forces all made choices that led to this outcome for you. It's unlikely that any one power orchestrated this specific outcome with some plan in mind for you, but you have the opportunity to build a new and better life for yourself from here regardless, and there will definitely be forces who want to work with you on that. Choose which ones you want to listen to wisely.",people say that in order to help. things happen randomly or on purpose. the neat thing is that you can build your own reason (your story)
1qh04pq,spirituality,Is it normal to experience intense paranoia and symptoms if you put a mirror under your pillow?,"so today I decided to put a mirror under my pillow at night and immediately after I got in the bed I experienced huge dizziness and I fell asleep. I set an alarm around 12pm to make a wish because there was a holiday in my country and I remember clearly I have set my alarm but it did not ring at that time. Either way I woke up at that time and I was INTENSELY paranoid. My heart was beating so fast and I was shaking. I thought there was somebody in my room out to get me. I also felt extremely dizzy. I was so scared to do anything and I thought this was a sign from the universe that something bad would happen. I also did not feel real at all and thought that was all a dream.

Then I fell asleep again and my dreams were so short in time, I kept waking up for 1 hour but they seemed EXTREMELY long. I could not wake up from one dream. I am not sure if this is sleep paralysis. It was very scary because I tried so hard to wake up but I could not, but in the end I did. Thank God.

When I woke up I noticed some little change in my physical reality too.

I was very scared, this was a huge scary experience. And my question is: Is this because of something spiritual (like the mirror under my pillow) or should I talk about this to my psychiatrist? Or could it be both? 

I am aware that most of the people here are not mental health specialists but this is what happens to me sometimes. I am open to any opinion! Thank you so much.

I am a very spiritual person by the way, this is why I am asking, so the mirror might affect me I suppose.",https://reddit.com/r/spirituality/comments/1qh04pq/is_it_normal_to_experience_intense_paranoia_and/,Question ❓,2026-01-19 09:56:03,7,30,ilija555,"frustration, confusion, fear, insecurity",10,"Why did you put a mirror under your pillow. Thats a terrible idea. You shouldn't even have a mirror facing your bed at night let alone under the pillow, many people believe it acts as a portal. Going into a sleepy, between the veils state whilst your crown chakra is directly on top of a portal is asking for trouble. 
Just take the mirror away and tell anything that came through it must go back. If you have another experience like thus without the mirror under the pillow then probably go to the psychiatrist. If not then no need to mention it.","You're scared because it's an experiment without technical knowledge.
The mirror reflects energy, it ricochets!

Please choose an absorbing stone instead of a deflecting material, like obsidian quartz, I don't know!

You should study a lot before doing these things 🙏🙏🙏","It could be both, especially if the experience repeats itself even without the mirror. The question is, why would you want to sleep with a mirror under your pillow? I’ve read enough negative experiences with mirrors to only have one in the bathroom, never in the bedroom."
1qgyop8,spirituality,How to heal the belief that you’re weak ❤️‍🩹,"**Your sense of weakness isn’t evidence that you’re fragile. It’s evidence of your prolonged self-pressure without enough support.** You believe weakness means a lack of will, lack of discipline, lack of resilience, lack of strength… but this isn’t true. What you call weakness is actually your **nervous system exhausted from carrying too much alone for too long.** Weakness isn’t an absence of your strength. Your **strength has been overused without restoration.** Your sense of weakness developed because you feel emotions intensely, you try to manage them by yourself, you don’t feel consistently supported or met, and you push yourself to cope anyway. Over time, your nervous system concludes that *if you struggle, it means you’re weak.* The truth is *you’ve been coping continuously without relief.* There’s no weakness here. Only endurance without replenishment. I know, weakness feels shameful. It hurts because it exists and it’s **judged**. Your ego tells you that others handle life better, you shouldn’t feel this way, if you were stronger, you wouldn’t struggle, you’re not capable. You need to rest, but you instead pressure yourself, criticise yourself, hide your struggle, push harder. This only deepens your exhaustion. You misunderstand. You’ve been equating your **capacity with your worth.** If you cannot cope, you’re not defective. If you need support, you haven’t failed. If you slow down, you won’t fall behind. Your capacity fluctuates. Your worth doesn’t. To heal your false sense of weakness, you need to separate these two. Your real strength isn’t your constant motivation, emotional suppression, self-discipline through fear, and never ending help. Your real strength is knowing when to pause. Respond to limits without shame. Let yourself be supported. Stay kind to yourself under strain. Our false sense of weakness can make us feel lonely and unworthy. Your sense of loneliness drains your strength, and your false sense of unworthiness blocks your replenishment. Your nervous system is tired *and* you deserve rest. A tired nervous system is brutal. Healing your false sense of weakness requires restoring **permission to yourself to rest and recieve.** Don’t try harder.

**1. Stop using your struggles as evidence against yourself.** This is the first stage of repair. When your ego starts to think you’re weak, you can’t handle life, and others manage it better, practice replacing the interpretation (not the feeling) with recognising that **something in you is depleted and isn’t defective.** This will help you reduce your shame. 

**2. Respond to your false sense of weakness the way your strength would.** The paradox is that your false sense of weakness heals **through gentleness and not your toughness.** When you feel weak, find what would reduce the strain. Find the smallest supportive action you can take. Look at what you’re trying to force and soften it. Slow down. Simplify. Take breaks without justifying them. Ask for help. Lower your expectations temporarily. This will help you give yourself capacity. 

**3. Repair your relationship with yourself with effort.** Effort may feel pressuring. It may feel like a failure if it doesn’t work. It may feel like proof you’re weak if you need it. These are all lies. To heal, you must reframe your efforts and **offer your energy when it can actually help.** 

**4. Let your false sense of weakness be information to you. Don’t identify with it.** Something is too much. Something needs support. Something needs care. Something needs time. This isn’t your verdict. Treat it as information so it can soften. If you treat it as your identity then it’ll harden.

**You don’t need to be strong. Only kind.** Do one thing that actually helps your body and mind. Then you’ll be strong. You’re not weak! You’ve been emotionally carrying a lot. You’ve been self-monitoring constantly. You’ve been longing for connection while doubting your worth. You haven’t felt safe enough to fully rest. This is exhausting! ",https://reddit.com/r/spirituality/comments/1qgyop8/how_to_heal_the_belief_that_youre_weak/,General ✨,2026-01-19 08:27:07,0,1,Libbster2001-,"frustration, confusion, fear, loneliness, insecurity, disappointment",1,Work to be strong no one is born as such,,
1qgylv6,spirituality,Has anyone felt randomly scared or spooked by an animal encounter?,"This has happened to me twice now, where I’ve crossed paths with a dog and felt extremely spooked for no apparent reason. The vibe is just overwhelmingly negative and creepy, each time I’ve felt fear all through my body. I’ve grown up with dogs and have no phobia of dogs, just these two random encounters that freaked me out. Has anyone experienced this with an animal before? ",https://reddit.com/r/spirituality/comments/1qgylv6/has_anyone_felt_randomly_scared_or_spooked_by_an/,Question ❓,2026-01-19 08:22:10,5,2,moschino1837,fear,2,Yes one time a cat showed up at the screen door in the morning like first thing when I woke up I noticed it and it was just sitting and staring at me with intensity. Like it had been waiting for me. It spooked me because it clearly was watching me before I noticed it and then when I did that's when it meowed. I actually love cats but the encounter really freaked me out!!,"There was a barred owl in a tree in my backyard, staring at me, so I started swishing my dress back and forth. He instantly did like a mouth-open silent hiss thing. Scared me so bad, I felt like a little field mouse. ",
1qgylce,spirituality,Improving Self Worth,"how improve self worth? feel like I've lost so much of my foundational work 🙏 and aware ness <3 like just forcing self to do things but actual care <3 

need something practical. gett every one's journey different thing ❤️",https://reddit.com/r/spirituality/comments/1qgylce/improving_self_worth/,Question ❓,2026-01-19 08:21:19,1,4,Ynwdwndrr,confusion,2,"I'm sorry, my English is not my native language so please excuse me if I make mistakes.



It sounds like you are feeling disconnected from yourself and going through motions without real heart behind it. This is actually very common sign that there is deeper work needed - not just more affirmations or forcing yourself to ""do the work."" The problem is that forcing creates resistance. When you try to push yourself to feel worthy, you are actually fighting against yourself. What you really need is to let go and release the negative false energies that are blocking you from feeling your infinite worth. You are soul, spark of Source - this is your true nature, not something you have to earn or build.



In my experience with over thousand sessions where we facilitate soul journeys and connection with Higher Self, what I have found is that when self-worth collapses like this, it is often because there are root causes underneath - soul fragmentation from old rejections, toxic emotional energy stored in body, or even programs from other lives where you were told you were not worthy. Your Higher Self knows everything about your unique situation and can show you exactly what happened to that foundational work you built, tell you why it crumbled, and can cleanse you from whatever is blocking your natural sense of value.



Here is something practical you can try today - instead of forcing yourself to do anything, just place your hand on your heart and ask yourself one simple question: ""What false negative energy do I need to let go right now?"" Then listen. Do not try to answer with your mind. Just sit with whatever feeling comes up. This is how you start caring again instead of forcing.



Second, talk to your body like friend, not enemy. Tell it ""I see that you are tired of being pushed. I am here now and I care about you."" This simple shift from force to care changes everything.



Higher Self can identify and deal with source of problem for your greatest good, helping you remember that you already have infinite worth because you are soul.



What do you think happened right before you started feeling like you lost that foundational work?",The bar is so low nowadays that it wouldn't be much of an effort. Just get some frames of reference from the people around you. You will quickly find that your worth is already quite high compared to a lot of them. And with worth comes self-worth.,
1qgxjqi,spirituality,Were we learning lessons in our past lives too?,"I get really confused when I hear spiritual teachers saying that the purpose of our life is to learn lessons, yet some of them say we had probably thousands of lives before.. 

I mean the learning thing makes sense if we are new souls who had one or two lives before, not thousands of lives.

 if one is paying karma for his bad deeds in his past life, then what about the life before his last life?, what about the other previous lives? It doesn't make sense.",https://reddit.com/r/spirituality/comments/1qgxjqi/were_we_learning_lessons_in_our_past_lives_too/,Question ❓,2026-01-19 07:18:21,6,10,SplitZealousideal159,confusion,8,"Don't underestimate the stupidity of people. People need many many lives to learn from their mistakes.

Also you need the physical body to develop your spiritual body. They are one while you are incarnated but after death the spiritual body moves on. This development also needs thousands of incarnations.","Tbf, it's not important to learn about what your past lives have learnt if you are not actively improving yourself or the world.","If I were to plan out my next life now, I would probably choose to be rich, good looking, attract the opposite sex easily, be powerful, have high status...  I probably lived thousands of these lives already, and didn't learn much.  

Being a spiritual person means, I have here to level up my spirit, not the temporary human body.  I want to grow, so I can be closer to God."
1qgxcys,spirituality,fix my brain.,"Can I ask for some higher-sister energy for a second — not affirmations, not “everything happens for a reason,” but real perspective.
I’ve been sitting in this weird place lately where I genuinely don’t see ahead anymore. I used to see my life so clearly — intuitively, emotionally, spiritually. I used to feel a big life for myself. And now it’s like… I don’t look forward and see anything at all. Just fog. And that’s been messing with me because part of my identity has always been being someone who sees.
A little context: I’ve spent most of my adult life building things from nothing — emotionally, financially, creatively. I’ve carried a lot on my own, navigated CPTSD and anxiety, built my intuitive work, my music, my independence without much external safety net. Somewhere along the way, survival started taking more space than dreaming. And now when nothing visibly moves for a long time, my brain goes to: “Is it over? Did I miss my window? Is nothing actually for me?”
I don’t think I believe that story… but I can’t see past it right now either.
So I’m asking you — not to hype me up — but to help me reframe this phase through a higher lens: What does it mean when someone who used to see clearly suddenly can’t?
Is this a pause, a recalibration, an initiation, a nervous system thing, a timing thing — what does this actually look like spiritually and energetically?
I don’t want this chapter to convince me I’m meant for a small life just because I can’t visualize the big one right now.
Help me see this differently.",https://reddit.com/r/spirituality/comments/1qgxcys/fix_my_brain/,Philosophy  :snoo_thoughtful:,2026-01-19 07:07:26,2,4,Intelligent_Face2833,"confusion, fear",3,"As someone who also suffers from CPTSD and puts a lot of work into healing and becoming a healthy version of myself. A few things caught my eye in your post. 

Firstly, take a moment to look at your starting point. If you’re not still there, you’ve made progress. 

On a bigger scale, from an outside perspective, it seems like you’ve been so focused on your ideal future and getting there. That it’s almost stolen your ability to be able to exist and tolerate the here and now. Goals are important and healthy. However, when we get so lost in them that we feel lost without them. Then, in a way, we have just been using them to distract ourselves from a bigger issue. 

You will be able to reach a better place, and you DO deserve to. It just seems to me like your mind and soul is communicating with you that you need to stop focusing on your ideal goal, and focus on being able to tolerate what’s happening in the here and now. Something needs your conscious attention before you can move forward. 

Keep your main goal. I’m not encouraging you to give up hope. However, it sounds like right now you need to find a way to make it through life day by day. Sometimes we all need to go back to learning how to make it through each day. So my advice would be, yes keep your bigger goal. But break it down it to smaller goals. Then break them down into smaller goals. Then figure out what you need to focus on that day to meet the smallest of your small goals. Some days, making it through the day will be what you were able to achieve. It might not be what you expected of yourself, but it is absolutely an integral part of meeting your smaller goals. You can’t meet them at all if you don’t make it through your day! 

Your body, mind, soul is communicating that in the here and now, needs to slow down and meet smaller goals. Setting your expectations too high will only set you up to fail, which will make you feel like a failure, and that’s incorrect. You’re not a failure. You are recovering. You are slowing down. But you are still moving forward my friend. Don’t give up on yourself. Just keep in mind that some days ‘progress’ will look different, and that really is okay.",Maintain a balance between action and contemplation - I'd love to see more of your journey in this subreddit.,"I've been in that exact fog. The thing that helped me understand it was realizing that ""not seeing"" isn't the same as ""nothing there."" Your intuitive sight isn't gone  -  it's just that what you're being asked to see right now is \*right here\*, not ahead. When I was in survival mode for years, I had to rebuild that muscle of sensing forward, and honestly I use Taro's Tarot sometimes just to practice asking different questions than ""when will it get better.""What if this isn't about your window closing, but about your nervous system finally feeling safe enough to stop white-knuckling the future? You've been holding your own vision so tightly for so long  -  what if the fog is actually your system saying ""you can rest from that now""? The people I know who've carried what you've carried often hit this wall right before a completely different kind of expansion. Not the one they planned, but the one they actually needed.What does ""seeing clearly"" feel like in your body when you try to access it now  -  is it blank, or is there resistance, or does it feel like looking through water?"
1qgw5q6,spirituality,They removed my post from the r/conspiracy forum for telling the truth,"That forum is a trap for anyone trying to tell the truth. They use it as a lure to figure out what people know then they remove any post that is telling the truth or they try to discredit the OP.

I did not mock anyone on that forum or cross post it for vote manipulation. I posted it to get the truth out which is the ""rule"" they banned me for violating.

They look for any excuse to remove the truth. Conveniently it was the post that had proof that the masons are trying to discredit me.

Follow my Tik Tok at FollowTheWhiteRabbit777(@tweedledee777). They cant control that app which is why they want it banned. I am being encouraged to post there because they wont remove the truth so if you want the truth go to those locations. Preferably Tik Tok because reddit is corrupted. That is where I will be spilling all the Masonic secrets that they told me about or that I am aware of.",https://reddit.com/r/spirituality/comments/1qgw5q6/they_removed_my_post_from_the_rconspiracy_forum/,General ✨,2026-01-19 06:01:32,0,3,Funk-N-Stuff,frustration,2,"You say that the Freemasons are stalking you and want to erase what you write. I want to be respectful and try to help you, even though it’s difficult through messages and you’re going to think I’m just another Mason. Not every time someone believes they’re being watched or persecuted is it true; in fact, almost none of the time it is.

Sometimes the mind plays tricks on us and makes us very anxious, causing us to believe we’re being followed online or in real life, and that can be very distressing. Sometimes it can help to talk to a trusted therapist, or to a trusted person who can help calm us down.

I hope you take my advice, there’s nothing wrong with talking to a therapist for a day; you could even show them your evidence and see what they think. I think the moderators of conspiracy may have thought something similar to me, and that’s why they removed your posts. In general, they don’t even remove the craziest theories; it’s because of the way you wrote them.",I would show the pictures but this forum doesnt allow me to post pictures.,
1qgvph6,spirituality,Unity Living Process/Unity Bubble,"Does anyone know anything about the Unity Living Process, or Unity Bubble? Apparently it’s a healing modality where a facilitator would help you open a protective bubble and move through 8 energy transmission phases in 16 sessions to remove blockages and align with the Self.

Has anyone heard anything about it or had experiences with it? I’m not sure how legit it is or if it works. There’s not much information online other than their website: [https://www.unityliving.life/](https://www.unityliving.life/)",https://reddit.com/r/spirituality/comments/1qgvph6/unity_living_processunity_bubble/,Question ❓,2026-01-19 05:37:44,1,0,yhtac18c,confusion,0,,,
1qgtkjn,spirituality,I wish I loved my body,"I’m venting and have no one to talk to. 

Overthinking eating. 

I don’t want to gain weight and get acne. 

Apart of me wants to eat whatever and enjoy life but the other part is saying I will look even more bleh if I eat 

I’m hungry but I don’t want to look grotesque tbh 

I’m tired of worrying and caring what a man thinks about how I look. I got rated a 2 out of 10, a guy said I look like this famous male actor, and another guy said he didn’t want to be rude but that I was honestly unattractive. I’ve been told I’m below or just average. It’s my fault because I am the one who asked for a brutally honest rate. I haven’t asked for rates in a long while until recently. 

It’s funny because the photo I had, I thought I looked quite pretty. I had no makeup on and no extensions. I felt cute. 

I want to stop caring what men and society thinks. I have been trying meditation and self love affirmations for a while but I’m STILL so insecure and have very low self esteem. I tell myself that I’m lovable and beautiful as me. 

I’m confused because I don’t think I’m bad looking and I have days where I think I’m gorgeous even without makeup but…I still am so insecure.

I used to get rejected a lot growing up and teased by boys. I remember being really skinny because I had a high metabolism and I was told negative things about my body which pressured me to gain weight. But, when I ended up gaining weight later on in life, I was told I need to lose weight.  I remember an ex bf back in 2012 said I was “okay looking” but said my then best friend was beautiful. That stuck with me and I can’t get over it. 

I just feel like I was always invisible growing up and a laughingstock in a way. 

I’m so annoyed. I want to tear my skin off. I want a magic pill to make me feel comfortable in my own skin. All I really want is to truly love and accept myself. 

Im trying this experiment where I wear no makeup or extensions for a week or more in order to accept myself. ",https://reddit.com/r/spirituality/comments/1qgtkjn/i_wish_i_loved_my_body/,Self-Transformation 🔄,2026-01-19 03:51:04,3,10,upsidedownsq,"frustration, confusion",10,"Think about the things your body does for you other than getting a boy to like you. Honestly? Getting rejected by the current field of men is probably a compliment. 

Think about how awesome it is to drink orange juice. It's so tasty! My nose and tongue and throat all work together with my crazy brain to create this experience of drinking orange juice. What an insane thing my body does for me! Like. What? 

If you would never tasted anything before, you wouldn't believe me if I tried to describe what happens here on Earth with these cool human bodies. You've got one, right?! One of the cool bodies that makes tastes? Of course you do! We all do... Here. 

Think about how awesome it is to feel the air on your skin. I love the way it feels like the wind has little fingers. My body makes that feeling for me. And then my crazy brain sort of plays it for me in whatever weird little holographic universe my brain makes for me. 

My body gives me all kinds of sensations that I love feeling. Some of them I love feeling a little too much. But it's all totally awesome and my body does that for me. 

I confess that I never thought that my body was all that pretty. My wife seems to like it, and that's excellent because she's the one I need to like it. Even so, I like it for a lot of other reasons that aren't the way it looks in the mirror. The way my wife looks at me... I don't even know if she sees the same thing that I do when I look at that thing anyway. 

So, I love my body for all the crazy stupid things it does. I don't necessarily love it for the way that it looks on a magazine cover cover, where it will never be. Maybe you could think about the other things that you love about your body. Does it do anything cool, other than carry you around like a spaceship?","You could take it a step further and purposely embarrass yourself. Go dance somewhere or have a really random conversation with a stranger. You'll find the world keeps spinning no matter what people think of you.

I'm sorry you're going through this. Our material bodies are temporary, and I'm sure you've heard that it's what's on the inside that counts. Right now a beautiful resilience is blooming in you, a stubborn desire to shine even when nobody is looking. Follow it, but be gentle with yourself. You deserve to be loved(and are) no matter what you look like or what you do. Sending you love and support 💙","I'm sorry, my English is not my native language so please excuse me if I make mistakes.



What you are describing is actually big lesson for everybody - to let go of any false beliefs, negative programs, and suppressed emotions that are stuck in your body and your energy field. You are carrying voices of all those people from your past - the boys who teased you, the ex who compared you, the strangers who rated you - and these voices became your own inner voice. This is not really you speaking.



In my work with over thousand sessions, I have seen that Higher Self knows everything about your unique situation and can show you exactly where this self-hatred comes from. Often it comes from soul fragmentation - parts of you that split off when you were rejected or teased, and these parts still believe the lies that were told to you. Your Higher Self can identify and deal with source of problem for your greatest good, cleansing you from these toxic emotions and false programs so you can finally hear your own truth instead of echoes from your past.



The real magic is this - after you let go of these false beliefs and suppressed emotions, loving yourself, your body, and everybody else becomes natural. It is not something you have to force with affirmations. When the garbage is cleared out, love flows automatically like water finding its path. That day when you felt cute without makeup and thought you looked pretty - that was real you. That was your Higher Self speaking, not the wounded parts.



Your experiment with no makeup is good start, but the real work happens deeper. You need to heal the parts of you that were invisible and laughed at, so they can finally come home and feel safe in your body again.



What would it feel like if you could finally believe that those people's opinions were just their own pain, and had nothing to do with your actual worth?"
1qgstl8,spirituality,Why do I feel such a strong connection to one person?,"I am f21. I wanted to come in here to talk about a friendship I had when I was younger, that I still often think about. 

Her and I clicked instantly, and we remained incredibly close for about 6 years. When we were friends, I felt truly, and authentically myself around her. It felt like I was hanging out with myself, like she was an extension of me. It was a very emotionally intense friendship, but it was platonic. 

We had a huge falling out a couple years back. We haven’t been on speaking terms since. She hurt me so badly. Our falling out was the most painful thing I have ever gone through, and to this day I think that it would be impossible for me to be that hurt by someone ever again. 

It’s been years, and I still think of her often. It almost feels as if I am longing for her. I am very happy with my life. I have a boyfriend, I am in college, I have amazing friends, I am lacking nothing. I have had so many people walk in and out of my life, which leads me to my main point.

Why do I feel such a strong connection to her in particular? Is there a spiritual reason? Was she a lesson for me? Are we meant to be drawn back together if I still feel this way after so long? I still think about it constantly. I want to know what kind of connection this is, how to help it, all of the things. Thank you :)",https://reddit.com/r/spirituality/comments/1qgstl8/why_do_i_feel_such_a_strong_connection_to_one/,Question ❓,2026-01-19 03:15:25,3,6,lovethatremains,confusion,4,Was it a toxic friendship? People are in your life for a reason they could be a lesson or a blessing but most importantly were to learn from every connection in our lives.,"Trust that little voice that comes either before, at the same time or immediately after thinking those thoughts in your mind.

You know the answer. Even if you don't know where the answer comes from, which causes distrust, you already know the final result.

You know it. You truly do. I can feel it behind your words that you already have the clarity, it's just a matter of trust.","Could be a karmic connection (which doesn't mean bad stuff, just that you two knew each other from before, possibly from many lives.)

Seems like you need closure - not sure what the issue was, but maybe reach out and see if you can talk (maybe about the issue, maybe just connect.)

I mean if you want  a proper explanation, there are tools with which you can gain that insight (hallucinogens can do it, but only if you already use them as a tool; shamanic journeys are visualisation that are more rational, but maybe could offer some explanation as well.)"
1qgs90m,spirituality,I don't know what is happening :(,"Well, I've been facing something weird recently, since last year. Sometimes I have glimpses of less than 1 second, something like flashbacks, but they are always about things I NEVER lived before :(

It's not deja vu, and it's not some lost memory my brain suddenly remembered about. It is something REALLY weird, and this is not even triggered! I am just chilling doing something and suddenly I have this glimpse of memory that lasts just less than even 1 second... and it's weird because even though i KNOW these memories NEVER existed, i do recognize them :(

What is this?",https://reddit.com/r/spirituality/comments/1qgs90m/i_dont_know_what_is_happening/,Question ❓,2026-01-19 02:48:52,5,26,nanys2,confusion,8,It sounds like you are remembering a past life or past lives. Can you give an example of a memory?,"Please forgive my English - I am from Europe and it is not my native language.



What you are experiencing is actually not weird at all - it is you as soul remembering. These brief flashes, these glimpses that last less than a second, are past life memories breaking through into your awareness. They feel strange because your conscious mind knows you never lived them in this lifetime, but you as eternal being recognize them because you did live them in other lives.



In my experience with over thousand sessions where we facilitate soul journeys and connection with Higher Self, what I have found is that these spontaneous past life memories happen when your consciousness is starting to wake up and remember who you really are across time. Sometimes they come as fragmented images, sometimes as feelings, sometimes as knowing without images. Your experience of recognizing something you never lived in this body - that is exactly how past life memory works. It is not your brain remembering, it is you as soul remembering.



The fact that these are not triggered, that they just happen randomly while you are doing normal things, means your Higher Self is gently opening doors for you to see beyond this one lifetime. Your Higher Self knows everything about these memories - which lives they come from, why they are surfacing now, what message they carry for you. Your Higher Self can show you the full context of these glimpses so they make sense instead of feeling strange and disconnected.



Sometimes these memories surface because there is unfinished business from those lives that needs healing. Sometimes they surface because you are ready to understand something about your soul's journey. Sometimes they surface because there are attachments or agreements from those lives that still affect you now.



The best thing you can do is not dismiss these glimpses or try to force them. Instead, pay attention to them. When they happen, notice - what did you see? How did it feel? What emotion came with it? Then ask your Higher Self to show you more, to help you understand.



What feeling comes with these glimpses - is it fear, sadness, recognition, longing, or something else?",If you describe those memories we maybe able to help you
1qgq8v2,spirituality,New to Spirituality,"Hi - looking for some recommendations for someone new to spirituality- books, podcasts, etc. Not sure I have a set idea of what spirituality is exactly for me so I’m interested in all different concepts/topics.

Thanks!",https://reddit.com/r/spirituality/comments/1qgq8v2/new_to_spirituality/,General ✨,2026-01-19 01:15:38,7,9,AfternoonCheap9314,confusion,6,"I'm sorry, my English is not my native language so please excuse me if I make mistakes.



It is wonderful that you are opening yourself to spirituality. There is so much information out there, and I understand it can feel overwhelming when you are just starting. But let me share with you what I have learned from over thousand sessions - the best focus is to connect with your Higher Self, the Total Soul that you are. This is being behind your intuition that knows everything about you and can guide you perfectly.



Here is what I want to tell you honestly - don't get distracted or caught in what I call the astral circus. You know, tarot cards, astral travel, crystals, pendants, so-called secret knowledge that you need to pay thousands of dollars to have access to. All of this is just distraction from real progress. Many people spend years collecting tools and information but never actually transform their life because they are looking outside instead of inside.



Your Higher Self is already with you right now. It is not somewhere far away that you need special techniques or expensive courses to reach. Your intuition is the voice of your Higher Self trying to guide you. When you feel that quiet knowing, that is it. When you have gut feeling about something, that is it. When you dream and wake up with sudden understanding, that is it.



Start simple - sit quietly for few minutes each day and just listen to that inner voice. Ask your Higher Self a question about your life and then be patient for answer to come. It might come as thought, as feeling in your body, as synchronicity in your day, or as dream at night. Your Higher Self is always communicating with you.



The real spiritual work is not about collecting knowledge - it is about becoming more honest with yourself, releasing false beliefs, and letting your natural wisdom guide you.



What is one question about your life that you would really like to have answer to?","Start your day with at least 15 minutes of quiet, stillness and meditation.  Whether it be yoga, or just over coffee before you boot up the laptop and dive into the day's news.  Tell the Spirit what you are thankful for - health, a roof over your head, income, possibly your relationship (SO), pet(s), etc.

Then, tell the Spirit you are here, available, listening and that you want to grow (spiritually).

It's that easy and the Spirit will respond to your open heart.","The Power of Now by Eckhart Tolle, Accessible and Universal Spirituality"
1qgpelz,spirituality,Is this a soul connection?,"Hi everyone. I’m very new to spirituality, so please be kind.

I’m a 30F, and about 9 months ago I connected with a 28M over the phone. We never met in real life. We only texted for about two weeks, except for that one long phone call that lasted almost 3 hours, past midnight.

Shortly after that call, he suddenly started avoiding me. That’s when things became strange for me. I found myself becoming very attached and almost obsessed, more like he was constantly on my mind without me trying to think about him. Eventually, I gathered the courage to ask him to meet me and told him that I liked him. He rejected me. I accepted it, wished him well and walked away without contacting him again. Six months later, I randomly felt an overwhelming urge to call him. I genuinely couldn’t stop thinking about him that day, so I called just to check on him. We spoke for about 15 minutes and ended the call normally. That was 3 months ago. Now, over the past week, I’ve been having frequent dreams about him.

What’s confusing me is that this has never happened to me before. I’m not someone who usually asks men out or forms attachments easily. But with him, I did things completely out of character for me. And despite knowing clearly that he doesn’t want me, i just don’t get why I had make that phone call 3months ago and why he still occupies my thoughts.

Why is this connection still lingering in my mind?

Why the recurring dreams? Is this some kind of soul connection, karmic tie, or energetic attachment or am I just overthinking this?

Does he even think of me at all? Realistically, I feel like I’m probably nonexistent to him which makes this even harder to understand.

I’d really appreciate any spiritual perspectives or insights. Thank you.",https://reddit.com/r/spirituality/comments/1qgpelz/is_this_a_soul_connection/,Question ❓,2026-01-19 00:37:57,1,2,Prize-Educator-5003,frustration,2,"Let him go, girl.  Your dreams are projections of an ideal, and your ideal soul mate will never be dismissive or indifferent to you.  Know that the great devotion you feel belongs to one who deserves it.  Honor him by not mistaking the unworthy for the one that will truly love you.  Until then, devote all of your love to your Ishta Devi.  That will bring you the highest love, higher than you would even dare to ask for yourself.  Settle for nothing less.","This was a strong connection to help teach you what you needed to, to grow beyond any tendency to not be cared for, regarded and reciprocated. Think of it as the universe allowing you to learn what it’s like to be treated this way and still be attached to them. It might help to know that astrologically, many people are at the height of this type of thinking because we have two major planets in a sign (Pisces) of delusions, fog and dissolution at the end of this cycle (indicating a stronger force).",
1qgovxn,spirituality,Im possessed by a Demon,Im possessed by a demon that makes everyone hate me. no matter what i do or say people hate me all because of this demon. I think its been following me around for a long time too but im not sure when it took hold of me so firmly. The demon literally make me look and sound crazy to the point where i literally cant even talk to other people. ,https://reddit.com/r/spirituality/comments/1qgovxn/im_possessed_by_a_demon/,General ✨,2026-01-19 00:15:40,0,38,Flaky_Play7692,"frustration, confusion",9,i think you should definitely seek professional help from someone,"This sounds like a demonic force of paranoia. It's making you think that you are speaking gibberish and such. I know how you feel and you can find relief. But it's a mental game you must win alone. 

Trust me when say this; the trick is ""changing your mind.""

Right now you truly believe that these demons are messing with you. You now need to truly believe that it's over and done.

So rebuke them, and declare that you are done with them. Believe that was effective. If their hauntings continue, this is the key, ignore them, and choose to believe that you are safe and protected. They are less evil than they are hungry. By denying their taunts, they spend their energy but you resonate none in return. This will starve them and they will leave looking for a different host. 

You have to transmute those emotions of fear and paranoia into gratitude and pronoia. The power of belief is magic. You got this!",Shadow work buddy
1qgonrp,spirituality,Will it still manifest ?,"I have a specific fear that has been following me for years. It never happened. But i‘m finally ready to change that thought and channel it into what I actually want. The thing is, whenever i think/visualize something, that moment i let got/forget, it comes and make it happen. I‘m pissing my pants off that if i work now on changing that believe to the point that i forget or let go of that fear, that it will happen.",https://reddit.com/r/spirituality/comments/1qgonrp/will_it_still_manifest/,Question ❓,2026-01-19 00:05:47,1,3,bombisia,fear,1,"This is very normal. The reason your fear keeps coming back is because you haven't solved it. You can't run from things or ignore them or try to turn them into what they aren't without understanding them first. You can only acknowledge and choose to continue that way or change.

What is the fear?",,
1qgo3gq,spirituality,Use the Wim Hof Miracle Breathing Technique to reach the Astral Plane,"This is not something the masons told me directly but it was in a few books they had me read. 

  
I have tried this technique though I was not meditating while doing it. I was surprised, being a smoker, at how long I could hold my breath without any air in my lungs. I went for 3 minutes and that was before I decided to stop, not when I couldnt hold it anymore. 

Here is the guide:



# Breathing techniques you can easily do yourself

When you practice the breathing techniques of Wim Hof, and follow the Wim Hof courses, you can eventually control your autonomic nervous system, and boost your health. But, there also are some calming breathing techniques that you can easily do yourself. The only thing you need is just a few minutes of leisure time.

If possible, loosen any clothes that restrict you from breathing freely. To start, breathe in through your nose, and out through your mouth (lips pursed, as if you are whistling). Let the breath flow as deep as is comfortable into your belly. Breathe regularly and gently. If you are too distracted to focus your mind, steadily count from 1 to 5 during both inhaling and exhaling.

It is important that you practice these exercises regularly, for example as a part of your daily routine. Each time, do these exercises for about 5 to 10 minutes. Before you start, make yourself comfortable. The exercises can be done standing up, lying down or sitting. As long as you are comfortable and steady.



1. Find a comfortable position.
2. Breathe in deeply through the nose or mouth and through the belly to the chest. Then, let the breath go unforced.
3. Exhale through the mouth, then immediately breathe in again.
4. Take 30 to 40 such breaths in short bursts.
5. Take one final, deep inhalation, then let the air out and stop inhaling. Hold the breath until you feel the urge to breathe again.
6. Inhale very deeply to full capacity and hold for 15 seconds, then let it go. This completes the first round.
7. Repeat the whole process, steps 2 to 6, three to four times.
8. After completion, take time to meditate and enjoy a state of deep relaxation.



I remember it being breathing in to the pace of 4 heart beats holding your breath for 15 seconds then exhaling in 2 heart beats then holding your breath for 15 seconds. Something Like that. It has been over 10 years since I tried it so I cant remember very well. 

  
You are supposed to do this while meditating on your chakra points putting all your focus there and nowhere else. This is supposed to help you reach the astral plane. I may be missing some information but i know this is the right path. 

",https://reddit.com/r/spirituality/comments/1qgo3gq/use_the_wim_hof_miracle_breathing_technique_to/,General ✨,2026-01-18 23:41:29,1,0,Funk-N-Stuff,"frustration, fear",0,,,
1qgni8z,spirituality,Past man and rotting jaw,"I had a dream of a man I was in love with but I left him due to a lot of mental issues he caused. He was in a bed in a dark room and I walked away through to a dark hallway to my room and then I heard ruckus of him having sex with someone under the sheet and it was bothering me because I was trying to sleep and have some peace but it was disturbing me so I left my room back through the hallway to his room and then I caught his attention by throwing something and then yelling can you stop it I'm trying to sleep but before I could finish saying it he sat up and turned his face and I saw his face part of his jaw was degrading slowly more and more . I was in utter shock. his face was neutral like he was unconscious and I was asking his dormant self sleeping self.

Then I asked him what happened he said it was a disease he has and started saying it but l didn't catch it because as he was telling me was like he his voice was being lowered or muted but it was like ph- and after I woke up worried. Hoping he is ok.",https://reddit.com/r/spirituality/comments/1qgni8z/past_man_and_rotting_jaw/,Dreams 💭,2026-01-18 23:16:32,1,2,Street-Candle-1745,"frustration, fear",2,Just sounds like a bad nightmare,"Sounds like he was having sexual thoughts/dreams about you, they manifested in your dreams. 

I personally believe that our dreams take place in the astral plane or the spiritual realm. 

Rotting jaw, is he currently experiencing dental issues as well? 

I'd bet five bucks on tooth issues with him.

So in the dream you said he was having sex with someone, that could imply anyone, but he showed up in your dream. 

If it's just a one-time thing, I wouldn't put too much thought into it, if these dreams pick up and continue or get worse, then you need to talk to them and tell them to stop having sexual thoughts about you, because you're picking up on them. 

Happy Monday.",
1qglbrp,spirituality,How can I get rid of the desire to be desired?,"Edit: Thanks everyone for the replies, I'll try to apply these tips; they've given me comfort💗

I don't know if it's better to accept that I'll never be desired like other girls; that's part of life, just like other people might have to accept that they can never achieve a certain goal for one reason or another. Or if it's better to accept that I can be loved and desired however I want; I just have to wait.

The first option is the hardest. I can accept that I'll never be the smartest or most creative, or that I can't change the past or please everyone. However, accepting that I'll never be desired, like many girls are, is really hard. The desire for this has dominated my life for years and years. I thought I'd achieved it, but it was shattered. The second option is the more comfortable one. I have no doubt it can happen. After all, there are so many of us in the world. However, there's always the fear that something will go wrong, and then there's the waiting.

What do you recommend?",https://reddit.com/r/spirituality/comments/1qglbrp/how_can_i_get_rid_of_the_desire_to_be_desired/,Self-Transformation 🔄,2026-01-18 21:49:37,25,47,Former-Pop-2504,"frustration, fear, insecurity",10,"There really are so many of us, and ""I will never be X"" is usually a limiting belief you'll have to work to get rid of later. So I'd also say your second option is the better one. 

Except - don't spend your life waiting. Desire yourself. Become a person *you* would like to be with, and know who you are and what you bring to the table. Things will just work themselves out when you don't cling to them.","Its is highly likely that there is a person out there for you experiencing the same feelings and that person is meant for you meaning when the two of you meet, you and this other person are each-other’s missing piece and both of your problems will be solved therefore you will be desired just as you desired. I am in a similar situation but i have a very strong trust that i will meet my person at the exact right place and time. There is no such thing as a one sided coin. I recommend building this internal trust and knowing that the right thing will happen. So yes, acknowledge you can and will be desired as you are, build the internal trust, and be patient.","I'm sorry, English is not my native language so please excuse me if I make mistakes.



It sounds like you are carrying very heavy burden with this feeling of not being desired. In my work, if there is problem with releasing something like this, it means there are many root causes for that, that are deeper than just current thoughts. Often, these feelings come from soul fragmentation or old programs from other lives where you were not seen or valued.



The good news is that Higher Self knows everything about your unique situation. In my experience with over thousand sessions, I have seen that Higher Self can show you exactly where this hunger comes from, tell you why it is still there, and can cleanse you from these toxic emotions. You are soul in human body, and your worth is already total, but sometimes we forget this because of energetic blocks.



First, try to look in mirror and speak to yourself as if you are talking to small child. Say ""I see you, and you are enough exactly as you are.""



Second, when you feel that ""hunger"" for attention, place your hand on heart and breathe deeply. Imagine you are filling that space with your own light instead of waiting for others to do it.



Third, write down when this feeling started. Was it after specific event? This helps to find root cause.



Higher Self can identify and deal with source of problem for your greatest good, helping you to find that fullness within so you don't feel love-starved anymore.



Do you feel this desire more in certain situations or is it constant feeling that follows you everywhere?"
1qhutgz,meditation,"Meditation helped my severe anxiety, but entertainment feels empty unless I calm first. How do I rebalance?","Hey everyone,

I’m looking for some perspective from people who’ve been through something similar.
I’ve been doing fairly deep meditation practices over the past while to heal severe anxiety, and in that sense it has genuinely helped a lot. I feel calmer, more regulated, and less reactive than I used to be.

However, I’m noticing a side effect that’s been bothering me. When I try to just relax or be entertained, like watching a let’s play, YouTube, or shows, it feels empty, pointless, and sometimes even depressing. I do not want it to feel that way. I just want to take a break and enjoy something simple again.

What’s confusing is that sometimes I actually can enjoy a let’s play, but usually only after I calm myself down first with meditation or breathwork. When I start to enjoy it, it almost feels like my anxiety wants to creep back up as I engage, like my nervous system is on guard again.

Some relevant details:
- I have been doing insight and deep awareness type practices, not relaxation focused ones
I also use breathwork to calm my nervous system

- I am currently taking Prozac

- I also take Lion’s Mane

- The anxiety improvement feels real, but this emotional flatness around entertainment is new

One quick note because I see this suggestion a lot. I am not trying to reevaluate what brings me joy or replace entertainment with deeper meaning. I already do meaningful and fulfilling things in my life. I do not mind things that let me tune out and rest, and that is what I am trying to regain.

My questions:
- Has anyone experienced this after deeper meditation or breathwork practices?

- Is this a sign I should change, soften, or temporarily pause my practice?

- Has anyone successfully reintroduced enjoyment or entertainment without anxiety coming back?

- Are there gentler practices or ways to stay regulated while engaging in normal pleasure?

I am not trying to quit meditation or breathwork. I just want a healthier balance where healing and enjoyment can coexist.
Thanks in advance for any insight or personal experiences.",https://reddit.com/r/Meditation/comments/1qhutgz/meditation_helped_my_severe_anxiety_but/,Question ❓,2026-01-20 07:40:05,5,12,mshrmo,"frustration, confusion, fear",5,i dont have a solution for you but i feel the same way,Yes this has happened to me but with insight meditation only and no meds involved. What I realised over time was that I had other more creative activities I much preferred and now I do those instead. Then occasionally I will want to watch something and I do. However the only way I can binge on tv now is if I’m unwell or extremely tired. When I’m ‘normal’ I can’t stand too much of it. Overall it has been a positive escaping the passive viewing trap. Obviously with your meds situation it could be something else so don’t take my story as advice and chat with a professional instead.,"This sounds like a common side effect of prozac, but check with a professional.

Apart from that, this sort of change in what we enjoy can happen over the course of life even without meditation. Over time our perspectives change and we might not enjoy the same things as we did before. I've experienced this many times.

It's possible that meditation might speed this process up, and we will start demanding something more meaningful from activities we do to relax. This could actually be a positive thing, a sign of growth. Like children abandoning toys.

So maybe you could try looking for shows and entertainments that have different themes or aesthetics than before. Or perhaps other activities such as gardening, taking walks, etc."
1qhumdt,meditation,I lost my cookies,"Th other day I bought some very nice cookies and had them unopened in a bag. Then I forgot them on the train. 

At first, when I realized, I had a moment of upset in my stomach. But I also had space in my body for other thoughts/emotions. A thought that crossed my mind was that some train worker will probably find my unopened delicious cookie box and have them as a treat. A gift to the train workers to enjoy.

That cheered me up. I still had a small knot in my stomach of like “how could I forget?” But I also felt like “its okay. Nothing bad could have come from this.”

Having a little space between my initial upset helped me see that there were many ways to see a situation. And being with that made me feel like I could see the world in more full color.

I appreciate that.

Metta. Just thinking of the train friend and their cookies somewhere.",https://reddit.com/r/Meditation/comments/1qhumdt/i_lost_my_cookies/,Sharing / Insight 💡,2026-01-20 07:28:12,14,9,sleepy-bird-,confusion,4,Now try not only cultivating Positive feelings but unraveling the knots of the negative ones.,"You’re moving is the right direction. Keep at it. Sit, be persistent and trust yourself. 🙏",Nice
1qhu948,meditation,Meditation experience,"Ok.. I was meditating and I saw this black cat walking towards me but the cat changed into a Egyptian goddess Isis (Somehow I just knew it was her) She walked all the way up to me and put her hands on my shoulders and stared into my eyes and said: “webenn ock (like in clock) tenou” I’m trying to spell it as I heard it. Now does anyone know if there is any meaning behind those words? Then Isis turned and walked away. She was wearing a golden point up crown of some sort. Im just curious because I’ve never shown any interest to ancient Egypt script or language so I don’t speak it or know it but I just felt such warmth from her and I just knew her somehow.

I’ve posted this to two groups (kemetic and some other ancient Egypt group but the posts were removed in both groups?! I don’t get it, this is an experience for me and I’m just looking for someone that could translate the sentence for me. I hope this is allowed here and that someone knows ancient Egyptian language 🤞)

Thank you 🙏",https://reddit.com/r/Meditation/comments/1qhu948/meditation_experience/,Spirituality :energy:,2026-01-20 07:06:23,1,1,Objective-Pizza8550,frustration,1,That too will pass,,
1qhjmqg,meditation,Meditation potentially harmful,"Hey, I want to start to meditate to come clean with myself, since I‘m having a strong relapse of anxiety and dpdr. I feel like I’m missing out in life because I’m being too scared to be myself and it puts me into this spiral. I want to accept it, because it’s a brain reaction to protect my consciousness in order to grow. Tho it scares me that some people have experienced negative impacts of meditation. Have you ever had this? Would you say I should still try it out or is it „risky“ in my state?",https://reddit.com/r/Meditation/comments/1qhjmqg/meditation_potentially_harmful/,Question ❓,2026-01-19 22:55:32,9,22,Ambitious-Ad-3055,fear,9,Basic mindfulness meditation has little to no risks. Unless you are going on a 10 day silent retreat or something I’d say you are good.,"When people report negative experiences with meditation, it is often because it was practiced incorrectly, without proper guidance, or without sufficient grounding.

There are many well established instructions for mindfulness meditation. If you follow reliable guidance, proceed gradually, and stay attentive to your own well-being, meditation is generally safe and beneficial.","Negative impacts are usually in the form of uncovering feelings or memories that have been repressed 

This is usually compounded by the paradigm that bad feelings are bad and must be avoided, and the panic and anxiety that arises when bad feelings arise 

In fact, I believe anxiety itself is the result of suppressing emotions, instead of being able to feel and express them due to not having the support system to do so  

Anyway, I digress 

I suggest if you really want to do meditation do the tranquility meditation instead of observation. Samatha, not vipassana"
1qhj1t3,meditation,Any tips on how to not control breathing during Anapana?,,https://reddit.com/r/Meditation/comments/1qhj1t3/any_tips_on_how_to_not_control_breathing_during/,Question ❓,2026-01-19 22:32:57,1,2,telaioburen,confusion,2,have you tried to breathe from your lower diaphram?,"Just allow yourself to control it, eventually it will let go by itself without you noticing",
1qhexna,meditation,The first time proper meditation?,"Hi, I failed to make meditation a habit last year, but now I am trying again. Today was the day to start again. I put a candle and made my room dark, put 5 min timer. Closed my eyes. I was breathing, breathing, breathing, and finally started wondering if 5 minutes is so long, but the alarm didn't ring, so I opened my eyes. I saw it had been over 15 minutes.   
  
Honestly, a lot of thoughts have gone around in my brain during meditation: Focusing on breath, thinking about family, old memories, failed love, etc. The good thing was I didn't feel physical pain even for the negative thoughts: just my body was relaxing, thoughts coming, refocusing on breath, and gone again.   
  
I am good at overthinking, thinking through all day, but I hope to control my thoughts this year. Today was just the beginning. I was slightly happy to feel the inner peace regardless of my everyday busy thoughts:)",https://reddit.com/r/Meditation/comments/1qhexna/the_first_time_proper_meditation/,Sharing / Insight 💡,2026-01-19 20:00:44,6,3,UnhappyClassroom6976,"frustration, disappointment",1,what is the purpose of the candle,,
1qhayaw,meditation,Have meditated every day for a month,"I have meditated every day for a month now. I struggled A LOT with being consistent with meditation until now. 

It started with a bet with my mom. We both had to meditate 10 minutes every day if not we would pay eachother 100 bucks every day we failed. 

This made me never miss a day, since i dont have the economy to fail😂. 

Anyways. Still going strong (over a month later) and… the changes are small but meaningful for me.

I finally feel like i can keep up with life. And also i have a lot less social anxiety, (although i have done alot of exposure therapy) 

All in all very happy. Although i just do it 10 to 20 minutes a day, i feel it has become a habit and im proud",https://reddit.com/r/Meditation/comments/1qhayaw/have_meditated_every_day_for_a_month/,Sharing / Insight 💡,2026-01-19 17:41:13,26,5,Putrid_Celebration23,"frustration, disappointment",4,Good for you!!! 😊 glad it’s changed your life for the better! I’ve been wanting to get back into consistent meditation- maybe I need to get my mom to bet me as well hahha,I'm coming up on 250 days straight of meditation - I credit it to Sadhguru's Miracle Mind app for making it very easy to set the habit and his daily videos are also really beneficial.,"Meditation helps with so many things! Like processing information, aging slower, and understanding/managing your emotions too!"
1qh9maz,meditation,How to navigate a layoff mindfully?,,https://reddit.com/r/Meditation/comments/1qh9maz/how_to_navigate_a_layoff_mindfully/,Question ❓,2026-01-19 16:55:29,1,2,Eastern-Mobile-4695,confusion,2,I've gone through negotiations of layoffs/restructuring a couple of times over the years. I have no responsibilities for other people and no debt so I see continuous employment as a way to keep an enjoyable life and if I'm fired as a wonderful opportunity to go on retreats. One of the first things I did when I quit my last job was to sign up for a retreat.,"I've had similar experiences myself. I've also layed off an employer ie left for a better job. So, even if one is really super relaxed there is still some emotion in response to the change. The feeling helps us adapt to our new situation and face the uncertainties of the future. There is an oppurtunity to reflect upon where you are now and which direction you should take. Remember, on employment you can look short, medium and long term. For example, getting something part time soon might be helpful in meeting practical needs. Then with that looking further affield for where you want to be in terms of employer and specific occupational category is helpful too. I worked in various fields and this helped me get into where I was headed, then I had another external change and went in another direction. I have the feeling that each step helped me get to the next.  

It is important to reflect, keep up your meditation and look after yourself too as you look for next oppurtunities. Best wishes on your journey.",
1qh9d2d,meditation,I struggle with rage,"This past year I have really been struggling with rage. I’ve broken doors, said terrible things, destroyed furniture. Even worse, I’ve done these things to my partner. 

Every time she has taken me back, I know what I’ve done could be labeled as toxic or even emotional abuse. 

What helped change my life was a random quote 2 months ago from Timothy chalomet from some random tik tok. “I am the observer of my own thoughts.” In addition, I’ve started to read on the different parts of the brain and how different regions govern separate functions. Ie hippocampus relates to emotion.

Somehow, this evolved me to conceptualizing this exercise as having two towers built from my brain. The first tower can be described as an ever rotating ball that increases in revolution whenever I am emotionally charged. For some god unknown reason I picture the old time biblical angels as the heart of this tower. The ones that are just a ball with eyes and wings. 

The second tower is the observatory where observance of the angels/spheres of emotional energy take place. 

I’ve had success calming down my emotions to some degree. However it has become less affective over the past month. I have to start naming the actual events and emotions for the observations to start working. 

I don’t have really any deep research on meditation or anything like that. Would anyone happen to know why meditation becomes less effective? What’s the next natural evolution after naming emotions to really become an observer?

Thanks. ",https://reddit.com/r/Meditation/comments/1qh9d2d/i_struggle_with_rage/,Question ❓,2026-01-19 16:46:25,18,27,lyradnis,frustration,10,You'll need to get to the root of the anger to actually get rid of it,"Anger is an emotion that all humans share. But it doesn't burst onto the scene as rage, as you are noticing. It builds up. Slow spin goes to fast spin and then the spinning top overturns.

Anger is a continuum. Impatience, mild irritation are the low key forms of anger.

You need to learn to notice and recognize \*all\* the sources of impatience and irritation. Having critical thoughts toward someone other than yourself is another form (and is usually both impatience and irritation). You do not have the moral right to change others or to want them to be different than they are.

You can only change yourself. So you start noticing every single critical thought you have about others. You may have started ignoring the seeds of your anger long ago. When you have an outburst, it may feel like it comes from no where, but it doesn't.

Every single thing you don't like about someone else is also part of you. You probably are just as guilty of whatever you are raging to others about. So you start noticing your own small weaknesses. 

Raged at someone because why? You broke a door because someone did what? 

Let's say the person said, ""I can't have this conversation any more, I am leaving."" And that triggered your rage.

This is, therefore, an abandonment issue. You fear that others will leave you.

Yes, fear and anger are closely related. Mild anxiety inside your own mind is something you must learn to recognize.

Meditation helps you recognize these mild disturbances in your inner currents. Try picturing those towers with water or even moats all around them. Put a fire at the top of the anger tower. 

Picture the little creatures of anger and worry down there in the water. Notice them. While they are still in the water, they are your friends. Anger is merely the desire **to have something be different than it is.** It's a good emotion, but it can be irrational. You can only change yourself.

You are the object of your anger. Your irritation and impatience is your mind running up a signal flag:

something has to change.

If a circumstance in your life is making you irritated consistently (your housemates, your lover, your job), then meditate on which aspects of the situation you can change. How to change it. How to endure it without demanding change. How to accept it, if need be.

That's how you get to the root of anger. Much love to you.","Being technical for a moment, what you are describing sounds like visualization not meditation. Meditation is a fantastic tool for training the mind to put a space between an emotional trigger (rage for example) and the response to that trigger, breaking stuff for example. Over time this training allows the gap between trigger and response to widen and the emotion then be observed rather than responded to. I term this living life on easy mode, as you get way less grief in your life that way."
1qh7e53,meditation,Been meditating a bit inconsistently… still noticing some changes,"Just wanted to share a small win. I’ve been meditating on and off for a while now (nothing extreme, mostly simple sitting and focusing on breath), and even with that inconsistency, I’m starting to notice something shifting.
I’m not suddenly enlightened or calm 24/7 lol, but I do catch myself reacting slower to things. Like there’s a tiny pause now before I get annoyed or anxious. My mind still wanders a lot during meditation, but outside of it, I feel a bit more aware of my thoughts instead of being dragged around by them.
Honestly didn’t expect much because I’m not super disciplined with it, but these subtle changes are motivating me to keep going.
Just putting this out there for anyone who feels like they’re “doing it wrong” or not progressing fast enough. Small stuff counts, I guess.
Would love to hear if others had similar slow, subtle progress 🙏",https://reddit.com/r/Meditation/comments/1qh7e53/been_meditating_a_bit_inconsistently_still/,Sharing / Insight 💡,2026-01-19 15:36:22,14,3,InteractionPrior4997,fear,1,Awesome. Been noticing the same thing. A very slow but perceptible movement.,,
1qh6aim,meditation,This week's Mantra: OM HRAUM MITRAYA NAMAHA,"OM HRAUM MITRAYA NAMAHA

Creation of Friendship

Creation of Friendship. May the light of friendship shine through me, drawing noble companionship. When we become a friend to everyone, everyone will view us as a friend Chanting this mantra removes the fear of loneliness and provides a vibration towards companionship, unity and communion. It is a pacifying mantra that brings understanding for relationships to be centered in peace. Drawing to our lives the highest most noble of companionship.

For the past few years, whenever I chanted a mantra, it was always OM and nothing else. For the next couple of weeks, I am going to try new mantras. I do not speak anything other than English, so this morning I just read the mantra. Hopefully, by this weekend I will have it down and can focus on chanting instead of pronouncing. 

What mantra are you working with? ",https://reddit.com/r/Meditation/comments/1qh6aim/this_weeks_mantra_om_hraum_mitraya_namaha/,Discussion 💬,2026-01-19 14:55:50,1,1,day_drinker801,fear,1,"Same as last week's mantra; I call it ""do the work instead of talking to yourself""",,
1qh5rrt,meditation,Any insight about yourself you discovered after meditation?,"I thought i was a smart planner. That i analyzed situations to be prepared, a logical and reasonable approach
 

Wrong. I was hypervigelent to threats. I overthought not analyzed situations and events. And I avoided conflict. 

Meditation showed me that I was very much adverse to uncertainty. I am still scared of it but when it arises I am prepared to still make good choices ",https://reddit.com/r/Meditation/comments/1qh5rrt/any_insight_about_yourself_you_discovered_after/,Sharing / Insight 💡,2026-01-19 14:35:23,1,2,Junior_Blackberry779,"confusion, fear",2,Honestly there are so many I cannot count. Probably one of the most important things was discovering that my life is just a story.,That I am separate to my thoughts; that I do not have to submit to my cravings; that many things I was running away from in my head dissolved away when I looked straight at them; that the current moment is far more interesting than the thinking I used before,
1qgwtuf,meditation,First “real” meditation+breath work session,"Hi everyone. I didn’t really know which sub to post this on because I kind of had more of a breath work and meditation session the other day so I just wanted to share my experience. My godfather is certified and training for this kind of stuff so it was helpful for him to have me be one of his “clients”. He led me through an hour long breath work session and this is what I experienced that I’m just looking for some insight in what I found. This is just what I wrote down in my Notes app after the session just ended. 

1.17.26

At the beginning of the session I felt like I was trying to force myself to see something, then once I got into the breath I felt anxious. I started by seeing myself in a forest, I felt kinda lost but also like I was searching for something. Once I got into the cycles I was out of the forest and in the purgatory that I see often. I was running still and still searching for something. My hands got super tingly and numb. My whole body was numb. Eventually I was in the white, crystalline, open place. I wasn’t myself though I think I was turning into my soul. I walked around and was very anxious. I saw a sort of portal that I kept trying to reach. I was running to it. When I was running I was thinking about my childhood trauma. I kept hearing the words: “it’s not your fault” “you are divine” and “you’re proctected” At the end of the portal I was in the crystalline open space, yet there were stars and galaxies in the air. I saw my body. The white crystal version of my was holding hands with my physical body. It was like we were becoming one again.  I felt myself become lighter. We rose into the sky. I got very tired. When I came out of it I was lightheaded, tingly, and dizzy. 

\- integration 

\- Reconnection 

\- The split between who you had to be and who you are ",https://reddit.com/r/Meditation/comments/1qgwtuf/first_real_meditationbreath_work_session/,Sharing / Insight 💡,2026-01-19 06:37:18,3,3,crystallll222,"frustration, confusion, fear",1,Well do you think you are divine? Do you seem yourself worthy?,,
1qgwodk,meditation,Breath counting,"Last year was my worst year so far, and I almost never meditated at all.  
Today, for the first time in a long while, I just sat down and did this breath counting practice:

* Inhale (mentally count ""1""), Exhale (mentally count ""1"") is 1 set
* Inhale (count ""2""), Exhale (count ""2"") is 2 set
* Keep going up to 200 set, then reverse and count back down to 1

It took me about 20-23 minutes, and honestly, it felt really good. I think this method is actually quite effective because it forces you to breathe slowly and steadily for a long time, which naturally activates the parasympathetic nervous system and helps calm everything down deeply.

Has anyone here tried counting like this? Do you think it's a solid way to build concentration and relaxation, or is it similar experiences?",https://reddit.com/r/Meditation/comments/1qgwodk/breath_counting/,Question ❓,2026-01-19 06:28:54,11,9,lifeislikeaboatflow,fear,5,"I have been told to do breath counting on several occasions, both in course and retreats. The recommendation was just to count to 10 and the start again or then count backwards to 0. When loosing track of the countig you just start again.","yes, in my humble opinion this is the most effective meditation. 

it is beneficial to 'count' because it keeps one's mind empty.

it is a method.

method in itself cannot fee one.

but it is a great tool, indispensable 

i think you would benefit if listening and watching ram dass on bbc.","It's a common shamatha technique, sort of like training wheels. With shamatha you watch the breath and return when you realize that your mind has wandered. Counting breaths is the same idea but with more structure. However, altering your breathing is not part of it. Taking a few deep breaths can be a good way to calm down, but systematically altering your breathing can be harmful. The only practice where that's done is pranayama, which requires the guidance of a tantric master to do properly.

Controlling the breath, counting, watching or listening to the sound in the nostrils... Those are all things that one might tend to do in an attempt to control attention. But they should be dropped when no longer needed. The idea is the watch the breath, cultivating attention, not hold onto the breath or fixate."
1qgurtv,meditation,Questions as a Novice,"Hi, I recently just decided to try meditation after being inspired by an Animal Communication workshop I attended.

I decided to learn from Udemy's Meditation Masterclass by Kevin Ellerton and I have a few questions that I can't wrap my head around, hoping someone can shed some light on it.

1. The theory is that Mindfulness is about being present and aware of yourself and your surroundings. Meditation is supposed to be a more focused form of mindfulness. So... when I am meditating and being focused on e.g. my breath or a guided meditation, **is it wrong** if I got too absorbed into whatever im doing and stop becoming aware of my surroundings/other sensations in my body?

2. Im not sure if it is normal --- but when I do visualizations in guided meditations, I find myself always looking on an avatar doing all the actions. Meaning I see in 3rd person POV and the avatar is not even ""me"" in the sense that it looks like me. Just a human shaped placeholder.

very very rarely I can force myself into a 1st person perspective during imagining all these. Even then it takes a lot of effort to hold onto an image. Sometimes I cant even visualise because I have no idea how it looks like in real life. e.g. looking up a tree whilst standing at the bottom (in this case I couldnt decide what my tree looks like, let alone how the leaves and branches look from the bottom view).

Sigh. I posted questions in apps like I Insight Timer and Udemy but no replies usually.

I'm worried I have aphatasia",https://reddit.com/r/Meditation/comments/1qgurtv/questions_as_a_novice/,Question ❓,2026-01-19 04:49:55,1,9,ilikemeesiam,"frustration, confusion, fear, loneliness, insecurity",4,"I'd suggest that you look into real teachers, not self-appointed gurus. Ellerton is a typical case. He went to a Buddhist monastery, had some experiences, then decided to be a guru. Another is Sam Harris. What these people have in common is that they're students who judged themselves qualified to be teachers. Get guidance from real teachers. That's important. 

Meditation and mindfulness traditionally go together. With something like shamatha you watch your breath and come back to that when you see your mind has wandered. That's it. Keep it simple. Mindfulness is the discipline when you're not formally meditating. When you realize you're distracted you just come back to where you are. If you're pouring your coffee and realize you're thinking about work, just let it go and come back.  If you're crossing a street while you think about your lover, just drop it and come back to crossing the street. 

You don't need to focus. Just come back. Don't try to hold onto that. Just practice letting go fixation and coming back. If you think of mindfulness as a constant method then you'll end up in a fantasy about paying attention, or you'll end up fixating. Then you'll do things like banging your coffee cup on the counter because you were so busy being aware of putting the cup down that you neglected to actually pay attention to where the cup was in space.

With visualization the main thing is to feel that you're there. Visual clarity is not important. But personally I would advise that you avoid such practices unless assigned by a qualified Buddhist teacher. Visualizations bring value judgements into the mix and usually end up being based on pop psychology ideas.","The zen approach or The Dao are more honest and closest to reality. 

Just sit, observe what is. And breathe.",I don't subscribe to what you define as mindfulness (as many others do) which is being aware of what you experience and holding on to that experience or object because all that is doing is perpetuating the subject object relationship of duality. For me meditation is transcending objects to experience pure non-dual awareness.
1qgt3p9,meditation,Simplest app approach for beginners,"I know various versions of this have asked before but I’m not quite finding what I’m looking for and could use some help.

I need a guided meditation for stress basically spoon-fed to me and the apps I’ve tried are all too complicated. 

I just joined calm premium and instead of a plan I’ve been offered 1000 different meditations, sleep sounds, check ins etc. I have no idea where to start or how to organize this mess. There’s got to be an easier way.

TLDR- if you were starting from zero and needed a plan spoon fed to you, where would you start?",https://reddit.com/r/Meditation/comments/1qgt3p9/simplest_app_approach_for_beginners/,Question ❓,2026-01-19 03:28:34,4,26,Fun-Marionberry4588,confusion,10,"Just pick a meditation and do it. Do it every day. There is nothing to “organize through”. Open the app. Open any meditation. Meditate.

Imagine you were learning to ride a bike and you got caught up on the exact specifics of types of bikes and types of wheels and types of handles for your starter bike. It doesn’t matter. It won’t help you. You just need to get on the bike.

You do not need an app to meditate. 

A spoon-fed guide to unguided meditation: 
Focus on the breath. When your mind drifts away, gently bring it back to the breath. It will drift A LOT. This is fine and normal regardless of experience. Set a timer for 2-5 minutes. Try meditating every day. There is nothing else to it.

Wishing you luck on your journey.","Maybe try the Waking up app. It has a lot of guided meditations including a complete course of about a month of daily guided meditations where the principles are explained gradually while practicing. After that it has various 'courses' to follow once you have the basics down.

I found this app very helpful to get started and still use it several years later. It has a large library of guided meditations as well as theory teachings.","This is the classic ""Netflix Problem."" You open the app to relax, but get stressed out just trying to pick something.

Since you already paid for Calm, ignore 99% of the app. Pretend the ""Sleep Stories"" and ""Soundscapes"" don't exist. They are clutter.

Here is your spoon-fed plan. Do not deviate. Do not scroll.

The ""Calm"" Protocol

Step 1: Open the app. Step 2: Click the search bar (magnifying glass). Step 3: Type ""7 Days of Calm"". Step 4: Press play on Day 1.

Why this works:

* It is linear. You don't have to choose. Tomorrow, you just press ""Day 2.""
* It is taught by Tamara Levitt. She explains the basics simply.
* It is short (about 10 mins).

The Rules:

1. Do it at the same time. (Right after coffee, or right before bed). Decision fatigue kills habits. If it's a routine, you don't have to decide.
2. After the 7 days: Search for ""21 Days of Calm."" Do that next.

If you hate Calm and want to delete it: Download an app called Medito.

* It is 100% free (non-profit).
* The home screen literally has a big button that says ""Daily Meditation.""
* You press it. That's it. No choices.

Start ""7 Days of Calm"" today. Good luck."
1qgs1w6,meditation,Considering…what is safe to teach to others?,"I have a friend who is interested in meditation, so I agreed to teach them a bit. 

But as I was trying to consider what would be most beneficial to her at this moment, (they are a pure beginner who has been experiencing a lot of anxiety due to the recent, suddent deaths of 4 family members including her father), I’m trying to be considered what would be safe to teach.

Afterall, meditation can stir things up for people and I will not be with her every time she meditates.

Perhaps a breath focus would be a good, gentle entry? Or metta?

She was asking for something that might help with her anxiety. I know some people will say “recommend she find a therapist”. I mean yeah of course, but also is there a gentle practice I can probably safely recommend?

More broadly I suppose I am wondering what is safe and good starting point to teach to beginners?",https://reddit.com/r/Meditation/comments/1qgs1w6/consideringwhat_is_safe_to_teach_to_others/,Discussion 💬,2026-01-19 02:39:37,5,7,sleepy-bird-,frustration,5,"'anchoring the breath' is generally a good foundational practice for anxiety sufferers - [https://www.youtube.com/watch?v=N0fTg23psfw&list=PLCUw6elWn0lghivIzVBAYGUm7HwRqzfQp&index=1](https://www.youtube.com/watch?v=N0fTg23psfw&list=PLCUw6elWn0lghivIzVBAYGUm7HwRqzfQp&index=1) (in 2 parts). Bear in mind though, that even with practices that are mostly good for anxious people, there will be some people that get no effect, or even find it makes things worse. This applies to any practice, so maybe have a few options in different styles, or at least be ready to switch up if needed.",Mindfulness of the breath and metta are often recommended as safe practices for almost everyone. So I believe your intuition is spot on here.,"Can't go wrong with loving kindness. If you have the opportunity, meditating with her would do more good than any technical advice. Then, let her talk about her impressions and questions. Your presence, as someone with more experience, will serve as an anchor - as long as you hold the space without trying to interfere. 

Ideally, you could do one session a week/fortnight together, and in between she can practice on her own, and then check in with you. Considering the situation you mentioned, the support of a good friend would certainly be a great help to her. Obviously, that's depending on your level of involvement.

For her practice, have her start with loving kindness [metta] and then just sitting with the breath. For instance, alternate one day metta, one day breath focus - just one 10-minute session per day. If the anxiety gets too much, return to metta. She can do that even without your monitoring, and it's risk-free.

For youtube teachers, Thich Nhat Hanh is good, very soothing. Just keep things simple, no technical jargon."
1qgosxs,meditation,I keep stopping myself,Im aware of why I have the issue but im not sure how to get past it.(I have ocd) I feel like I get 30 minutes in and im just about to reach a point of peace but then I get the feeling that I cant breathe or I get really scared because I can feel my body. Is there something I can do or do i just endure it?,https://reddit.com/r/Meditation/comments/1qgosxs/i_keep_stopping_myself/,Question ❓,2026-01-19 00:12:02,3,10,zz23605,"frustration, confusion, fear",5,"People with trauma or possibly OCD as you said can feel dysregulated when they become less dissociated for the first time.

This is normal. For you, it would be best to stay within what is called the “window of tolerance.” So trying tiny touches of discomfort without letting your nervous system go into dysregulation.

Stopping yourself when you get panicked is a good thing. 

You might consider when panicking to try a grounding practice. 

For example, my grounding meditation practice is to imagine myself as a tree. As I breathe in, I imagine the roots of tree pulling energy in and filling the body and leaves of my tree. As I breathe out, I release tension energy into the ground through roots. Focus on the roots literally rooting you to the ground and the movement of energy with the breath. You can also look into other grounding practices. 

Anyway, the key is to recognize your feeling of fear, then practice telling your nervous system you are safe. You can also do this by getting up and walking around. Or other techniques.

Bwst of luck to you",yes.  get up.  That is a long time to sit.,"You're genuinely diagnosed OCD?

What's you're methodology/style of meditation? What's the process like?

If you don't incorporate breath control I'm curious how you're sitting and what the focus is on...?

Different types of meditation can be harmful for some people. I'd highly suggest looking into guided to try to glide through and past the problem you're having, or ask your self why it's happening? Sounds potentially like anxiety attack type trauma maybe surfacing in your subconscious, but that's just my best guess..."
1qgo5xk,meditation,Will meditation help when trying to go sober?,"Hi all, I’ve been smoking weed heavily every day for a little under a year now. It started slow, but I looked around one day and realized that this plant is ruining my life. I’ve become someone I don’t recognize, I don’t partake in my hobbies anymore, and more than anything I’m terrified of dissapointing my parents. They’ve worked so hard and sacrificed so much for me and I don’t want to throw that all away because I can’t get my shit under control. 

I want to try meditation, because my boyfriend does it and it seems to help him a lot. I’m on my second day of sobriety and have been feeling some anxiety. I’ve been reading that it may get more intense over the next few weeks, and I want to try to be equipped to cope with it. 

Does anyone here have experience with using meditation as a way to get sober? Did it work? Any tips or tricks would be appreciated

Thanks all",https://reddit.com/r/Meditation/comments/1qgo5xk/will_meditation_help_when_trying_to_go_sober/,Question ❓,2026-01-18 23:44:26,66,54,neonpinkparty,frustration,10,"Meditation is a HUGE part of my journey to sobriety. I was using weed all day every day, a true addict. I’m 45 days clean now, no longer on anxiety medication or antidepressants and meditation is to thank for that. I mediate 3x a day and I can’t imagine life without it.",Check out www.recoverydharma.org,"Yes, meditation can help with addiction. Addiction might seem like it’s mainly about cravings, but it’s often more about the negative feelings that arise when the substance isn’t in your system. Those negative feelings tend to trigger cravings, and meditation helps change how you respond to them by strengthening emotional regulation and awareness. Mindfulness and meditation practices can calm the nervous system and improve stress responses, which supports recovery. It’s interesting to note that negative feelings such as boredom, irritation, and stress are stronger predictors of drug relapse than the intensity of cravings. Meditation, specifically, has been shown to reduce both negative emotions and stress, as well as cravings"
1qgnd5t,meditation,"Questions from a noob trying to understand how meditation can selectively ""suppress"" unhelpful thoughts but not helpful ones?","Hi all,

If you would be so kind, I have a few questions for well-practiced meditators. (I'm trying to understand what is actually going on neurobiologically, as I want to start my own regular practise, but I'm so much more compliant when I can understand how something works.) 

Take someone who is a novice meditator (like me), for example. If I'm in a session where I'm trying to notice any subconsciously generated thought and then to simply redirect my focus back to the present moment (and then let go), I often find I've ""fused"" with a subconsciously-generated thought and run away with it before I even realise what's happened. Only then do I (sometimes) get a bit of distance between myself and the thought such that I can redirect my focus to a present moment anchor. 

I've read of experienced meditators reaching a state where their mind is pristine, and very few of these intrusive thoughts ever permeate their conscious. 

My first question is this: if you have reached such a state, would you say that the intrusive thoughts don't reach your conscious OR would it be more accurate to say that they still do reach your conscious but that your habit/skill of redirection automatically dismisses them such that you never fuse and run away with them? 

I ask all this because, as I understand, when in a state of mind-wandering (such as a slow walk, or doing a mundane task like showering or brushing your teeth), a lot of cross-domain insights occur. These are technically thoughts generated by subconscious through associative recombination of ""automated"" knowledge. 

Obviously, these thoughts - these insights - are golden. You don't want to suppress or prevent these from ever entering conscious!

So how can meditation allow for selective suppression? Do you still experience insights during periods of mind-wandering? 

Thanks so much to anyone who takes the time to answer this. My mind is a confused mess (oh the irony), so any insights (ha) you can provide would be so helpful. 

",https://reddit.com/r/Meditation/comments/1qgnd5t/questions_from_a_noob_trying_to_understand_how/,Question ❓,2026-01-18 23:10:32,4,29,julieeeette,"frustration, confusion",10,"The words you use imply some specific ideas I'd like to address. That's the best way I can think of to explain this.

""Supress"", ""fuse"", and ""redirect"" all have a very active and aggressive implication. Meditation isn't about suppression at all. When a thought occurs to you, simply acknowledge it within yourself, but do not follow. If you do follow, do not worry. Do not scold yourself, simply take notice of that too, and then gently turn your gaze back to your breath. 

It's not about ""controlling the mind"" or ""calling one's self to heel"". That is simply not possible. It is often said that meditation is like guiding an elephant. It must be done with intention, but very gently, because the thing you are guiding is so much stronger than you that it absolutely will run away with you if you are not careful and respectful of it's strength.

It sounds to me like you are trying to force it which simply won't work. A mind is far to powerful and turbulent a thing to force into order. It just won't last. Meditation is about learning to subtley turn your attention away from anything. The skill you are practicing is gently turning away.",Suppressing is not advisable. It can be harmful. I highly recommend reading... Illumination: A Guide to the Buddhist Method of No-Method by Rebecca Li.,"I’ll touch on the neurobiology a bit - since I find it actually helpful for demystifying some of the meditation terminology. 

So, your brain has attention networks, primarily in the frontal and parietal lobes, and these coordinate with networks that handle things like sensory integration and body proprioception to create the the awareness that we generally think of as consciousness. Just that feeling of experiencing and having sensation, where all the inputs come together. 

We also have a number of parts that come together to create the Default Mode Network (DMN) - this is the stream of thinking that kicks in whenever you aren’t busy with something else. Ever notice that you don’t think a lot while you’re doing something very engaging, like watching a movie you like, or having sex? And then the thinking switches back on as soon as it’s over? That’s the DMN kicking in. 

The thing about the DMN is that left to its own devices, it just babbles. It interprets everything in terms of how it relates to ‘me’ - and it insists that it *is* you. It attempts to explain everything that you do - and often is rationalizing decisions made in totally different parts of the brain, trying to create posthoc ‘reasons’ that make sense. 

Your experience of getting sucked into a train of thought is universal - that’s your attention centers being ‘captured’ by the DMN. When we redirect in meditation, we gradually train our attention centers to give less weight to the DMN. For me, after several years of meditation, the best analogy is that it seems like the volume knob has been turned down on my thoughts. They are far less likely to interrupt what I’m doing, and when they grab my attention I often respond in the same way that I do during meditation- I simply go back to what I’m doing. During deep meditation, I sometimes reach a state where it’s almost as if I can see the thought starting to form. There’s a fleeting impression of an image of concept that ‘bubbles’ and then stops. Interestingly, I often have the sense that I know where the thought was going even though it didn’t form. Probably because DMN thoughts are so repetitive (oh, it’s a thought about my ex-wife? Well, we know how that’s gonna go). Perhaps it’s true, perhaps not. I don’t know. 

Anyway, for me this helped me get clearer on what I was ‘trying’ to do in meditation. I’m fully Zen Buddhist and believe in the spiritual aspect as fully as the neurobiology. I don’t see them being in conflict. Overall, I also find it helpful to think of meditation like going to the gym for your mind. Returning to the present is doing your reps - each time you do it, you get better at it."
1qgn1af,meditation,I heard meditation makes **sleep aware** — what does that mean?,"
I heard that meditation practice can lead to **sleep aware** states.
I don’t really know what **sleep aware** actually is.

Basic doubts:
• What does **sleep aware** mean in meditation?
• Are you conscious during sleep, or just more aware around sleep?
• What does **sleep aware** feel like in real experience?

Practice questions:
• How does meditation lead to **sleep aware**?
• Does it happen naturally or through effort?
• How much time or practice is usually needed?

Benefits:
• Are there benefits of **sleep aware** (rest, clarity, meditation depth)?
• Any drawbacks or risks?

If anyone is experiencing **sleep aware**, please share.",https://reddit.com/r/Meditation/comments/1qgn1af/i_heard_meditation_makes_sleep_aware_what_does/,Question ❓,2026-01-18 22:57:06,1,6,Happy_Honeydew_89,"confusion, insecurity",6,"What could sleep aware mean?: 

From my experience, learning, and opinion - sleep aware would be when consciousness bleeds into sleep (both states of consciousness). When the individual consciousness is aware while the body is asleep. A rare state usually requiring hours of quality meditation each day. Usually only found in extremely serious practitioners, or people in full immersive retreat settings with weeks to months of 6-10hr days of meditation.  Possibly a meditator with years of daily practice. Usually the requirement is an extremely deep immersion into samadhi. Then when is someone is so fully rested, that the experience of meditation occurs overnight when one is usually asleep. Associated with perpetual consciousness. A state of enlightenment that not everyone will go thru. 

If you witnessed someone in this state, they would appear to be fully asleep, but their mind/body/soul awareness would be aware of what’s going on. It’s difficult to explain, and really only something that can be experienced. Should not be the goal of meditation in my opinion. Just something that can develop on the path.","I have had periods of time where my awareness persists from the waking-dreaming-sleeping states. This has been more common or sustained for regular periods after meditation retreats but can occur whenever. Everyone experiences this every night as that part of our awareness never really leaves but you can be more or less awake to it.

The experience is fairly simple just a persistence of awareness from waking to sleeping and dreaming. So through the night there is an awareness going from multiple dreams, for myself it is just a sense of watching/witnessing where it goes from dream one to silence, dream two to silence, dream three etc. So just a sense of awareness maintained through all stages of sleep from dreaming to deep sleep. Some people with this awareness find themselves becoming lucid in the dream state but I don’t generally tend to do that. It’s more like watching beyond it for me and I don’t interfere with it. Still feels restful afterwards as well. Also means memory of dreams is always there if you want to recall them.","I have lucid dreams sometimes, without meditation. I realize it's a dream without waking up, then I can edit the dream, like start flying or add some people I like etc.


I've also had sleep paralysis once. Also without meditation. It sucks."
1qgf1rl,meditation,Self Inquiry Experience,"Hello all,

This morning in self-inquiry, I felt myself sinking progressively deeper into awareness. At first it seemed to shift behind me, then it moved forward and felt as though it were streaming out through my forehead, and then it would slide back again behind me. It kept oscillating like this, forward, backward, dissolving into nothing, then returning to the brow, then expanding outward, then contracting inward. Thoughts would disappear and then reappear, like waves passing through open space.

At some point my awareness turned into a luminescent light. There was a profound peace in it.

My heart began racing because it genuinely felt like I was dying. I stayed with it, letting the sensation be there, but my nervous system was in alarm even as a deeper calm rested over the top of that panic. My eyes began flickering intensely, then stopping, then flickering again, while awareness kept slipping back into that spacious “behind me” perspective.

When I finally came out of the meditation, I felt almost intoxicated, very high, and my body started shaking and feeling cold. Going for a walk afterward helped ground me back into my body and the world.",https://reddit.com/r/Meditation/comments/1qgf1rl/self_inquiry_experience/,Sharing / Insight 💡,2026-01-18 17:44:57,2,5,KrishnaLove_,fear,2,It's good that you instinctively felt that you wanted to go for a walk to ground yourself. Also that feeling of fear and trepidation as you go into an unknown experience is quite common. If it becomes bothersome then maybe just back off and do shorter sessions and progressively increase over time.,Where is awareness located now?,
1qgdpx9,meditation,The Inner Ocean,"It' been almost a year since I'm practicing with Transcendental Meditation every day. 

During this time I started noticing many, and I mean MANY, more things both inside of me and in the world outside. It's not about psychic powers, or seeing auras or doing miracles or any of that. It's something both much more simple but also much, much more deep and interesting.

There are really no words that I know that allow me to describe what the practice has unfolded to the eye of my mind, but I'll try my best.

The most essential effect of the practice has been the realization of an ""Inner Ocean"". It's like a window has been created, between the ordinary consciousness and a wider, bigger abyss of pure awareness. It is beyond anything I've felt before, a clear light shining into this endless space of potential, this naked consciousness reaching dimension of Being that I never suspected. I was flabbergasted by the realization then, thinking ""so THIS is what we truly are"". Now I see humans as works of art, the purest Art, gems of existence shining with the light of the Infinite. I know this words may look strange, but it's what is coming from within my heart. We are beautiful, the most beautiful element of existence.

A new awareness is growing from this simple act of opening this window. Reality feels more real, I see more details, hear more in every sound, feel more emotions than before. In many aspects it is similar to irony. You just get it, without words, you feel it within. Creativity is boosted to some extent, my mental imaginery is much mire detailed, sometimes I enjoy dedicating time just being here, letting my mind flow freely. And ohhhh boy, the things that come up when you allow your mind not to do much at all ! 

I used to be anxious, depressed, live to bear living, like a survival mode. My dedication went all to distract my mind from the moment I woke up to the moment it was time to go to bed. Now I feel this ""hunger for life"" coming from inside. I wake up and I smile, I think that I have a new day to meditate, to learn something new, to read, to enrich myself a bit more, to dedicate time for the people I love. The sensation of ""being here and now"" is more powerful than I thought, that I could ever suspect. I am HERE, I can't put this in words but it's incredible, to know you exist, that you can read another story, go to nature, increase your knowledge, see something new into yourself, explore a new place.

Lastly, I've been noticing another new change. Reciting my Mantra, I felt a center of warmth inside my chest, behind the solar plexus. Whenever I focus on it, I feel it. It radiates pure love to the outside world, and by maintaning my foucus inside it I feel peace, and I see an almost sacred beauty in the most abysmal things.

I look forward to see what other things I'll meet along the way. What has meditation changed in you ?",https://reddit.com/r/Meditation/comments/1qgdpx9/the_inner_ocean/,Sharing / Insight 💡,2026-01-18 16:55:04,18,4,That_JustYourOpinion,"frustration, fear",4," Beautiful, thank you!",Wonderful!,Beautiful. Can you share any resources that you found particularly helpful in getting you to where you are?
1qgc2xw,meditation,I haven’t been meditating regularly for a couple of years but yesterday I couldn’t sleep and I had a crazy experience,"Like the title says, I have not been meditating with any regularity over the past few years. Last night, it was 4am, I was hungry and I couldn’t sleep but didn’t have any food to eat. So I decided to meditate in bed and see if it would put me to sleep.

I’m not sure how to describe the place I went to except to say that it felt like, after a few minutes, I kind of slipped out of my regular experience of things, in particular my own thoughts. It kind of began with this absolutely wild visual flash of a scene of a boat floating on a golden ocean with a golden sky. Incredibly beautiful and fleeting. After I saw that, I felt like I had absolute clarity over my thoughts. I could see clearly that certain thoughts I had were grasping at desires for example. And it felt easy to separate myself from the emotions behind those thoughts and analyze them and accept their cause. At one point, I was thinking about a situation in my life and a strange, deep, low, almost scary voice said “reconciling” in my head. And I realized I am trying to reconcile two incompatible parts of my life. 

I’m not sure how long it lasted but at a certain point, it felt like a natural place to come down and I opened my eyes and went about my day in a fantastic mood. Everything felt clear and light. 

Has anyone experienced similar effects after not meditating for a while? I’m confused because I thought this was the kind of experience you get after years of dedicated practice. Could it be because I was hungry and tired that I had this almost psychedelic experience?

Would love to hear your thoughts. Also wondering what others’ experiences of visual flashes of images is like/hearing voices. I find this to be so fascinating and wonder what’s happening in my brain. Thanks! ",https://reddit.com/r/Meditation/comments/1qgc2xw/i_havent_been_meditating_regularly_for_a_couple/,Sharing / Insight 💡,2026-01-18 15:53:15,6,1,No-Description-4106,"frustration, confusion",1,"It's not really possible to comment about it this because you had a unique kind of experience based on your own memories and conditioning. All I would say is that it was just an experience, that's all. Experiences aren't important. It is what is prior to experience that we need to investigate which is awareness and that is the whole point of meditation, to go back to the silence of primordial awareness.",,
1qg7not,meditation,Body freaks out during meditation,this may sound odd but i want to know if anybody else has experienced this or has any answers for me. so ive been trying to meditate recently and every time i reach a feeling of being light and floaty my body freaks out and pulls me out of it. i don't know why this keeps happening but it's frustrating and i don't know how to stop it from happening. does anybody have any answers for me?,https://reddit.com/r/Meditation/comments/1qg7not/body_freaks_out_during_meditation/,Question ❓,2026-01-18 12:44:24,7,14,Aggravating-Win-4659,"frustration, confusion",8,">it's frustrating and i don't know how to stop it from happening

does the frustration come from the lack of perceived control or something else?","My body does this, it'll twitch and sort of mildly jerk away from the peace I'm trying to connect with.

At some point, I had reached a ""deep enough"" meditation, where I was able to observe these twitches as the same thing as how my thoughts pull at me and resist the peace that is forming. These mild physical movements were the same thing, thoughts, but they were too rapid for me to identify them originally.

They seem to be rapid pulls on my attention, a fear of quieting my mind, my mind trying to protect me by attempting to predict ""what if..."" scenarios. My body twitches, as if physically pulling away or flinching from someone startling me or something.

""Don't fully relax, what if there's a tiger just outside your view, stay vigilant.""","Pretty common experience, your body is rejecting the meditation because it's uncomfortable"
1qg6zt3,meditation,Benevolent awareness/compassion,"Last night I had an insight that I hope will last. I could not fall asleep, so I read a bit in Happiness by Matthieu Ricard. On one page he suggests using thoughts as a meditation object and says that one should keep returning to the object, “like a butterfly that repeatedly lands on a flower to drink its nectar.”

While doing this, I found it interesting how I was able to observe myself. With thoughts, this felt different than with the breath or with open or resting awareness. It genuinely felt as if I were observing myself, and that in a **naturally benevolent way**.

This made me think of the chapter “Survival of the Most Compassionate” from one of Yongey Mingyur Rinpoche’s books. Unlike any other animal, we are completely helpless at the beginning of our lives. We need a great deal of support for a long time. Someone who receives none of this would not even make it into adulthood. In addition, humans are probably naturally endowed with a strong capacity for compassion through our genes. This means that even people like me, who grew up in difficult families, already have and could give themselves what they need most. We simply have to realize it.

What are your thoughts on that? 

Is this one of the insights that meditation is meant to reveal?",https://reddit.com/r/Meditation/comments/1qg6zt3/benevolent_awarenesscompassion/,Sharing / Insight 💡,2026-01-18 12:08:37,1,1,Epictetus190443,frustration,1,What that book describes is how we use a meditation object. So it could be a thought and as he says it's like the butterfly coming back to the flower and lightly touching it and then flying away again. The flying away happens when another thought captures your attention momentarily and you forget about the meditation thought but then the butterfly comes back again repeatedly to the flower. Rinse and repeat.,,
1qg2mcf,meditation,Completely empty mind,"I meditated since I was kid. now I'm 32 and something crazy happened over last years. now I realised that I have no internal monologue, no thoughts.  My mind is completely blank and sometimes I catch myself like I just stare at things I feel stupid sometimes I have no will or motivation to do anything, I'd relax all day. I lost most of my life goals all doesn't matter .if I have task to be done or think about something to do I  really have to focus and put so much effort. did anyone experienced that ? is this normal ? now I'm working also on emotional state and I also start to see it so distant like it's not even mine... I'm completely out ",https://reddit.com/r/Meditation/comments/1qg2mcf/completely_empty_mind/,Discussion 💬,2026-01-18 07:52:49,105,90,khyriah,confusion,10,Mahayana Buddhists might say to cultivate compassion in order to motivate you to engage with the world and help suffering sentient beings.,"I went through this. Like you, I've been meditating since I was a child. And like you, there are no thoughts unless I choose to think.  Like you, I can look at things and not spin up any processes to analyze what I'm looking at.

You have to figure out how to get past this.  That state is peaceful (but not really because peace is a narrative too) but it's not useful, as you're finding out.  Start making the effort to spin up the cognitive processes to plan and do things.  You have to break that stillness of momentum. You can get better at keeping the empty-mind state while you're doing things, but you have to get back to the doing things part first.

Feel free to DM me if you want to talk about it more. I've been where you are.",Sounds like depression to me. (I am NO EXPERT!!! If you are curious to if this might be the case ask an expert!)
1qg2ezw,meditation,Identity became very solid then it started dissolving,"Since the very beginning of my life, I carried a strong belief: I can do anything.

I didn’t pick this up from books or teachers. I explained it to myself. I observed that successful people seemed successful mainly because they knew how to use their minds. And I believed God had created all human beings equally with the same potential. So I concluded: if I make my mind powerful enough, I can achieve anything.

This belief didn’t come from verified truth.It came from self-affirmation, logic, and assumption.Without realizing it, that belief quietly paved the way for a strong ego identity.

At a young age, I wasn’t aware that what I think and what I feel is not truth  it is my own creation. It felt real to me, so I treated it as reality itself. I didn’t want to listen to others. I wanted to find truth by myself.But the “myself” I was exploring from was deeply identified with this body and mind.There was a clear but unconscious perception:

This body that thinks, analyzes, decides this is me.

In that unawareness, I used my mind aggressively to the point of almost breaking it. Constant involvement with thinking created a very strong identification with thoughts themselves. If anyone questioned my beliefs, I defended them intensely. Challenges felt like threats.

At the same time, there was a strange openness inside me. Somewhere deep down, there was a quiet sense that I actually don’t know anything. That tension  between arrogance and humility kept playing out.

I kept correcting myself, pressurizing myself to act a certain way. Even with my mind, I interfered constantly. I didn’t like unnecessary thoughts, especially fear-based ones. So I tried to control the mind not out of wisdom, but fear and uncertainty.The more I tried to control, the more intense self-actualization became.And strangely, that intensity eventually opened the door to dissolving the very “self” I was trying to perfect.That shift did not happen through effort.It happened through grace through one person’s words sinking deep into me:

“You are not the body. Not even the mind.”

At first, it was just an idea. I wasn’t entertained by it; I didn’t believe it. But through meditation and simple yoga practices over the years, something experiential happened.A clear distinction formed.Thoughts still came.

The mind still functioned.But it was evident: I am not them.With that recognition, I slowly withdrew the authority I had given the mind to decide truth. Awareness itself became primary. I began allowing the mind to be exactly as it is  to think, fear, plan, wander without interference.One practice that became deeply integrated into my life is Shambhavi Mahamudra (also known as Inner Engineering). Through this, I saw clearly that joy is not something the mind needs to generate. 

Joy is the natural state when we stop interfering.Just like digestion  I don’t control it.I only decide what and how I eat.The rest happens on its own.I see the mind the same way now.I cannot stop the mind.But I can orient it.

I can conduct it.And that, for me,Not control.Not suppression. 

I just wanted clarity, not to control things. Letting life flow and enjoying every moment like it’s new.",https://reddit.com/r/Meditation/comments/1qg2ezw/identity_became_very_solid_then_it_started/,Sharing / Insight 💡,2026-01-18 07:40:19,60,4,SubjectSpecialist265,"frustration, confusion, fear, loneliness",3,"Truly resonates 🙌 Simply experiencing that you are so much more than just your thoughts and emotions. The awareness that you can choose if you want to think about something or not. The choice to decide how much emotional energy you want to spend on things of the past.
That freedom feels like a new life ❤️",R u a student of isha yoga by Sadhguru?,This is really beautifully said. That shift from controlling the mind to witnessing it resonates a lot clarity without force is powerful. Thanks for sharing.
1qg0xqz,meditation,Some progress I’ve made in meditation,"I’ve recently posted on here, saying that I’ve struggled a lot doing meditation. I’ve even said that it doesn’t work. But I recently watched a video that was describing it and the aspect in zen called “beginners mind” I tried that out and it really opened my eyes.

In reality meditation is a tool to file down to the essence of reality. We are buried under so much thoughts and beliefs about the world that when it comes to meditation it can be overwhelming. But when I sit there and notice my breath with no thoughts or bias, just thinking “in, out, in, out” I feel so incredibly peaceful. After the sessions I feel energised and focused and awake. And I find myself not getting stressed out as much, or well, I choose not to get angry at things.

I’m able to do 20 minute sessions now a day which previously seemed impossible. I’m really proud of myself. I just struggle with motivation. Facing reality can be hard, but when you do, you feel awake. One thing I’m curious about now is other techniques. Is it a good idea to try others out while focusing on your main meditation? ",https://reddit.com/r/Meditation/comments/1qg0xqz/some_progress_ive_made_in_meditation/,Sharing / Insight 💡,2026-01-18 06:16:48,2,2,Sufficient_Network43,frustration,1,Can you link the video?,,
1qfyx1p,meditation,How did you improve visualization?,I’ve been meditating for around 2 weeks now. I’m not sure if I’m even doing it enough. I do it every morning for around 20 minutes.. i started off doing like 4-7-8 breathing then switched to mindfulness meditation but it does make me tired the rest of the day .. i think I’m getting better though? I try to intentionally imagine stuff like say an apple and it’s really hard and very faint so doing visualization meditation feels kind of pointless to me because i can’t imagine any of the things the guided meditation is saying .. how did you get better at it? Any meditation tips for a beginner? ,https://reddit.com/r/Meditation/comments/1qfyx1p/how_did_you_improve_visualization/,Question ❓,2026-01-18 04:32:00,2,6,OkraQuirky6357,"frustration, confusion, insecurity",3,"just put ur focus into details, i can visualize a whole city with buildings and people walking every outside everywhere in very high detail, to do it longer u just repeat 1-3 secs trying hard as you can.","another thing that helps is to visualize and just keep on going visualizing whatever you sense is easiest, random things oerhaps or simple then kore and more complex as yiu go :)",Perhaps focusing on the breath at the nostrils or abdomen would be less tiring than visualization for you? That is the traditional method.
1qfsd26,meditation,i’m scared of meditation?,sorry if this is a really weird post but has anyone felt scared of meditation before? and what did you do to overcome it? thank you in advance! i do really want to try it out it just spooks me in the same way ouija boards do,https://reddit.com/r/Meditation/comments/1qfsd26/im_scared_of_meditation/,Question ❓,2026-01-17 23:30:52,22,35,roseisasleep,fear,10,"I pushed through my fears, which led me to understand the reason behind me experiencing strange sensations while meditating. 

It took me several tries but after I understood fear just dissapeared, at least in that aspect of my life.

Meditation and any practice that allows you to connect with the deepest parts of yourself will allow all repressed emotions and traumas to surface to conscious level, for you to process it in the correct way, or if you are afraid, to keep pushing it to unconscious levels until you can't keep doing that.

Going through those uncomfortable sensations will not only help you with your mental health, it will also shield you from future events in which those sensations are tipically triggered.","It’s because meditation is a type of irreversible inner death. Many people don’t realize what meditation actually leads to. The reason it leads to complete inner death is because it’s necessary for a person to reach enlightenment. 

Meditation is actually the one and only path to enlightenment. And it means a person has to make themselves completely and entirely empty inside, so that next that empty space can fill with light. Meditation is the slow erasure of your egoic sense of self. Of your identity. 

When people meditate, they’re slowly emptying themselves. And the changes they make within cause permanent changes to their energy that can’t be undone. So you have every reason to be afraid. A person should really only meditate if they’re ready for whatever changes may happen to their personality, energy, etc. 

The reason meditation is life-changing for some people and not for others, is because some people are ready for that complete and total surrender. Whereas others, they’re not really ready to surrender their identity, so it limits how much it can affect them.","feel free to skip it.  Meditation is serious stuff.  Find a teacher in person where you live or just got o church.

just because it is trending doesn't mean you should ignore your fears.

I've taught loving kindness for 10 years and think it offers a practical benefit to me and other people who are you know thinking or overthinking.

Everyone has fears. Fears come up wen you are looking at anything new.  We are monkeys.  We prefer the fears we know to the uncertainty we don't know.  If you find yourself meditating and opening up to spiritual experiences that don't feed you and make you want to help others,  just stop.  Find a teacher and start a conversation.

so don't let fears lock you up from experimenting.  The Buddha's offer is to test it out and see if it works for you.

Add Tiny Habits by BJ Fogg to run the program and build a muscle.

Someone on this subreddit had a whole 6 steps for rules when in meditation circle. Find them and obey.

Good luck.  Most. of what I find from meditating is not to take myself so seriously,

It helps when your mind is going off the rails.  And whose isn't these days?"
1qfq7fn,meditation,After We Begin Questions,"""After the Introductory Course"" playlist. Enlightening for all levels. I found this playlist from the Waking Up app compelling. Tap the link to listen for free. If you cannot afford an ongoing subscription, Sam offers discounted and free, as everyone should have access to the wisdom of spiritual awakening. I've been using it for 2 years. New contributors monthly. There's always something there that helps me through whatever my most recent challenge is, during meditation or otherwise! The only request is to share❣️

https://dynamic.wakingup.com/playlist/PL9E5DDCAB?source=content%20share&share_id=96FDC3AE&code=SC2C056A5 ",https://reddit.com/r/Meditation/comments/1qfq7fn/after_we_begin_questions/,Resource 📚,2026-01-17 22:01:04,1,0,Slow_Afternoon_625,"frustration, confusion",0,,,
1qfpold,meditation,Meditation chair?,"Hi. My meditation center has some chairs for folks who can't do the floor, but they are really not very good chairs for meditation--they make it very hard to have erect posture. I wonder if anyone has any recommendations for chairs that work well? I recently had the chance to sit in a ""cello chair"" (a chair designed for cellists, which tilts slightly forward and has a very supportive back), and I thought it could be good, but I haven't been able to actually try meditating in it. I would love to hear if folks have any recommendations. ",https://reddit.com/r/Meditation/comments/1qfpold/meditation_chair/,Question ❓,2026-01-17 21:39:34,3,6,AntiqueMaintenance10,frustration,6,"Not sure what the exact accommodation needed is, but I really like using a kneeling bench; keeps my back very straight (you’ll need a mat under it if you don’t have carpet though)[kneeling bench](https://a.co/d/hjuNRVx)",When I have to sit on a chair at a meditation center (ie not at home) and want to be serious about meditating properly I just scoot forward a bit so I can put my feet on the floor and sit upright without leaning on the chair’s back.,"A simple hard stool, of the right height for your anatomy."
1qfls2f,meditation,it's calling. are you going to answer?,"so i've been ignoring this feeling for like... years probably. that pull to just sit down and be quiet. to actually pray instead of just saying quick desperate prayers when im stressed. to meditate instead of just scrolling my phone until my brain stops screaming at me.

and i kept making excuses you know? im too busy. i dont know how. im not spiritual enough. i'll start tomorrow. i'll start when things calm down. i'll start when i figure out the right way to do it.

but the thing that kept getting louder was this knowing that something was waiting for me in the silence. not like some magical answer or some voice from heaven or whatever. just like there was a version of me that i'd never met because i was too scared to stop moving long enough to look.

i think we all feel it sometimes. that call to look within. to actually sit with ourselves instead of running from ourselves. and its terrifying right? because what if we look inside and we dont like what we find? what if its just emptiness or pain or all the stuff we've been avoiding?

but here's what i realized after finally answering that call and sitting my ass down to meditate regularly. the thing that was calling me wasnt outside of me. it was me. the real me underneath all the noise and the anxiety and the performance and the constantly doing doing doing to prove im worth something.

and when i finally got quiet enough to listen it wasnt scary. it was like coming home to someone who'd been waiting for me the whole time. someone who knew me better than i knew myself and wasnt mad that id been gone so long.

started with just five minutes in the morning. felt like an idiot at first. my mind was chaos. i kept checking the time. i thought i was doing it wrong. but i kept showing up because that call wouldnt leave me alone and honestly i was tired of running from it.

three months in now and i cant explain what's changed but everything feels different. like ive been wearing clothes that were too tight my whole life and i finally realized i could just take them off. im still anxious sometimes. still stressed. still human. but theres this space now between me and all of that. like i can watch my thoughts instead of being completely hijacked by them.

prayer stopped being this thing i did when i needed something and became more like having coffee with someone who actually gets me. meditation stopped being this intimidating spiritual thing and just became sitting with myself without apologizing for existing.

and the wildest part is i think this call has always been there for all of us. that pull to stop and breathe and actually look at whats going on inside instead of constantly distracting ourselves from it. but we're so conditioned to stay busy and productive and useful that answering it feels almost rebellious.

so yeah. its calling. whatever that voice is that tells you to get quiet and look within and actually spend time with yourself instead of running from yourself. its been calling probably your whole life.

the question is are you going to answer?

because i waited so long and i wish i hadnt. i wish id trusted that pull earlier. but also maybe i wasnt ready earlier and thats okay too. maybe you're ready now. maybe youve been ready and youre just scared like i was.

but i promise you whoever or whatever is waiting for you in that silence isnt something to be afraid of. its you. the real you. and they've been waiting so patiently for you to come home.

just sit down. close your eyes. breathe. and listen. even just five minutes. answer the call. see what happens.

it changed my life and im just some random person who was scared and resistant and made every excuse. if i can do it you can too.

the call is there. its always been there. what are you waiting for?
",https://reddit.com/r/Meditation/comments/1qfls2f/its_calling_are_you_going_to_answer/,Spirituality :energy:,2026-01-17 19:03:58,18,7,thomasmcgrat,"frustration, confusion, fear, loneliness",6,Yes,That unknown in the silence is actually full of gifts.,That's a really beautiful account of your experience.
1qfil59,meditation,SpongeBob and the Search for Enlightenment,"I had a super interesting experience I wanted to share. One of the most gratifying meditation sessions I’ve had recently happened in a movie theater, during a loud, chaotic, aggressively ridiculous SpongeBob movie.

Huh??? Keep reading.

Of the many things I’ve learned from my meditation teachers, one of my favorites and most referenced concepts I use with my students is about the importance of avoiding being a “precious meditator”. The concept of “precious meditator” is essentially the idea of avoiding preferences and dependencies in order to build a sustainable practice. Being open and willing to meditate in less than ideal conditions. Though you may prefer certain experiences or find it more gratifying to have certain conditions, meditation should not *REQUIRE* those conditions.

Ultimately that means no, you don’t need a fancy mediation cushion, mobile app or phone, headphones or earbuds, paid subscription or guided recording, a dark room, or even a quiet place. You can meditate anywhere, and should, if you are to keep the commitment it takes to meditate every day, at least once, for life.

With that as foundational teaching, it still gives the impression though that yes you *CAN* meditate anywhere, but the deepest experiences are probably only going to happen in ideal conditions. I mean, can you really experience deep rest in a noisy public space?

Over the recent holiday break I was visiting family in another state. As is our tradition, my brother-in-law and I took the kids to the local movie theater to get them out of the house. This time, we decided to see the new SpongeBob movie. The SpongeBob Movie: Search for SquarePants

The day came and the morning was a bit hectic. I woke up later than I planned, rushing around to get the kids ready etc.. I hadn’t done my usual morning meditation and it was time to leave to get to the theater on time. I thought to myself “no worries, I’ll just meditate in the theater”. My very next thought was “lol not sure a SpongeBob movie is the right environment for that. But, hey, gotta walk the talk and not be a precision meditator. I’m going to do it”.

As we took our seats, I immediately noticed just how loud the audio was in this theater during the previews and commercials.

“eh. Maybe I’ll just meditate after the movie, that’ s really loud.” followed by…

“No. No. Don’t be a precious mediator. No mediation is good or bad, some are just more gratifying and it’s more important to get a session in than have it be pleasant”.

So I did it. Just about as the loud, chaotic, zany, movie kicked into full gear. And I have to tell you, it was one of the more gratifying, pleasurable, meditation experiences I ever had.

Within minutes I was aware my mind was settling and I was deeply restful. I really didn’t notice much of the movie. I was aware it was playing, and that it was loud. But no real awareness of what was happening or being said. I had effortlessly settled in a restful state, perhaps assisted by the ironic satisfaction that I was feeling this way during a SpongeBob movie.

Ok so that’s interesting enough, but it’s actually not the more interesting part.

“Meditation has the power to change everything in our lives, because it polishes and expands the lens of consciousness through which we experience everything” -James Brown

After I finished meditating, I returned my awareness back to the room, and what was happening on the screen in front of me, and the theater itself. I saw my environment with a type of clarity that could only be described as I was witnessing the experience of the movie, not watching the actual movie.

I was intensely aware of variances in sound. How the reverb on the voices changed as the characters were animated to appear closer and farther away from each other. Tiny details in the animation itself like different texture maps in rendered “skin tone”. Simulated wood grain on objects under the sea. Potential that different characters were actually the same voice actors and the minute differences in tone and attenuation in dialog between characters.

I also saw my family differently. We weren’t just a group of people watching a movie. I saw my brother-in-law taking a much needed nap (to find out later he was actually deeply focused on mathematical problems in his head - he’s a math professor). I saw my nephew locked into the story but struggling to sit still. I saw my 9 year old enjoying it, but clearly thinking “Bro, this movie is for little kids. Lame”. And my 7 year old riveted to the screen and laughing out loud at the antics playing out in the story.

Honestly, I have no idea what the movie was about, or what happened in it. I didn’t watch… the movie. I watched the experience of the movie. And it was one of the more gratifying experiences of my practice.

Meditation isn’t just an experience of eyes-closed meditating . It changes and deepens the experience of eyes-open life. Just ask SpongeBob.",https://reddit.com/r/Meditation/comments/1qfil59/spongebob_and_the_search_for_enlightenment/,Sharing / Insight 💡,2026-01-17 17:04:24,51,14,DeepMentalRest,"frustration, confusion",9,The inner machinations of my mind are an enigma,"This was a well thought out post, that I wasn’t aware I needed to read today, so thank you.",Vipassana really can be done anywhere!
1qfd6qu,meditation,How do you meditate when you are sick?,"I’m just recovering from a cold and I have a cough that’s lingering. Every time I try to breathe deeply, I end up coughing and hacking and breaking out of whatever focus I was in. 

  
Following the breath is the main way I know how to meditate, so I‘m not sure what to do. Do you have any recommendations?",https://reddit.com/r/Meditation/comments/1qfd6qu/how_do_you_meditate_when_you_are_sick/,Question ❓,2026-01-17 13:27:13,3,13,astralvale,confusion,8,"Recently when I’m moderately sick, I actively choose not to meditate. I try to just rest. To me, its a part of my meditation habit of trying to prioritize my needs over feelings I want or should do this or that. 

That said, everyone is different so I’m not saying that you should do it, just because I do. But idk maybe this perspective might help?","Don’t meditate on the breath if you have a cough!

I like Yoga Nidra and can recommend Ayla Nova wherever you stream podcasts.","Hey friend,

To me, meditation should be easy, at least bodily speaking. Your position hurt ? Change it. Slight discomfort ? Listen to your body, it knows, it can tell you if what you're doing is good for it.

I had a cold this week too. It did not prevent me from meditating. In fact meditation helped, because my cold was mainly uncomfortable, so I focused on the discomfort. Helped a lot the rest of the time.

Today was the peak of the cold. I sat, starter meditating, and felt my back hurting after like 10 minutes, so I laid down on the ground instead. I meditated maybe twenty minutes more, then I fell asleep. My body was truly able to relax. I just woke up, and my body is now full of energy.

You don't have to do anything, unless you need or want it. Doing something you need is an act of love to yourself. It allow you to do something you want, which can be an act of love to yourself, others, or both. Meditation is something I want to do, so it requires my needs to be fulfilled, and it may allow me to be more aware of them.

So if you really wanna meditate, and your needs are fulfilled, you can try focusing on anything else than your breath. What you focus on doesn't matter much, the intention matter. The intention is you. If meditation hurt, then your needs aren't fulfilled.

Basically, sitting and laying are both resting postures. I also appreciate to meditate while I walk. This is a pretty resting activity fo me too. If I'm trying to meditate and am not able to, then something is wrong, and I should be focusing on taking care of my health. Taking care of your health also requires intention, so it's not really different than meditation really.

In other words, in some instances, meditation requires discipline. But discipline without compassion is torture. Please be easy on yourself, you're the single most unique and exceptional being you'll ever know.

Take good care of yourself;"
1qf7s1n,meditation,Does high-intensity exercise disturb Jhāna states?,"
After a meditation retreat, people sometimes experience Jhāna states.
Jhāna is a deep meditation state with strong calm, steady attention, very few thoughts, and subtle breathing.

My doubt:
Does high-intensity exercise (running, HIIT, heavy lifting) disturb or fade Jhāna states because it increases breathing rate and heartbeat?

Questions:
• Does fast breathing / high heart rate pull the mind out of deep calm?
• Does strong physical stimulation reduce subtle awareness needed for Jhāna?
• After intense exercise, is it harder to maintain or re-enter Jhāna?

Looking for concise explanations from:
• Traditional meditation views
• Modern neuroscience / psychology perspectives",https://reddit.com/r/Meditation/comments/1qf7s1n/does_highintensity_exercise_disturb_jhāna_states/,Question ❓,2026-01-17 08:18:49,8,17,Happy_Honeydew_89,"frustration, confusion, insecurity",6,"It is true that the jhana states are also impermanent like all other phenomena, but what you and other retreat participants describe are usually not jhana states, but mostly just samadhi experiences or other phenomena. Depending on how accustomed the mind is to jhana experiences, they last longer, and in my experience, it is not the intensity of the action or physical effort that determines how quickly the mind returns to its normal state, but the nature of the action, whether it is an unwholesome or wholesome action, and what energetic effect the action has on your mind and body. Through pranayama breathing techniques, samadhi and jhana states can be achieved more easily than they can be drawn out from those practice sessions. In general, knowledge of inner yoga and tantra, and of chakras, nadis, bindus, and pranayama, mudras, and bandhas, etc. can be very helpful in achieving these mental states, but it is also necessary to have a seclusion from external influences and a monotonous practice, as well as to transcend physical and mental limits, since these experiences only manifest when a person has crossed their own boundaries.",">After a meditation retreat, people sometimes experience Jhāna states.

According to traditional Theravada, nobody does that as Jhana is only possible during seated meditation. It ends as soon as you get up off the cushion or start doing any activity.","your doubt is valid

Fast breathing and high heart rate definitely impact samadhi negatively. 
You can go to jhana regardless with experience in dealing with the hindrances, but I noticed that it is way more difficult because heart and breathing rate are linked to restlessness and energy. 

I noticed that all issues related with breathing are the worst ( especially when practicing anapanasati). 
Hyperventilation is definitely a problem because it triggers restlessness, and high C02 sensitivity also prevents to go in jhana and can even trigger apnea in access concentration.



When the fight/flight response in the brain is activated, you need to deactivate it first before, and it can take some time for people, and it depends on lots of factors.

I personally don't have any issues with strong stimulation due to exercice during the day and samadhi, exercice has actually a good impact because of endorphins. Also strong physical stimulation will not reduce awareness needed for jhana. Awareness needs energy, and you need to balance energy for jhana, not awarenes.
But you have to take the circadian rythm into account. If you have a strong stimulation today at let's say 1pm , you should also notice remnants of a strong stimulation tomorrow at around 1 pm. It should be manifested as a energy spike, which triggers the hindrance of restlessness. Also If you have a very active lifestyle, you will have trouble developping jhanas because of the habit of constantly generating kamma.

Also In the case of vishudimagga jhanas for example, I talked with a very experienced monk and teacher about that topic, and he told me that there's a very high probability that getting a vishudimagga nimitta is linked to blood pressure/hrv, because he has seen too many people with these issues in getting one."
1qf6xjn,meditation,A One-Breath Meditation,"Breathe.

Deeper.

Fill your lungs, then use your stomach, your diaphragm to purposefully continue filling your body with as much air as it can hold.

Take a moment to realize how much extra air you can inhale beyond your usual, weaker breaths.

As you slowly exhale, allow your body to relax. Once you feel you have exhaled enough, keep going. Use your diaphragm once more to purposefully press the air out of your lungs.

Hold still a moment, completely empty, and understand how much air you usually hold onto.

Slowly relax again and begin to breathe slowly, calmly, but deeply. You may feel light-headed for a moment. Let your breathing return to normal.

We are capable of so much more than we think. Our limits are hardly ever reached. To reach them takes thought, intention, desire, and calm strength.

Once a day, take 1 breath. You can do that. I know you can. All the way in, all the way out.

The physical benefits are actually pretty extreme, but the most important is what I think of as an aerial massage. You are stretching muscles and organs in a way that promotes circulation, strength, and relaxation all at once.

The psychological benefits are intense. Like counting to 10, one deep breath takes you out of your situation and reminds you of the basics. How important is your stressor? Does feeling anxious and rushed help or hinder you in completing your tasks?

I’m not telling you to exercise 30 minutes, buy a fancy machine or new sneakers, figure out a schedule or diet or sport. I’m saying take one breath everyday that is just for you.

Maybe while your coffee is reheating in the microwave. Maybe right after you brush your teeth. Maybe in line at the grocery store. It doesn’t take time or equipment or anything. It’s that simple, really.

Just breathe, once, and remember your potential.",https://reddit.com/r/Meditation/comments/1qf6xjn/a_onebreath_meditation/,Other,2026-01-17 07:28:56,66,6,LucidityLamb,"frustration, fear",4,">Maybe while your coffee is reheating in the microwave.

As an avid coffee drinker, I'll say...please don't reheat coffee in the microwave. Just make some fresh. Life's too short.","Now, take this deep breath in and out and develop a rhythmic pattern:

- Fill lungs

- Expand chest muscles to fill lungs more 

- Release lungs, hold chest for a moment, release chest

- Empty lungs

- Push air out by contracting diaphragm 

- Begin to fill lungs again, but hold diaphragm 

- Slowly release diaphragm, fill lungs 



Begin a rhythmic pattern using this cycle where your lungs and your diaphragm work with each other. Calm your mind. Calm your body. Allow the rhythm to take over on its own. This is the most difficult part. It’s like you have to stop focusing and let your body take over. 

For me, once I get to the body takeover portion, it begins to feel like my lungs are being breathed for me, like I’m connected to a bellows or something, and it begins to feel like my forehead is full of light, like my forehead is a spotlight aimed at the sky. Even stranger yet, it’s like the om is being pulled out of me. I can chant the om normally when I’m not doing the rhythm breath, but when I get to that point, it’s like my body desires to do the om. More, it’s not coming from my vocal like normal, but from lower in my throat, the soft spot between my collar bones, and it is continuous during both in and out breaths. I cannot explain this, but I have been able to reach this state several times in my meditations by allowing this rhythmic breathing to take over my body, and the experience is awe inducing",Even one mindful breath can be of great benefit. I'm going to adopt this on top of my regular practice. Thanks!
1qf1is6,meditation,Meditation is its own endless scroll,Who needs social media when you can just shut your eyes and watch as your mind throws 100 different disparate thoughts at you while you’re trying to focus on your breath? ,https://reddit.com/r/Meditation/comments/1qf1is6/meditation_is_its_own_endless_scroll/,Sharing / Insight 💡,2026-01-17 03:01:00,66,19,fiercebrosnan,frustration,10,"Id you let them go, the scroll will get quieter and quieter ","Yeah, I much prefer body scans and pranayama over simple breath awareness. Observing the vast galaxy of sensations within my entire body is often better doom scrolling through social media. There are so many paths to explore in every moment as I feel flows of energy, micro-movements, and slight pressure, tingling, pulsation, vibration, or even numbness at different points.  It's endlessly fascinating how following these trails of sensation allows me to release subtle tension and feel more relaxed and at ease.",The videos my mind generates while I'm meditating are borderline YouTube Poops
1qeyakc,meditation,How do I focus on my breathing?,"I'm a starter. I wanna do meditation to reduce my stress, change my mood positively, to expand my spiritual knowledge, and to keep me focused but how do I focus on my breathing? every yt video guide says to focus on the breath but they don't say how to focus on your breath, do I visualize my lungs? or do I notice my chest expanding and contracting? or what? cuz I'm very confused on that and how do I know if I'm actually doing it correctly? like how do I know if I'm focusing on my breath? ",https://reddit.com/r/Meditation/comments/1qeyakc/how_do_i_focus_on_my_breathing/,Question ❓,2026-01-17 00:53:53,14,40,Educational-Tank-881,confusion,10,"Close your eyes, and simply place your attention on it, feel the body as it breaths, the lungs expanding, the sensation of the act itself. Thats it. When you get thoughts coming in, let them go (don't get annoyed or think that you are failing when this happens, its part of the process) and go back to the breath. Put a timer on so you're not thinking about the time, do this until the timer runs out.","Most common points to focus are; 1, at the nostrils - the feeling of the air coming in and out. 2, the abdomen as in goes up and down during breathing.","Sometimes I have to cue myself a bit. On the in breath I say to myself “Breathing in, I am consciously breathing in.” On the out breath “Breathing out, I am consciously breathing out.” It’s especially helpful for me when my monkey mind starts wandering and use my breath to reset gently back to practicing. Meditation is a practice. Be patient with yourself."
1qet5w7,meditation,What is the source of negativity and disturbances?,"

In my mind there is negativity (sadness, fear, regret, etc.) and disturbances (urges, desires, demotivation...).

By observing a perception, I manage to distance myself from it, to stop identifying with it, and thus to free myself from it. For example, observing a fear allows me to see it as external to me, and thus I do not get carried away by it.

However, there are millions of negative and disturbing perceptions. I cannot deal with them one by one, it takes too much time. So I told myself that we could directly attack the source of negativity and disturbances. Like that, by destroying it, I also destroy all the negative and disturbing perceptions that emerge from it.

But what is this source?",https://reddit.com/r/Meditation/comments/1qet5w7/what_is_the_source_of_negativity_and_disturbances/,Question ❓,2026-01-16 21:43:07,1,1,Potential-Huge4759,"frustration, fear, disappointment",1,"The source is identification with mind

Break the identification, and the idea of ""good and bad"" feelings ceases to exist

Then whatever goes on in you, it's not a problem because you don't interpret it",,
1qes2ro,meditation,Meditation Tones,"Hi, I’m trying to go as deep as I can in meditation. What tones/frequencies do you recommend for this? Should I just use CIA’s Gateway Process tones on Spotify and progress like that?",https://reddit.com/r/Meditation/comments/1qes2ro/meditation_tones/,Question ❓,2026-01-16 21:01:07,3,38,Mysterious-Lock821,frustration,5,"Find what lights you up. What lights you , will not have the same effect on others. You are the alchemist.","Seriously consider reading the Mandukya Upanishad (6 of 108). 

Then read, “Mindful, Bliss, and Beyond”, by Ajahn Brahm.  

Namasté 

🕉️🪷☸️","I have a share folder with some pure binaural beats / isochronic tones ranging from 2.5hz delta to 40hz gamma. DM me if you're interested, Reddit won't let me share the link here

Alternatively I recommend this Schumann resonance from YouTube, same thing but at the specific frequency of Earth's hum

https://www.youtube.com/watch?v=BJ9pkEiI4OQ"
1qeqlgv,meditation,anxiety and procrastination of meditating,"hey!!

i started a meditation practice about a month ago now and it's been life changing. i do it almost every day. determined to get it to an every day thing. i notice a lot of days i procrastinate it-- my nervous system seems to be afraid of letting go and finding space and stillness.

any advice?",https://reddit.com/r/Meditation/comments/1qeqlgv/anxiety_and_procrastination_of_meditating/,Question ❓,2026-01-16 20:04:14,8,5,zen-tofu,fear,5,"The more and more habitually you slow down the body, the more naturally it will be for you to fall into peace and stillness. 

You can’t snap your fingers and get your mind to calm down at the beginning. Meditation always starts with calming the body down. How do you do that? You simply make the out breath longer. This will help your parasympathetic (rest and digest) nervous system come online. When we slow down the breath and body, this physiological change will reflect itself upon the mind which will be much calmer and peaceful.

When your mind is running too fast and you want to return to that peaceful state just remember the breath… long and slow. This habit of keeping the body in a low idle state will keep you peaceful and joyful 😃 

And remember to celebrate your success! Most people will never find near the amount of peace that you have found in your meditations. Celebrate yourself when you calm down. Soak in the peace and silence 😌😌

You are doing great!",Wich Meditation do you do?,"Seems like you need to spend some time to tell your nervous system that it's safe. Breathwork meditations helps, as the breath is a part of the autonomic nervous system which you can control when your intention is set on it. I have found[ this one helpful in the past. ](https://youtu.be/tybOi4hjZFQ?si=-V90MeIMVf-ET9sv)"
1qeh3i7,meditation,Advice on channeling,"Does anyone have any good resources.
I'm trying to connect with my guides who said they would teach me, the problem is I can only hear them literally the 2 seconds before I fall asleep.  Catch 22 here. 
So far theyve told me (in full sentences that I forget because there was a lot of info) something about trust, the 4th hermetic principle and synchronicity.  
I'm feeling like there's urgency for me to do this. There's something important coming (for everyone) 
A lot of YouTube stuff I've pulled up seems to be a joke.

I've been practicing meditation with a goal of observing my soul falling asleep.  But I go to bed at 9pm and it'll be 2 am and I'm still trying to do it and then when I give up I can't sleep. 
Sometimes I can feel most of my body resting but then I'll have to like swallow or I can't relax my mind enough to get to the next step. I can't get my mind to a point of black void . 
Would you call that changing frequency. I feel like I have to think about something to stay present I don't know how to think of nothing. ",https://reddit.com/r/Meditation/comments/1qeh3i7/advice_on_channeling/,Question ❓,2026-01-16 14:16:11,2,7,ecg212,"frustration, confusion",4,Now knowing anything about channeling but would short 15 minute power naps during the day increase amount of communication that can pass through?,"You could try Yoga Nidra. For any real personal growth or a targeted experience, I recommend looking for a practitioner. Some do online sessions.

Also, acknowledge that when you receive information from guides, trust that what they give is already in you. Whispered into your inner consciousness. The waking mind is considered a separate part of consciousness.",You didnt mention the Monroe Tapes so Im guessing you have tried them or dont want to try them?
1qegu2z,meditation,Is there any forum where I can ask meditation doubts and get answers from academically trained experts?,"
I have some conceptual doubts about meditation.

I am not looking for motivational advice or personal beliefs.
I want clear explanations.

My questions:
• Is there any online forum or platform where I can ask meditation doubts freely?
• Where answers are given by meditation experts with academic or scientific background?
• Prefer people with formal education (psychology, neuroscience, philosophy, research, etc.)
• Open to both traditional meditation knowledge + modern science

I want to understand meditation deeply and correctly, not blindly follow practices.

Any suggestions?",https://reddit.com/r/Meditation/comments/1qegu2z/is_there_any_forum_where_i_can_ask_meditation/,Question ❓,2026-01-16 14:05:33,4,24,Happy_Honeydew_89,"confusion, insecurity",10,"""I want to understand meditation deeply and correctly, not blindly follow practices."" - Shouldn't that be: I want to understand myself deeply and correctly.

But where in the 3,000 year old history of meditation and all its available information, are you finding a lack of answers? Meditation is not to be understood from reading page 304 of some technical book.","The experts on meditation don't agree with each other, there's is no consensus group that can help you. You're looking for one truth in something that doesn't have one, it just doesn't exist.","You want answers to all your questions regarding meditation, OP. Fair enough. Sounds reasonable. 

Any answers you get will be like going to a restaurant and reading the menu. Once you see the menu you leave and form an opinion based solely on that. 

Did you try the food? No you studied the menu. Now with meditation it's even subtler than that. See meditation deals with non-objects. Meaning things that have neither form nor name. 

Right there I've already thrown you into confusion because you've never dealt with anything you couldn't point to, or something you couldn't name. Try it now. Are you conscious of anything you don't have a name for? 

Even the word meditation points to this. In the West there wasn't a formal concept of Dhyana, so they went with ""meditation"", which originally and still does mean just thinking deeply about something. But that's not Dhyana at all.

In Dhyana, the you who ""meditates"" disappears. Try to wrap your mind around that. So friend, my suggestion is for you to try meditation for yourself. And once you get a glimpse, you'll understand why words are completely useless in describing it. Cheers!"
1qeap6v,meditation,I challenged myself internally during a meditation and it was the best one I've had in weeks,"1. I started off counting breaths
2. Added a visualization of the numbers
3. Stylistic handwriting motion on each number
4. Counted more than one number each breath
5. Moved the numbers around in my 'visual' field
6. Visualized shapes with X number of sides
7. Created abstract shapes with X number of sides
8. Created colors
9. Created light

All of this flowed naturally as I let my inner kid come out curiously instead of trying to constantly discipline him.",https://reddit.com/r/Meditation/comments/1qeap6v/i_challenged_myself_internally_during_a/,Sharing / Insight 💡,2026-01-16 08:35:49,11,0,JCMiller23,frustration,0,,,
1qe4ecw,meditation,Are there any benefits by daily practicing strong determination sitting?,"Like the thing Is i have started recently strong determination sitting, i can sit still for only like 15 mins and after that my mind becomes too much noisy or to put in other words I become very much overwhelmed and give up. I started this practice in the hopes of developing equanimity through consistent practice. Are these expectations valid or just a delusion. Basically I am having doubt whether I shall continue this practice.....",https://reddit.com/r/Meditation/comments/1qe4ecw/are_there_any_benefits_by_daily_practicing_strong/,Question ❓,2026-01-16 03:00:59,3,16,Sea_Cockroach6870,insecurity,10,"You’re not working with the confusion.

You have to sit there and deal with the noisy mind by returning to the focal point.

Whether that’s the breath or sensations of the body or a mantra doesn’t matter.

What matters is that you gently come back and rest in attention in the moment focusing on the object of attention.

If you give  up because you are being pulled out of attention then the only thing you’ve reinforced is quitting when you get confused or uncomfortable.","When thoughts arise try labeling them with the corresponding emotion or feeling. i.e. If I think ""I am hungry"" I would label that thought as hunger and ask myself ""What will I think of next?"". If you do this instead of engaging with the thought or identifying with it. i.e. ""Why am I hungry?"" Or ""What would I like to eat?"" Your mind will start to quiet down. Labeling the thought puts space between you and the thought. Asking yourself 'what's next?' will make your brain quiet for a moment while it thinks, like a computer buffering. It takes focus off of the present thought and places it on what comes next. The brain doesn't know what thought will be generated next so it has to pause and think.

Yes there are several benefits to strong determination sitting and other meditative practices. I would recommend reading Becoming Superhuman by Dr. Joe Dispenza.

Good luck on your journey. I hope the benefits of your meditative practice arrive swiftly. Stick with it.","Prepare yourself for the practice. Exercise, do some breathwork, calm yourself down. 

Then try and sit still if that’s what you want to do."
1qe2iyh,meditation,Do you ever feel like you're meditating 'wrong' but have no way to know? Looking for perspective,"Hey everyone,

I've been meditating for about 3 months now and I'm struggling with something that's probably common for beginners: I have no idea if I'm actually making progress or just sitting there incorrectly.

Some sessions feel ""good"" - I think I'm focused, calm, relatively still mentally. Other sessions feel like 20 minutes of mind-wandering with occasional moments of noticing I'm mind-wandering. But I genuinely don't know if either of these means I'm doing it ""right"" or improving over time.

My specific frustrations:

* I can't tell the difference between ""deep focus"" and ""zoning out""
* No way to know if I'm progressing week-to-week or just having random good/bad days
* I read books and have apps give technique instructions, but no feedback on execution
* I don't have meditation teachers, not sure where to find them, and maybe expensive ($100+/session ??) and not realistic for regular feedback

Questions for you all:

1. Did you experience this uncertainty when starting? How long until you ""knew"" you were doing it right?
2. How do you track progress without a teacher? Is it purely subjective feel?
3. For those who've worked with teachers: what did they observe that you couldn't self-assess?
4. Would objective feedback (like biometric data) have helped you early on, or is that missing the point?

I'm curious because I recently got a Muse headband thinking the EEG feedback might help, but the app just gives real-time sounds, not really insights into whether my practice is deepening. I'm wondering if there's a better way to use this data, or if I'm approaching this whole thing wrong by wanting ""metrics.""

Is seeking objective feedback antithetical to meditation, or can it actually help beginners get unstuck?

Would love to hear from both beginners and experienced folks.

Thanks!",https://reddit.com/r/Meditation/comments/1qe2iyh/do_you_ever_feel_like_youre_meditating_wrong_but/,Question ❓,2026-01-16 01:37:48,27,43,TopContract2325,"frustration, confusion",10,"I had a similar feeling when I first tried meditation. I found it a challenge to sit still. Thoughts would daisy chain and I wasn't sure what to make of it. 

It was a few years ago I learned self hypnosis. Its akin meditation in a lot of ways but part of the technique aids in thought stopping. In practicing it, I started to view thoughts more like clouds coming and going. Some days are cloudy some are clear. 
So I look at it more like being the observer of my thoughts.

I look at the brain as more of a reciever rather than a generator of thought. And how I tune myself through my beliefs determines the thoughts I recieve. And the more I believe I am at peace with myself and with life, the quieter my thoughts get.",Meditation is a practice to help us learn how to not be lost in thought. If you are lost in thought now and during meditation then it means you should keep practicing.,"Meditation is not a technique to master; it is the highest form of prayer, a naked act of love and effortless surrender into the silent abyss beyond all knowing."
1qdwy5u,meditation,Something interesting happened during a deep meditation and I’m still trying to understand it,,https://reddit.com/r/Meditation/comments/1qdwy5u/something_interesting_happened_during_a_deep/,Sharing / Insight 💡,2026-01-15 21:48:34,3,0,Kindly-Owl-3953,frustration,0,,,
1qdvncz,meditation,Meditation and Answers,"I think this should be a question, but it fits better here:

Hi! My name is Sergi, and I started meditating after experiencing intense episodes of thanatophobia and fear of death about eight months ago. I still do it, but it's more controlled now thanks to many things I've read about mediums, science, etc.

Well, it comforts me to see people who say, ""Yes, there is life after death,"" ""Yes, this is just one life,"" because I wanted to find answers through meditation.

I tried to have an astral projection purely by intuition, a simple guided meditation, but whenever I relax that much, I start having ""spasms,"" involuntary movements, tingling, etc., and I think they prevent me from connecting with or leaving my body. Then, when I change position to lying on my side, I fall asleep quickly.

I have ADHD, I don't know if that has anything to do with it. If so, I hope you can help me! I really want to connect to a higher plane and find so many answers.",https://reddit.com/r/Meditation/comments/1qdvncz/meditation_and_answers/,Spirituality :energy:,2026-01-15 21:00:15,2,6,Greedy-Fill-1648,"confusion, fear",5,"tingles and spontaneous movements ('spontaneous kriyas'/'zi fa gong') are both signs of qi/prana (spiritual energy) building in the system. The idea is basically to relax/release and let them happen - you can reign them in a bit if they get too strong, and let them take a longer time to process.

spontaneous movements from qi flow (daoist view) - https://www.youtube.com/watch?v=bHxT8396qjA, spontaneous kriyas (hindu view) https://www.youtube.com/watch?v=MBFU9Z6EN3k, and Shinzen young on kriyas (burmese vipassana view) https://www.youtube.com/watch?v=e9AHh9MvgyQ

this purification of the system can be needed to make it ready for deeper experiences later on","""Well, it comforts me to see people who say"" - So you are now just open to manipulation from others.

Maybe your adverse thoughts are more controlled because of starting meditation.

""I really want to connect to a higher plane and find so many answers"" - This is not what meditation is.","Look into the technique called WILD. This consists of lying perfectly still until your body ""falls asleep"" but your mind does not, and you begin dreaming without actually having lost consciousness. During the period where your body is shutting down, all sorts of strange sensations like powerful vibrations, numbness, etc will pass over you but if you continue to be perfectly immobile through them then they will stop and suddenly you will be dreaming, perceiving complete environments with your eyes closed, and you will be able to manipulate it as a lucid dream.

This technique is well known by lucid dream enthusiasts. I believe that most cases of 'astral projection' are in fact people using this technique without realizing that's what they are doing."
1qdsx4x,meditation,Meditation bench question,I just got a meditation bench. I like how it keeps my back straight but when I put my feet underneath it hurts at the front of both of my ankles - like they’re being stretched. Am I doing something wrong? Any tips? Thanks,https://reddit.com/r/Meditation/comments/1qdsx4x/meditation_bench_question/,Question ❓,2026-01-15 19:18:19,2,4,Xxhardman69xX,confusion,4,"I have 3 benches i collected before giving up on benches altogether. Was really trying to find one that didnt make me very uncomfortable after 10minutes. Third time was in fact, not the charm.

My advice would be to find a good cushion. Youre never going to avoid discomfort altogether but making it nice as possible from the start is a good thing. I got a real fancy memory foam seat off Amazon that supports in all the right ways. Shop around a bit. Especially if the standard buckwheat hull filled ones dont do it for you.","67m. I like the bench, I made a one inch cushion for it, to sit on. It puts just a bit more room between my butt and my heels. Very comfortable. Yes, it stretches the ankles. Do it consistently and it becomes ok.",Go a few minutes everyday and ankles will eventually stretch and the pain will be gone.
1qdsdkx,meditation,I don't know how to meditate,"Hi everyone... the title is self explanatory, but I'll had some context.

I've ""meditated"" with very low constancy, I'll admit that... but a thing that really struck with me was the fact that I almost every time, I thought 4 minutes passed and it was actually 15 or even 20. It's pretty crazy to think about...

BUT, I'm pretty sure I'm not doing this right. I simply have my own mantra (not from TM... it's a mantra I made up myself) and keep repeating it in my head. I know it might not be ideal (I guess), but TM costs **so** much. Plus, i can't stop thinking about things... every time I get a thought, I acknowledge it and move on (not ignoring it) but it's the same thing in loop.

If you can put it into words, what do you do when you meditate? Are there any precious indications you'd like to share? It doesn't necessarily have to be TM ofc.

Thanks in advance!",https://reddit.com/r/Meditation/comments/1qdsdkx/i_dont_know_how_to_meditate/,Question ❓,2026-01-15 18:59:00,14,42,Maleficent-Regret802,"frustration, confusion",10,"TM is mantra based meditation. It’s based on Hinduism, but they don’t tell you that.

You can repeat this over and over in your mind


https://en.wikipedia.org/wiki/Om_Namah_Shivaya

Alternatively, you can learn Buddhist meditation here. Dhamma.org",You don't need a mantra. Just practice sitting in silence and being aware.,https://youtu.be/LL2XUTeoUsM?si=nMLzrpM-BwOlH4qU
1qdq0v3,meditation,Can Meditation Teacher's Help That Quickly?,"Hey everyone, just curious to hear some thoughts on an experience I had. I went on a Kriya Yoga retreat back in May. Overall it was great, but I was honestly having a hard time meditating. I could sit, follow the technique, but things just felt kind of dull and effortful. Nothing dramatic was happening, and I remember feeling a little frustrated about it. During one of the breaks, I was just sitting there quietly, not meditating, not doing anything special. The teacher came up to me and asked if he could touch my forehead. I said sure. He put his thumb on my forehead for a few seconds, didn’t say anything, then just walked away.When I went back to my seat and started meditating again, it was really different. It felt like a deep relaxation moved through my whole system. The easiest way I can describe it is that it felt like my chakras just softened and opened up, one after another. I didn’t see anything or have visions or anything like that. it was just a very clear, sense of ease and internal quiet. since then, meditation has been noticeably easier and more natural. Less strain, more flow. I don’t feel like I’m “trying” as much. What I’m wondering is: is this just my imagination? Placebo? Or is this kind of thing actually common in Kriya settings? What’s interesting is that this teacher doesn’t really emphasize kundalini stories or dramatic energy stuff at all. He doesnt hype experiences, which makes me even more curious about what actually happened. I’m not trying to make it into something special or complainI’m genuinely just wondering how others understand things like this. Would love to hear if anyone’s had similar experiences or has thoughts on it.",https://reddit.com/r/Meditation/comments/1qdq0v3/can_meditation_teachers_help_that_quickly/,Question ❓,2026-01-15 17:35:16,5,9,AliveandNoDoubt,frustration,4,"its normal for traditions that work with energy to have an aspect of this. For me i know it through daoism, where some versions/aspects of it are called transmission, or heart-mind method. There was generally very little open talk of it traditionally, although with the internet age its now being shared a bit more openly. There is one video of a qi gong teacher talking about some parts of it here [https://www.youtube.com/watch?v=90myfIjMN2U](https://www.youtube.com/watch?v=90myfIjMN2U) . He also had a video up previously about a lineage transmission system, where a teacher would pass an 'energy seed' to a student, which would then grow/unfold in them.

Nathan brine (a daoist alchemy teacher) talks of the heart-mind method in one of his books. His teacher uses it to set a field in a training room so that it pressurises the energy fields of the students and accelerates their progress. Also of how he sometimes makes direct adjustments of the students internal fields.

yogananda also talked of the process in his book - 

'*"" Sri Yukteswar chose the following morning to grant me his Kriya Yoga initiation. The technique I had already received from two disciples of Lahiri Mahasaya—Father and my tutor, Swami Kebalananda—****but in Master’s presence I felt transforming power. At his touch, a great light broke upon my being, like glory of countless suns blazing together. A flood of ineffable bliss, overwhelming my heart to an innermost core, continued during the following day****. It was late that afternoon before I could bring myself to leave the hermitage. ""*

*\~ Autobiography of a Yogi, Chapter 12-Years in my Master's Hermitage'* [*https://www.reddit.com/r/kriyayoga/comments/15by1jy/kriya\_yoga\_initiation\_real\_energy\_transmission/*](https://www.reddit.com/r/kriyayoga/comments/15by1jy/kriya_yoga_initiation_real_energy_transmission/)","It's Limbic Co-regulation.  Your teacher exudes calm, focus, serenity, strong vagal tone.  Neurons in your brain can see that like it's a blinking neon sign, and if someone is in your personal space, someone you view as an authority figure, exuding that kind of energy, parts of your brain start to relax and feel safe. And you experience that as ""opening"", ""relaxing"", and ""flowing"".

The forehead touch is a biohack. When we concentrate or are frustrated, we hold tension in our forehead.  You were  aware you were doing that.  A touch from a calm source at that point relaxes that tension. And when the forehead is relaxed, the entire brain gets a signal of safety.

It's not your imagination, but it's not magic either.","I followed the teachings of Osho for many years , I saw photos of him  touching his  followers on the forehead with his thumb , I remember it was  called it Shakti , I found this by google, seem something guru do this practice, I don't know much about this  stuff to be honest.

* **Energy Transfer:** A spiritual teacher (Guru) may use their thumb to touch a disciple's forehead during initiation in a process called *Shaktipat*. This is believed to awaken the disciple's own inner spiritual energy or consciousness (Atmasakthi)."
1qdp7mu,meditation,Does anyone have guided YouTube meditation recommendations?,I am struggling with gut issues and struggle separating it from my identity and was wondering if there was any meditations that could help me with this. I also would like to practice viewing a reality without my gut issues to let my subconscious know it’s safe to let go. Please any recommendations. ,https://reddit.com/r/Meditation/comments/1qdp7mu/does_anyone_have_guided_youtube_meditation/,Question ❓,2026-01-15 17:06:37,4,10,Adorable_Sky3519,frustration,5,"Not exactly guided, but you could check out 'onthatpath' on YouTube. He explains anapanasati in a way which is, if done correctly, pretty effortless.

I learned a lot from him.


He has practical advice on letting things go, too.","A free app was suggested to me just this morning. My friend says she loves it. The name of it is Insight TImer, the little icon picture is a wooden bowl.",look into Silva Method meditation and Breathing with Sandy 🫶
1qdo0yz,meditation,Access Concentration,"Hi all.

I’ve been a long time on and off meditator. About one year ago or so I got really serious about my practice and went 75 days with 90 minutes of meditation per day. I was able to achieve access concentration quite regularly and even touched first jhana. Then my beloved dog died of cancer quite young, and my practice was really affected. I would just think about him when I tried to meditate and cry, and eventually abandoned my practice for several months.  

On January 1st I restarted my practice, and have averaged about 45 minutes to 1 hour daily for the past few weeks. It was difficult at first, but refreshing to get back into the swing of things. It felt sort of mechanical for a while and my mind really didn’t settle very much. Then last night after about 40 minutes my mind just stopped. I was so calm, I could still have thoughts but the monkey mind quietened and I felt serenely at peace in the stillness. This stage reawakened my love and motivation to meditate, and I sat in perfect stillness for about 10 minutes.   

I guess this is just a reflection and a message that the benefits and the planes we can enter during meditation are real and worth experiencing. Peace to all of you. ",https://reddit.com/r/Meditation/comments/1qdo0yz/access_concentration/,Sharing / Insight 💡,2026-01-15 16:23:33,18,0,Negrodamu5,frustration,0,,,
1qdn2yp,meditation,What to do with anger?,"This may be a simple question, but I don't think the answer is easy. I feel like I have a lot of anger inside me. I don't know where this anger comes from (I'm working on finding out). But it comes out in completely trivial situations (e.g., losing at online chess). I would prefer to let it out physically in these situations, but somehow I feel that this is not the right thing to do in that moment (I’ve tried it and while it gives momentary relief I am also very exhausted later). However, I am also concerned that ""swallowing"" it is not a good solution either. ""It has to go somewhere,"" I always think, otherwise it stays in the body. Do you know what I mean? How can I best deal with it? Is it okay to just feel it until it's over? Or should it go somewhere? ",https://reddit.com/r/Meditation/comments/1qdn2yp/what_to_do_with_anger/,Question ❓,2026-01-15 15:49:10,16,34,qwertypoiuys,confusion,10,"You're fighting a battle on two separate fronts: The trigger and the impulse. 

Emotions exist to motivate you. Emotion. Evoke motion. 

The trigger is the source of the emotion. There is something conditioned in you that makes you feel anger in certain circumstances. 

There is also the way that you feel the need to express the emotion. This is the easiest one to control in the short term, as you don't have to do anything. You can just sit and let the emotion wash over you and dissipate on its own. Giving it the respect and time to dissipate is not the same as suppressing it. 

The long-term fix for anger, however, is unraveling the trigger. Anger is often the expression of existential threat. I'm guessing most circumstances that cause you to feel anger are not existential threats. So you will need to discover why you are conditioned to see them as such.","Since I've started practicing *mettā* (loving kindness), I have almost no issues with anger. It took a while—almost 2 years of consistent, everyday practice—to come where I am now. I was permeating my consciousness with good wishes for living beings. This neutralized almost all of my anger. It's really amazing to see how positive vibration of *mettā* quickly nullifies the energy of anger. 

Anger has lot to do with ego and identity. Mettā also mitigates egoistic tendencies in a human being and it also eradicates identities—the invested sense of self that we have projected in various objects of this material world. In other words, *mettā* nullifies anger and ego.

I you really want an anger-free life, I recommend you try *mettā* for a while.",I also experience the same dilemma. I’m working on letting it go. It’s not the outside “stuff” it’s internal. I practice breathing and I talk myself down. Sometimes I just change my environment. Work still in progress….
1qdmhcw,meditation,Yoga and Meditation Did More Than I Expected,"I was tired of constantly watching online solutions and motivational videos telling me to be disciplined, ruthless with myself, and to push no matter what. Those talks worked for that moment. I felt an adrenaline rush while watching them but when it came to actual implementation, I always fell back into the same old cycles. That pattern became deeply frustrating.
That frustration eventually pushed me towards yoga and meditation.

What yoga and meditation did for me has been genuinely transformative. My problems with oversleeping, lack of focus, and poor self-control gradually disappeared. What changed first was my concentration and clarity. Meditation improved my ability to focus and, more importantly, my ability to respond instead of react.

Earlier, I used to react very compulsively. I would get triggered easily, frustrated quickly, and emotionally disturbed by small things. I was one of those people who could be made fun of easily, and it affected me more than I liked to admit. After I started meditating, these things changed. I began to pause in moments where I would earlier react immediately. It felt like I stopped living entirely in my head and started noticing what was actually happening.

At some point, I realized there was a clear distance between my body and my mind. That experience reminded me of something Sadhguru once said:

“Once you create a distance between you and your body, between you and your mind, that is the end of suffering.”

When I experienced this distance myself, it felt deeply liberating. I could stop reacting compulsively, take conscious decisions, and respond with clarity. 

For the first time, I felt genuinely empowered rather than constantly battling my own mind.

Yoga was another revelation. Earlier, I thought of yoga as nothing more than stretching  exercises .But it is far more than that. Yoga works on multiple levels. It increased my energy, stability, and awareness of my body. Interestingly, after spending two to three years in the gym, I actually learned how to squat properly from my yoga teacher. That alone showed me the importance of proper guidance.

I initially tried learning yoga through online courses, but past experiences with online exercise routines had already shown me their limitations. Learning under an experienced teacher made a significant difference.
Yoga further improved my concentration and energy levels. I now feel energized throughout the day. My sleep requirement has naturally reduced. Earlier, I needed 9–10 hours of sleep. Now, 5–6 hours feel sufficient, and I wake up feeling rested and alert. I can feel steadiness and vitality in my body throughout the day.

Based on my experience, I genuinely suggest that anyone struggling with focus, discipline, low energy, or compulsive habits should consider making yoga and meditation a part of their life.

 Together, they form a powerful combination that can help us function at our highest potential.

Thank you for reading.

TL;DR
Online motivation gave me short-lived adrenaline but no real change. Yoga and meditation helped me break old cycles by improving focus, emotional regulation, and self-control. Meditation created a distance between my mind and reactions, while yoga boosted my energy, clarity, and reduced my sleep needs naturally. Together, they led to lasting inner stability rather than temporary motivation.",https://reddit.com/r/Meditation/comments/1qdmhcw/yoga_and_meditation_did_more_than_i_expected/,Sharing / Insight 💡,2026-01-15 15:26:35,156,20,notzoro69,"frustration, confusion, loneliness",7,I am a beginning meditator (63M) using the Calm app every morning.  I think this with the experience of aging has contributed to quieting the monkey mind and providing clarity and focus in my daily life.  I can rate to many of your comments.  Can you share your age and gender for context?  I have been using the calm app for two years and I still feel like I am a novice.  Also I work out daily and I am pretty active with mountain biking and dirt biking.  I have been thinking about yoga but I haven’t found the inspiration or motivation.  I tried core power once and felt like I was out of my league.  I do may yoga poses in my routine but I would like to learn more about the power of yoga on both the mind and body.,Yup I like to do yoga before I do a meditation sesh. A calm untense body is conducive for a calm untense mind,"Both yoga and meditation made for each other...

In fact, they complement each other......"
1qdd9ev,meditation,Constant chanting of a mantra doesn't feel 'meditative' anymore😕 I can practically do it for hours.,"Initially when I started this, i could hardly do it for even a few minutes and I used to get amazing insights about my own life and great moments of concentration.

But now i can do it practically for hours and then once it's done, it's done that's all.

It's not different from going for a walk or anything else.

Maybe my baseline has improved (definitely it has) but idk what to do.

It's still pleasant, I notice my thoughts more easily and more more present in general but it feels so mechanical now.

Anyone else can relate? Can someone who experienced this tell me about about their thoughts on this?

Thank you 🙏 ❤️

Edit : one insight I feel is maybe this boredom or staleness is something I've to 'notice'??? ✨",https://reddit.com/r/Meditation/comments/1qdd9ev/constant_chanting_of_a_mantra_doesnt_feel/,Discussion 💬,2026-01-15 07:33:08,2,11,wilhelmtherealm,frustration,10,"Although repetition is the mechanism, true mantra-based practice involves a deep internal process of *attunement*, *intention* and *surrender* that goes far beyond a mechanical or absentminded task. ","If something no longer resonates with you, then it is time to switch it up. At this point you are just going through the motions and the authenticity has faded. 

Evolve your meditative practice to meet your current needs. It's not a bad thing and there's nothing wrong. This is common. It's a sign of growth. Congrats! Explore more meditative techniques. Find what resonates with you and run with it. Also have fun trying new practices. Don't forget to enjoy it.

I hope you get your 'meditative groove' back. Good luck and don't give up!","Are you doing a japa or Ajapa Japa practice? Or are you using Vedic Meditation techniques from Nishkam Karma Yoga, e.g. TM, Sahaj Samadhi, Ziva Meditation, etc.? Or are you using Buddhist mantras?"
1qdd0ef,meditation,Hard to stick to Vipassana coming from other practices,,https://reddit.com/r/Meditation/comments/1qdd0ef/hard_to_stick_to_vipassana_coming_from_other/,Question ❓,2026-01-15 07:18:10,1,3,ShotAd6020,frustration,3,"I find it the easiest because you can do it while you’re driving, or anytime anywhere really","I think body scanning benefits much more from strong concentration than other, more open/less instruction-heavy insight practices. There is **a lot** of, continuous, ""doing"" in body scanning, and this calls for a lot of effort (when starting out, anyway), concentration, makes it very hard to avoid noticing subtle dullness. It's very obvious when you're not practicing well. This is one of the strengths of the practice vs. more open ones, but can lead to much tension, frustration etc.

It sounds like your practice thus far has been pretty dry (strongly insight-biased, little explicit focus on developing strong concentration)? If so, I expect sticking with body scanning would lead to improvement as concentration/samadhi strengthen. But it'd probably be more efficient and less frustrating to explicitly work on concentration/samadhi, by doing concentration practice, and then take that into body scanning.

You might try opening sits with some anapanasati, and then moving into body scanning? But it's lovely all by itself too.

Personally, I've done a lot of body scanning and just... don't really think I get on with it. It can be unpleasantly intense (worth nothing I'm autistic) - on a Goenka retreat, when we switched from days of anapanasati to scanning I almost puked. And because there's so much more ""doing"", I find it hard to allow the practice to just do itself. It's delicious when I can, but there seems to be a much higher ""skill"" requirement than there is for more open practices. For now I just practice open monitoring or just sitting for insight, and anapanasati for concentration/samatha.","“Because there’s so much “doing”, I find it hard to allow the practice to just do itself”.

That is exactly how I feel. Thanks.

I’m doing that, starting with Anapana… for as much as I can, though I find another issue here with Goenka style: my breath has always been very subtle, and I find it almost impossible to feel it between the upper lip and below the nostrils… I feel it in other or broader areas (temperature in nostril canal, and definitely a soft subtle raise in my chest/abdomen)… so as far as narrowing attention I’m also… a bit frustrated.

I know all this “but’s” are part of the practice, and I’m committed to keep practicing… I’m just glad I get to share this here and get some advice, knowing many of us have walk similar paths.

Thanks"
1qdcck9,meditation,"How do you ""watch"" your thoughts/feelings?","Hi,

I've been meditating for around 3 months and it really helps.

But I feel I still can't seem to understand something - I read many times that meditation helps to raise awareness of your thoughts and feelings, and helps to ""watch"" them flyby instead of engaging with them. E.g. like leaves on a river that pass by and you sit near it and watch them. But I feel I can't seem to not get ""engaged"" with them. For example, somebody tells me something inappropriate, or somethings that I conclude by my own as negative (even though it is just me thinking that) - Then I feel the negative feeling burst inside of me, like I touch a very hot object and it burns me. I don't understand how am I supposed to just watch that ""burning"" feeling? It aches! It draws my attention, won't let me be mindful and eventually takes me into a loophole of thinking.

  
The meditation I do is simply sit and focus my breath. When a thought/feeling takes me focus, I simply acknowledge it and return to focus on my breath. I do it daily, around 20-40 mins.

  
Thanks in advance",https://reddit.com/r/Meditation/comments/1qdcck9/how_do_you_watch_your_thoughtsfeelings/,Question ❓,2026-01-15 06:39:51,16,21,Strict-Office-1941,"frustration, confusion",10,"Why can't you just watch the ""burning"" feeling? If you're noticing it you're already watching it. If a thought comes and says ""I can't handle this"", notice how that's just a thought and the fact that the strong feeling is already present in your experience means *you're already handling it*. Remember meditation isn't about changing what's arising, it's simply to be mindful of what's arising. So watch it all - the trigger, the emotions, the thought loops. Let it all play out as it is, the good, the bad and the ugly.

By simply paying attention to these patterns you're gaining valuable insight into the chain of cause and effect between what's happening, your emotions and your thoughts. Learning how these patterns play out is a prerequisite for actually changing these patterns in the long term. In other words, you need to understand how your mind works first before you can change how it operates - the changes will occur naturally in time but your job right now is to just keep being mindful and learning these patterns first.","You're doing a good job of being consistent. Building a habit of meditation is one of the things that people can really struggle with. I understand what you mean by it being difficult not to engage with the thoughts.Try labeling the thought when it arises instead of continuing the inner narrative. 

One of the purposes of meditation is to create a space between yourself and the outside world. Allowing you to be more responsive to the world around you rather than reactive. Responsiveness requires pause and consideration before action. Reactiveness does not. 

Another purpose is to create space between you and your brain. Allowing you to become more responsive rather than reactive to your inner world. When the brain generates a thought, instead of continuing the dialog, the idea is to identify/label the thought and wait for the next. I.e. If I'm meditating and I have a thought like ""I'm hungry"" I label the thought as ""Hunger"" and don't continue on with that narrative. When you label the thought with the corresponding emotion or feeling, it helps create space between you and the thought. If I was being reactive to my thoughts I would say ""why am I hungry?"" ""When was the last time I ate?"" Etc. It can be tricky because our natural instinct is to continue the inner dialog and bring attention and then action to the thought.

What I have found to work for me, when I am having a hard time, is to ask myself ""What is my next thought going to be?"" Or ""What's next?"" This shifts focus from the current thought to what comes after the thought, which in the moment is nothing. The brain will have to think about it's next thought, like a computer buffering. After asking that question a few times the mind tends to quiet down. 

You're doing a great job in that you recognize you need to shift your focus, like to your breath. Some minds can be more ""Noisy"" than others. Be patient with yourself. Keep practicing. You can do it! I hope this has helped and good luck on your spiritual journey.","I would say that emotions themselves are not YOU. The words coming from another’s mouth are THEIR own thoughts which then provoke YOUR emotions. These emotions are strong “burning” as you said. But at the end of the day it all originated from someone else’s thought. The same thought that you have been practicing to observe. So in this case perhaps observe another’s thought in order to prevent it from provoking emotion,because emotion is YOUR energy."
1qdan62,meditation,I lost everything,"Guys, I feel like I’ve lost everything.
Around this time last year, I discovered The Power of Now by Eckhart Tolle during the lowest point of my life. I was unemployed, broke (literally zero balance), emotionally weak, and constantly overthinking. People could easily manipulate me.
Just before I started the book, I had received a job offer—but right before joining, it was withdrawn because I couldn’t provide a certificate. That broke me.

Then I started reading The Power of Now and began meditating.
Those three months were the best period of my life.
Meditation wasn’t forced—it became natural. I stayed at home, fully present and aware of what to do and what to say. I learned acceptance. I learned to control my anger. I stopped identifying with my mind. My ego almost disappeared.
Even if someone mocked me, I accepted it and let it be. I stopped judging people. I wasn’t reactive anymore.
I also gained control over lust. I’m not saying this in an extreme way—just as a normal man, earlier I would unconsciously get distracted by attractive women. Through meditation, that reduced naturally. I felt balanced, peaceful, and genuinely happy—despite having no money.
At the same time, I was preparing for another placement drive. I eventually got a job offer, and in April, I moved to a new city.
That’s when everything changed.
My meditation stopped. Slowly, everything I learned from the book faded. I started identifying with my mind again. My ego came back—stronger. I began comparing myself with others, feeling jealous, overthinking, regretting the past, and reacting emotionally instead of accepting things.
Old patterns returned—lust, infatuation, emotional instability.

I’ve started meditating again, but it doesn’t feel the same. I know I was spiritually awakened before, but now I feel like that awakening itself became egoic.
I’m writing this with tears in my eyes. My emotions feel overwhelming even for small things. Ironically, when I had no money, I was happy. Now that I earn, I’m not.
I know no one can do this for me—I have to do it myself.
But I really want to return to that state of presence and peace.
Please help. 🙏",https://reddit.com/r/Meditation/comments/1qdan62/i_lost_everything/,How-to guide 🧘,2026-01-15 05:08:40,133,51,AssistanceRight9787,"confusion, disappointment",10,"It's a wax and wane thing, friend. When you had nothing, you could see how badly you needed meditation. Now that you have things to distract you again it's much harder to focus on. You haven't really ""lost"" anything. There was nothing to be gained in a way that can be lost. You just started to pay attention to what was there. It's still all there, it's just harder to pay attention with all the external stuff pulling your attention. 

Just sit with it again. That's all it actually is. Just be. It's a little harder, but it's all still there. Presence is the thing that you actually are. It can neither be gained nor lost, only noticed.

This is one of my favorite quotes and I think it's applicable here: 

“For forty years I have been selling water by the bank of a river. Ho! Ho! My labors have been utterly without merit.”
— Zen Master Harada Sogaku",You’re just listening to those thoughts again silly 😊let them float on by ☁️,"Spiritual growth is not a linear process. As another commenter put it, progress waxes and wanes. Even at times when you are meditating regularly and trying consciously to be present there may be periods when you fall back into old mental habits.

When this happens to me I either review old material to be reminded why it educated and inspired me the last time I encountered it, or I try learning from a new point of view, or try a change in meditation practice. All these have worked for me.

But you haven’t gone backwards (this is actually impossible). You’ve gone forward to a different place which is for you an undesirable place. Great. Use that to help motivate yourself (ie. “I don’t want to be where I am so I have to figure out how to go somewhere else”).

And when your practice again becomes integrated into your daily life you won’t be going back to where you were before the “relapse”; you’ll be going ahead to yet another place.

We learn from *all* experience, whether it lives up to our goals and ideals and expectations or not. And the idea is to just keep trying to harvest as much learning as possible from each, getting better and better with each attempt. That’s why it’s called practice."
1qd9f0x,meditation,Meditation tip for people with Autisim and ADHD (AuDHD),"I have AuDHD and meditate daily. Like other neurodiverse people, I have a difficult time focusing as my mind constantly races. One thing I do, which helps tremendously, is use a metronome to focus on (anchor) while I’m meditating. I simply turn it on 60 with a wooden block sound, and keep the volume low (like 20%). I’ve used AirPods and they help but it’s not necessary. Anyway, I hope this helps. ",https://reddit.com/r/Meditation/comments/1qd9f0x/meditation_tip_for_people_with_autisim_and_adhd/,Sharing / Insight 💡,2026-01-15 04:08:28,23,12,randallmmiller,frustration,9,"Something that helps me is chanting Ohm. I felt self-conscious at first, but it is soothing like a stim, where you can feel the vibrations in your body and focus on that",Walking and cleaning meditation are also great because you can focus on more active doing than just breathing or chanting. For some reason we emphasize sitting mediation here in west. But in the original traditions there's probably more walking and cleaning meditation.,One minute at a time.
1qd8j30,meditation,I cannot meditate without falling asleep,"I have been meditating on and off for the last couple of years, I'd say I do it like a couple of times monthly but I'm doing it now almost daily as a new years resolution. 

The problem is the I have type of depression that makes you lethargic, like low energy and chronic fatigue. Guided meditation audios has worked better for me since it's easier to follow someone's leads easier, but I can never get to the end. 

I literally fall asleep in three minutes and I want to be more in touch with my spiritual side and to also find a way to relieve my depression/anxiety but I just keep falling sleep on the process, am I doing it right? 
Is there a type of meditation that shoots you with energy or something? 
",https://reddit.com/r/Meditation/comments/1qd8j30/i_cannot_meditate_without_falling_asleep/,Question ❓,2026-01-15 03:25:41,4,10,liriodelirio,frustration,9,"Also, after re-reading your question a second time, your brain is probably exhausted from being depressed so that could explain why you’re falling asleep. Your brain is saying, “aah … that’s so nice.”",You are doing it right. Try meditating when you wake up from the mediation nap 😊,"Try tugging on your earlobe. Old trick from Buddhist monks.

Also, double check your neck posture. A straight neck is good. Leaning forward will make you tired.

Good luck."
1qhxxx4,Mindfulness,"One is trying to solve one's uncomfortableness (anxiousness, fear, sadness, any uneasiness) by the relief offered by entertainments, holidays, intoxications, religious-spiritual ideas, activities, by ideas about God including meditations. Can one notice this.","You are trying to solve your uncomfortableness (anxiousness, fear, sadness, any uneasiness) by the relief offered by entertainments, holidays, intoxications, religious-spiritual ideas, activities, by ideas about God including meditations.

Uncomfortableness can not be removed from the mind or undone. Attempt to solve it, undo it, remove it through 'relief seeking' is dullness decay. Once you notice that you are running away from uncomfortableness and seeking relief (you may call this noticing mindfulness) - you are attuned to supreme relaxation with unending friction to operate.",https://reddit.com/r/Mindfulness/comments/1qhxxx4/one_is_trying_to_solve_ones_uncomfortableness/,Insight,2026-01-20 10:48:13,2,0,yvchawla,"frustration, fear",0,,,
1qhuvpg,Mindfulness,"Meditation helped my severe anxiety, but entertainment feels empty unless I calm first. How do I rebalance?","Hey everyone,

I’m looking for some perspective from people who’ve been through something similar.
I’ve been doing fairly deep meditation practices over the past while to heal severe anxiety, and in that sense it has genuinely helped a lot. I feel calmer, more regulated, and less reactive than I used to be.

However, I’m noticing a side effect that’s been bothering me. When I try to just relax or be entertained, like watching a let’s play, or shows, it feels empty, pointless, and sometimes even depressing. I do not want it to feel that way. I just want to take a break and enjoy something simple again.

What’s confusing is that sometimes I actually can enjoy a let’s play, but usually only after I calm myself down first with meditation or breathwork. When I start to enjoy it, it almost feels like my anxiety wants to creep back up as I engage, like my nervous system is on guard again.

Some relevant details:
- I have been doing insight and deep awareness type practices, not relaxation focused ones
I also use breathwork to calm my nervous system

- I am currently taking Prozac

- I also take Lion’s Mane

- The anxiety improvement feels real, but this emotional flatness around entertainment is new

One quick note because I see this suggestion a lot. I am not trying to reevaluate what brings me joy or replace entertainment with deeper meaning. I already do meaningful and fulfilling things in my life. I do not mind things that let me tune out and rest, and that is what I am trying to regain.

My questions:
- Has anyone experienced this after deeper meditation or breathwork practices?

- Is this a sign I should change, soften, or temporarily pause my practice?

- Has anyone successfully reintroduced enjoyment or entertainment without anxiety coming back?

- Are there gentler practices or ways to stay regulated while engaging in normal pleasure?

I am not trying to quit meditation or breathwork. I just want a healthier balance where healing and enjoyment can coexist.
Thanks in advance for any insight or personal experiences.",https://reddit.com/r/Mindfulness/comments/1qhuvpg/meditation_helped_my_severe_anxiety_but/,Question,2026-01-20 07:43:57,2,5,mshrmo,"frustration, confusion, fear",2,"I think youre experiencing excitement!

Anxiety and excitement are the same thing.","As your awareness grows, disinterest in shallow entertainment is a guaranteed, because you yourself are becoming less shallow.

You will have to allow time for this to settle in you, and to see where you are going to go instead.

It is naturally as you grow older, to lose interest in your toys.",
1qhmyf1,Mindfulness,Investigating Selfing,"I feel like this aspect in the awakening journey in not very often talked about with clarity. Hopefully, I can help a little bit and offer my advice. If you feel like you've had insights into anatta/no-self to the point where on a raw level it's clear, but you keep flip-flopping between selfless clarity and then feeling like a self is here, this is for you. First of all, notice if there's any reactivity around selfing. When it feels like a self is here, do you push it away? Do you pretend like it's not there? Address the reactivity first in any way that you need to. Then, once you've stopped trying to deny what is continuing to show up in your experience, it will be a lot easier to investigate.

Now, immerse yourself into this selfing activity. What does selfing feel like? What does it feel like when there's a self here, vs. when there's not? Don't try to deconstruct your experience and see how there's no inside vs. outside, no seer, etc. If you've already seen these things, it can only help so much (at least for me). In my experience, the selfing comes from a strong sense of something still categorizing experience into dualistic frameworks (self vs. no-self, nonduality vs. duality, present vs. mind-identified, etc). So when it feels like the self is online, what makes it feel that way?

Does it feel like there's something behind the eyes, some kind of tension in the head, some kind of central node that takes in experience? Look for what do you have to reference in order to feel like there's a self here. If it feels like there is a center, what is that center? Is it really anything other than sensations + thoughts? Is all that's making it feel like there's a center is you believing there is a center? Can a sensation see, hear, taste, etc.? Continue to just watch that selfing arise and pass. Notice if there's any effort, any pulling away when selfing occurs. Now, simply relax into the feeling of a center, into the feeling of being behind the eyes. Without referencing a thought, what really is that? Is all that is making the experience of a self vs. no self being there just a thought?

There's all kinds of ways you can approach this very subtle investigation. There's some YT channels I would recommend (The Awakening Curriculum, Simply The Seen (website), Simply Always Awake) that will all give you ideas for how to inquire into this. But at some point you will truly have to let go of trying to attain something, arrive anywhere, and even in a way inquire into anything at all. This only reveals itself when you are so immersed in the phenomena that you drop the inquirer, drop the practice, drop the hope of ever realizing anything at all. You're not going to realize anything. You're not going to arrive somewhere. Give in to the sounds, give into the sights. Let them tell you what they are without you putting into some kind of bucket.

This is stupid simple. The only thing keeping you from seeing this is one very simple thought. It is way more simple than you  think. It is directly right in front of your face. You're never going to know if you understood this or not. You're never going to know if you've gotten this. What is lost is the one who can make the distinctions, make the conclusions. There is a knowing deeper than any of that, but it will not come in the way you expect it to. Forget the one trying to figure this out, trying to claim that you've got it or you've lost it. Stop trying to let go, stop trying to see this. Just relax to what is simply show up for you without naming it. Does seeing need to occur for that tree to be there? Or is the seen just already there before the process of seeing? Is the tree really seen from somewhere? What makes you think it is? Is the only thing making it feel that way that YOU believe that it feels that way?",https://reddit.com/r/Mindfulness/comments/1qhmyf1/investigating_selfing/,Advice,2026-01-20 01:13:48,2,2,Unique_Shake796,"frustration, confusion",1,The one trying to get out of the way is the only thing in the way.,,
1qhlsn2,Mindfulness,How to stop imagining my friend's judging me when im alone?,"Im a High school senior and it was only this last summer i started breaking out my shell. i still have awful self esteem (im depressed/anxious/bipolar all of which im medicated for separately). I have been plagued with a horrible inner monologue for ever but its been louder lately. And it is often my freinds now. Specifically my one freind who i hang out with most. I just hear their voice in my head, judging my every move. It makes me feel ashamed for being myself or having individual thoughts and interest. I dont want to be a copy of anybody. But I have such a hard time accepting that I can be different. My freind accepts me, but in my head i cant believe someone as cool as them would even consider me a friend, let alone best friend. So the hateful version of them in my head is there to bar myself from knowing im loved and admired. I feel like I lose to my horrible self esteem harder and harder every day. I just want to live without these awful thoughts. I try to replace them in the moment with nicer thoughts but they just get worse every day. ",https://reddit.com/r/Mindfulness/comments/1qhlsn2/how_to_stop_imagining_my_friends_judging_me_when/,Question,2026-01-20 00:23:45,4,4,gatsbyandlostfan,"frustration, confusion, fear, loneliness",4,"hey hun.. you have to be okay with it if they are... but in order for it to not be in that gross narcissistic way, trying to that way only makes this worse. you have to adhere to your values and virtues as the source for your motivations.. takes practi e creatively express them and focus on them as much as we can... at all times of possible. and be real with ourselves when we fail, and meditate on how to do better next time. this is about building and maintaining self love. self love, self respect and self esteem is the armor that turns these feelings into nothing.. people judging us over anything weve done turns into no big deal

does that sound like something you can try doing? it's okay if it's but by bit.. dont be discouraged when theres a set back. this kind of thing is a marathon. not a sprint..","That inner critic using your friend's voice is actually your brain's way of trying to protect you from rejection - it's just doing a terrible job at it. When you've struggled with self-esteem for a long time, your mind kind of preemptively rejects yourself before others can, which is exhausting.Curious what happens when you actually spend time with this friend - does the real version of them contradict what the voice in your head says? I've found that sometimes doing a tarot spread through Taro's Tarot helps me externalize those internal voices and see patterns more clearly, but I'm wondering if you've tried journaling the difference between what your friend actually says vs what the voice tells you they think. The fact that you're aware this is your self-esteem and not reality is actually huge - most people can't separate the two. What specific situations trigger the voice the loudest?","When i want to stop myself from ruminating or thinking about things that way, one thing I do is recite an affirmation over and over to myself. Something like, ""I love myself, I believe in myself, I trust myself, and I proud of myself."" Or, ""I'm good enough exactly as I am, unconditionally."" 

I try to think of it less like I am trying to convince myself and more like I am reminding myself. 

I know it's hard, but try to be compassionate with yourself and patient. You don't have to fix everything all at once today. Just try to make it a little bit better each day. 

Each time you notice you're getting wrapped up in those kinds of thoughts, take a deep breath, think about the emotions you are feeling themselves instead, and start reciting an affirmation. ""There is nothing wrong, and there is nothing wrong with me.""

Hang in there, you can get through this, and best of luck to you!"
1qhjbp2,Mindfulness,"Observing sensation, awareness and equanimity during a long bicycle tour","Hola,

During long days of cycling, I began noticing a quiet shift: after hours of steady movement, thoughts softened. Less commentary, more sensation. Humor would creep in. Gratitude would get intense without effort.

At some point, I started capturing, recording these moments as they appeared. Not as conclusions, just observations arising on the road.

Midway through the journey, I volunteered at my first Vipassana retreat in Massachusetts. After that, the ride changed in a tangible way. Attention moved more naturally to bodily sensation  (contact points, breath, tension, release), and equanimity stopped being abstract and became practical.

This showed up most clearly later in difficult conditions. Long stretches of harsh, unpredictable weather -especially in Scotland- where discomfort was constant. Cold, wind, wet clothes. The difference wasn’t endurance, but staying with sensation without immediately resisting it or turning it into a story. And enhancing the observation of impermanence as it unfolded. Weather is a good example of that.

Mindfulness also appeared in very ordinary moments: cooking for strangers, being offered a yard to sleep in, letting a small found object decide direction instead of forcing a choice.

None of it felt special. And yet it felt deeply present.

I’m curious how others here experience mindfulness through movement or sustained physical activity.

  
Has practice changed how you meet discomfort, uncertainty?

Gracias,  
Pablo",https://reddit.com/r/Mindfulness/comments/1qhjbp2/observing_sensation_awareness_and_equanimity/,Question,2026-01-19 22:43:25,9,0,pablousunoff,"frustration, confusion",0,,,
1qhbu5z,Mindfulness,Noticing cravings without reacting harder than I expected,"I’ve been trying to practice mindfulness around urges instead of immediately reacting to them. What surprised me is how physical they feel tight chest, restless hands, looping thoughts.

I’ve been writing down what I notice and then just sitting with it for a few minutes I jot things in **nixrapp** like a journal, nothing fancy. Sometimes the urge passes, sometimes it doesn’t but the awareness itself feels different.

For those who practice mindfulness regularly: How do you stay present with uncomfortable urges without fighting them or giving in?",https://reddit.com/r/Mindfulness/comments/1qhbu5z/noticing_cravings_without_reacting_harder_than_i/,Question,2026-01-19 18:11:55,3,1,EasternBaby2063,frustration,1,Google “riding the wave mindfulness” and “ACT expansion”,,
1qh9lmj,Mindfulness,How to navigate a layoff mindfully?,"I was informed a while ago, a couple of weeks before the holiday season that I will be laid off due to cost cutting.  
  
I was patient, grounded, and present about it initially.  
  
However, looking at things, it feels like it may not be that simple. It could be because of the surge in AI tools. I have been thinking how could I have avoided the situation when logically, its impossible. AI is a million brains. You cannot compete with it if you get into a situation with it.  
  
I understand this could be my brain overthinking and trying to make sense of the situation when its just that. Something that happened and was not in anybody's control.

We spend a large part of our lives tending to our professional duties. Its natural that it becomes a huge part of us. So much so that we start thinking in terms of ""I am"" instead of ""I do"". We start thinking in terms of innateness, instead of detaching ourselves.

I have been trying to focus on other parts of my identity. Been thinking about the fight that lies ahead and how I can reinvent myself.

But the sting is still there which is hurting me a bit.

What are the thoughts/thought processes I can adopt to navigate this difficult period mindfully, to lower the volume on these different emotions I have been feeling?",https://reddit.com/r/Mindfulness/comments/1qh9lmj/how_to_navigate_a_layoff_mindfully/,Question,2026-01-19 16:54:49,4,4,Eastern-Mobile-4695,"frustration, confusion",4,"Someone once told me to make my work the LEAST interesting thing about me. 

This helped when I too got laid off about 7 months ago. I focused on what I want out of life and what makes me happy and it was quite empowering - once I got over the initial sting.

Now I’m launching a new business and am much happier. Hope you find the version of this that works for you.","I've been through something similar, and that sting you're feeling? it's actually part of processing identity shift, not just job loss. the whole ""I am"" vs ""I do"" thing you mentioned really resonates.... curious what specific parts of your identity you've been reconnecting with outside of work?one thing that helped me was actually leaning into the uncertainty rather than fighting it. i started using Taro's Tarot during that transition period, but what really moved the needle was reframing the layoff as data rather than judgment. you mentioned AI being a million brains.... but how much of your role was actually about execution vs relationship-building, creative problem-solving, or strategic thinking? those are still areas where human insight drives business value.what's your timeline looking like for the job search, and have you identified what skills from your previous role are most transferable to where the market's actually heading?","I think mindfulness is best thought of as a tool for helping navigate through difficult feelings, not control or manage them. 

It’s natural that you have feels of hurt, disappointment, and so on. I’m sorry you are going through this. Can you bring some gentle and kind mindfulness to these feelings? Spend a few minutes each day allowing them to be, feeling them in your body, just sitting with them kindly? ACT expansion skills are a more formal guide to this that you may want to look into. 

As for the making sensing/solving the problem aspect - this is a helpful function of the doing mind. It may be worth spending some time on it to help you figure out next steps. The problem is only when it has that compulsive quality or you’re thinking about it and just spinning your wheels. 

So maybe make some time with paper and pen to try to game out what happened, and/or to talk it out with someone you trust. You may need to do this more than once to get the info you need. But when it comes up in an unhelpful way, you can use mindfulness of thoughts or ACT unhooking skills to let those thoughts chatter in the background without engaging with them."
1qh5zmn,Mindfulness,How internal fears control a person's beliefs and life,"Fear of enclosed spaces, fear of flying or driving, fear of spiders—these are external fears, common knowledge. But there are also internal fears. They're invisible to outsiders, and the person themselves are usually unaware of them. But these fears control a person's life far more powerfully than those we've labeled external. And, ultimately, absolutely all hidden fears boil down to one single fear: ""I'm not loved,"" and if you dig even deeper, to the fear of death.

Let's give an example right away. A man bought a new car on credit. A large car—meaning one that stands out in traffic. Everyone knows that economically, buying a new car, especially on credit, isn't the best investment. A car loses its first few tens of percent in value the moment it leaves the showroom. However, for the ego, economics isn't the primary concern. The ego operates on a different fuel. The logic here is: ""I'll get a new, big car so everyone can see it's new and expensive, then they'll love me. I feel small and unwanted, but on the road, I'll be very noticeable and big."" Could it be any other way? Of course. If a person is aware of their needs, the source of their desires, understands why they're doing these things, without any hidden beliefs or subtexts buried in the subconscious, and wants this specific car—then yes. It's not about fear, but about conscious choice. But in 99% of cases, it happens differently.

Another example is when people in relationships endure, suffer, complain, resent, betray themselves, but don't leave. Because the fear of being alone is stronger. Leaving a relationship is much scarier than staying in it, even if the relationship itself poses a threat to both mental and physical health. Yes, it's worth adding here that in our first marriage, 99% of the time, we all choose a partner to experience the same emotions we experienced with a significant adult in childhood—and these are often deeply traumatic emotions, and the body remembers them well as a model. This includes emotional swings, an emotionally or physically ""absent"" parent, dissociations due to experiences too overwhelming for the child's psyche, and much more. Some, on the contrary, are afraid to enter into a relationship. This is about mistrust. About the fear of making mistakes. Fear of trusting and experiencing pain again. Fear of opening up and experiencing yet another disappointment.

Some are terrified of the poverty they witnessed as children, and because of this, they work themselves to death in every job they can, just to avoid that situation and give their children the best. Such parents give their children absolutely everything they themselves did not have. As a result, the fear remains, and the child doesn't enjoy childhood. And here, too, there's a question of motivation. You can surround a child with care out of fear. Or you can do it out of love. For where there is love, there is no room for fear. And vice versa: where there is fear, there is a lack of love.

Some people are afraid of the tax office, some of property damage, some of marriage or divorce, some of expressing their opinion, speaking out, expressing themselves, any dissent, anything new, while others, on the contrary, are afraid to look into the past. But this is external. Internally, people fear loneliness. Responsibility. The unknown. And, most importantly, at the root of it all—that they are not loved. They will not be loved. And they have to earn this love somehow. They have to do something. Or at least eat something new to feel alive. Or make an expensive purchase, even if it's completely unnecessary.

Another example is when, say, the owner of several apartments or houses regularly thinks about the safety of their property, goes to sleep with this thought, excessively controls their tenants, and believes that the more houses they own, the more expansive their personality will be. Yet, despite seemingly being a successful rentier, they live in daily anxiety.

After all, a person is essentially developing a business, which, in theory, should bring them more freedom and joy, more opportunities. Ultimately, the opposite happens—the person becomes a hostage to the system they created. They have more, but they also fear more. Because they will also have more to lose, which is what they fear. Such people are especially afraid of death. Because they realize that they won't take it all with them, but they don't realize that they will. And so they cling even more tightly to material things, because that's all they have—they haven't had time to accumulate anything else. That which they will take with them. It's good to have both. Because one without the other is incomplete. All religions say the same thing: don't be afraid. But society says the opposite: be afraid of not making it, of not succeeding, of being worse, slower, stranger, duller. Run, overtake, succeed, consume.

How to deal with this? Recognizing the sources of your fears is already 50% of the success. Awareness acts like a cure: fear ceases to program your life and influence it fully. It's crucial to act not out of fear—one, and not out of ego—two. Then everything will go smoothly and as it should.

Fear is not only a survival mechanism, but also something that controls a person and their motivation much more than you can imagine. I wish readers an understanding of their own fears and liberation from exhausted beliefs.",https://reddit.com/r/Mindfulness/comments/1qh5zmn/how_internal_fears_control_a_persons_beliefs_and/,News,2026-01-19 14:44:04,9,3,listengort8,"frustration, confusion, fear, loneliness",2,"Very well written, but how to find the source of your fear and then how to let go of it?","This is a really insightful breakdown of how unconscious fears drive our choices. i'm curious about something though - when you talk about becoming aware of these hidden beliefs and subtexts, how does someone actually start recognizing them in real-time? Like, in the moment of wanting that car or staying in that toxic relationship, what's the actual process of catching yourself?i've been doing some self-reflection work lately (been using Taro's Tarot as one tool among others) and what strikes me is how slippery these patterns are. you can intellectually understand ""oh, I'm afraid of being alone"" but then still feel completely justified in your decisions in the moment. The ego is really good at creating logical-sounding narratives that mask the fear underneath.what's your experience with the gap between knowing your patterns exist and actually being able to pause when they're happening? do you find there are specific triggers or moments where it becomes easier to spot these fears operating?",
1qgl4jq,Mindfulness,"I built a free app that asks you questions instead of giving advice, because I realized that's what really helps in moments of crisis.","It started with a simple realization, every time someone gave me advice about myself, I was too emotional to listen, and promptly ignored it. But when I was asked the right questions, everything clicked. The answers came from inside me, not from someone else telling me what to think.

So I built [Magic Mirror,](https://bunters-magic-mirror.vercel.app/) an app that does exactly that. It asks you thoughtful questions to guide you through your own reflection. No advice. No judgment. Just questions that help you look inward and discover patterns about yourself.

Here's how it works:

* You pick a topic you want to reflect on (a pattern you've noticed, a decision you're stuck on, something you want to understand about yourself).
* The app asks you a set of handcrafted questions intended to help the user examine their experience from a multitude of angles.
* You answer them.
* At the end, you get a reflection that *you* created, pulling together the themes and patterns from your own answers.
* Then, you can choose to sit with it, or dive deeper! Diving deeper brings you through a more custom subset of questions based on your initial responses.

The whole thing takes 10-15 minutes, and you walk away with clarity that came from you, not from an AI telling you what to do. The Mirror simply reflects.

(P.S. There are some fun extra features for users who choose to create accounts, such as the perception system, where the app uses multiple reflections to give you an idea of how you are seeing the world.)

**\[Try Magic Mirror free here:** [Magic Mirror](https://bunters-magic-mirror.vercel.app/) **\]**

I'd love your feedback. What patterns about yourself do you wish you understood better? What questions would actually help you see yourself more clearly? What do you wish my app did that it doesn't? Any and all feedback is welcome!   
  
Thank you for taking the time to take a look!  
[Buy Me a Coffee?](https://buymeacoffee.com/buntersfeld)",https://reddit.com/r/Mindfulness/comments/1qgl4jq/i_built_a_free_app_that_asks_you_questions/,Resources,2026-01-18 21:41:48,5,4,TrippinKittten,"frustration, confusion",2,Hear me out... maybe what people need in a crisis is not AI slop,"The one in crisis can't resolve it's crisis through questioning, because it is the reason there is a crisis in this moment.
What you are looking for (freedom from crisis) is already where you are looking from.

🤣🙏",
1qgcxjs,Mindfulness,"How to avoid freezing or becoming ""dumb"" under stress? I need to learn to think under stress and anxiety ASAP.","I used to be very anxious, panic and freeze up under high pressure but with some long term training I managed to somewhat keep the big anxiety and panic at bay and ""still keep moving"".  Although at the same time I turn dumber, tense, have delayed reaction and my problem solving skills goes to hell during it.

I can focus only on one thing at a time and possibly forget everything else I've learned. Then proceeds to self-sabotage because I couldn't utilize my training when it count.

Any critical detail that an average person would notice, goes completely unnoticed by me when I have only seconds to notice and react.

This has repeatedly screwed me over in many parts of my life. Luckily it's not the end of the world usually and you can fix mistakes but recently I've started taking driving tests and I don't want to accidentally endanger others on the road.  Injuries can be severe so it's more serious than ever.

Failed the first test because I forgot all important observations and only tunnel visioned about not going to the wrong lane, and wasting energy on curbing anxiety which screws me over when I can't think properly.

Meaning I can't predict the situations beforehand nor assess risk situations anymore.  I want to urgently learn how to perform under pressure so I won't put anyone else at risk on the road, it's not faie. I don't want to do stupid when other people's well-being is involved.",https://reddit.com/r/Mindfulness/comments/1qgcxjs/how_to_avoid_freezing_or_becoming_dumb_under/,Question,2026-01-18 16:25:11,22,7,Ian_JKboi,"frustration, confusion, fear, disappointment",5,"Do you have a lot on your mind when you have these moments?

Being in the present moment means getting rid of the distractions that consume your energy. More energy frees your mind to process faster.",A friend whom i respect deeply took improv classes as a way to manage what you’ve described. He was pleased with his progress the last time we spoke.,"Wow. This is me right now too. I had confidence at work at one point but now it's in the bin. You've really hit the nail on the head with this post in a way I wasn't able to articulate.

Hopefully someone comments something to save the day!"
1qgcpvn,Mindfulness,Participants needed for a research study exploring consciousness and wellbeing,"Hi everyone,

I’m helping with a psychology research study that’s currently recruiting mindfulness and meditation practitioners. Sharing it here in case anyone is interested in contributing: we’re currently short on participants from Europe and India, as well as **Mindfulness practitioners**.

The study aims to help validate a new psychological scale (the Awareness Atlas Scale) designed to explore how conscious awareness and inner experience may develop through meditation practices. This is part of ongoing academic research connected with Heartfulness and partner universities.

Participants need to be 18 years or older. Participation involves completing an anonymous online survey; no identifying information is collected; approximately 30 minutes to complete (if that).

**To take part you can scan the QR code or search the tinyurl in the picture above (can't post it here).**

If you’re able to participate, it would be greatly appreciated. Also sharing this with one person who might be interested would make a real difference!!

This is a legitimate study that is intended to be published (you can read the previous published study here [https://www.frontiersin.org/journals/psychology/articles/10.3389/fpsyg.2024.1283980/full](https://www.frontiersin.org/journals/psychology/articles/10.3389/fpsyg.2024.1283980/full) ). The findings will contribute to research on mindfulness and meditation and therefore help contribute to the field.

Thank you 🙏

p.s. mods I sent you a message about this",https://reddit.com/r/Mindfulness/comments/1qgcpvn/participants_needed_for_a_research_study/,Question,2026-01-18 16:16:56,1,4,50pcheeseomelette,frustration,0,,,
1qg8err,Mindfulness,The envy blueprint,"Scrolling through Instagram, I sometimes see posts that make me feel small and question my own worth. I tell myself that they had help so they don’t really deserve it. I wanted to understand what I was feeling and I didn’t realise I was suffocating myself. What I thought was jealousy, turned out to be envy.

Jealousy is seeing your friends have fun without you. That “pain in your chest” feeling of losing something you once had. Envy on the other hand, wraps your heart in inferiority, longing, and resentment. Like wanting to hide your hands from being held because you’re afraid that they’re too fat or skinny. And if what I was feeling was envy, what do you with it?

Like a two-way road, envy can lead us down different paths depending on where we go:

we could choose malicious envy. The poisonous desire to pull others down to our level. Characterized by hostility, resentment, and a sense of injustice.

Or we could ride down the road of growth, benign envy. It still stings, but it’s the sting of an alarm clock—it’s waking you up to what you can do. It makes you want to work harder to be the person you’re looking at. You see them not as rivals, but as blueprints

Isn’t it strange how even in the unpleasant, we find a way to move up?

And envy isn’t wrong, it’s in our nature. is it wrong for an animal to compete with its own kind to survive? It’s what we choose to do with that feeling that decides who we are

So I’ll leave that to you. You may want what they have, but do you have what it takes. I kindly ask, will you dig away their mountain, or take steps to climb one that’s even taller.",https://reddit.com/r/Mindfulness/comments/1qg8err/the_envy_blueprint/,Insight,2026-01-18 13:20:46,1,2,Ok-Inevitable-5409,"frustration, confusion, fear",1,Why are you scrolling on instagram at all?,,
1qg6s10,Mindfulness,Is It a Crime to Keep Spiritual Wisdom to Yourself?,"I’ve always kept my spirituality private — something I rarely discussed outside my closest circles. But recently, I came across a powerful insight from [Sadhguru in his Raw Talks podcast with VK](https://www.youtube.com/watch?v=QWDN_gbOs-Q) that completely shifted my perspective.

He shared this analogy: Imagine the whole city of Hyderabad is thirsty, with no water to drink. But in your backyard, you have a well with sweet, clean water. If you simply close your eyes and sit, thinking, “If they find it, they can drink,” Sadhguru says, “I think you are a criminal.” Instead, he insists, “It’s your business to stand on the rooftop and shout, ‘There is water here. Please drink.’ That’s all I’m doing.”

His words made me reflect: So many people today are struggling with mental health, stress, and the basic challenges of life, while my own life has been transformed by meditation and yoga. Is it not my responsibility to let others know that this option exists? I’m not suggesting anyone should be forced to follow my path, just that spreading awareness about what’s possible feels like my duty.

What do you all think? Should we share our spiritual experiences, or keep them private?",https://reddit.com/r/Mindfulness/comments/1qg6s10/is_it_a_crime_to_keep_spiritual_wisdom_to_yourself/,Question,2026-01-18 11:57:03,2,45,punkport,frustration,10,"I love this analogy:

Imagine you are in a room where every one is cozy taking a nap. Then you wake up.  
What do you do? Do you start screaming: I woke up ! I woke up !   
or do you leave the room quietly so everyone keeps sleeping and waking up at their own pace.","The best way to ""share spiritual wisdom"" is to live well, enjoy life, and help others. 

I believe this kind of thinking creates a savior complex and reinforces dualism. Who am I to believe that I carry some wisdom you *must* hear? Why is my path *the* path for all? 

If you really ""have it"" - ""it"" will naturally show in how you  carry yourself and your life. If you're thinking ""I have it, and it's my duty to tell everyone!"", you are striving, and you dont have it.",People are ready when they are ready.  Wisdom is earned not bestowed.
1qfroxl,Mindfulness,How to practice mindfulness in the moment?,"I'm a teacher, high school, and at times my job can be very overwhelming with behaviour, sound, movement etc. Which can lead me to becoming upset or frustrated.

I want to be able to centre myself in the moment. I realise this will take practice.

What has worked for you?",https://reddit.com/r/Mindfulness/comments/1qfroxl/how_to_practice_mindfulness_in_the_moment/,Question,2026-01-17 23:02:43,4,8,KoraLily,"frustration, confusion",8,"Practicing mindfulness is simply noticing what’s arising in your experience. So if you’re noticing the behaviour, sounds, and movements, as well as your reactions to them (emotions, sensations, thoughts etc), then you are being mindful. 

The noticing itself is sufficient - you don’t need to ‘fix’ anything in your experience in the heat of the moment. This noticing is helping your mind to gain insight into your mental and behavioural patterns, and your reactivity will naturally decrease over time, as your mind gains more consciousness understanding of these patterns.  ",Breath. Count. Breath,"Get a good foundation in mindfulness by experts.

Policemen and firemen go through Mindfulness training to deal with the trauma they experience in their work..

The book they most commonly use is:

""Mindfulness: an 8 week plan for finding peace in a frantic world"" by Mark Williams and Danny Penman.

This is how I came to know about it and it is the best foundation of mindfulness you will ever find."
1qfrggu,Mindfulness,Saftey,"I find myself looking for safety a lot. I thought I could find what I wanted in the world, but the things there don’t last. Other people leave, apparently magical moments are wonderful in the moment, but they also leave as well. What about in meditation where wonderful joy and grace arise, where I’m sometimes immersed in blissful states of empty space. Those will end too, and I find myself back in my body, in me. But maybe spiritual life isn’t about running away. I’m starting to find that out myself. Before I was always running, when I sought comfort and security in other people, I was only running from my own insecurity and loneliness. Then when I seemed to turn the other way - to serious meditation and striving, I was again resisting my own longing for love and security. I’m starting to learn that practice is about accepting the whole, without boundaries to what is spiritual and what is not. There is only this one moment, these feelings, these thoughts. We can choose to resist and grate against them, we can choose to run away, or we can learn to hold them in loving awareness, whatever happens, we can just watch it arise and pass - fearless. When we stop resisting, we can find freedom. When we come back to this one eternal moment, we can smile and find safety here.",https://reddit.com/r/Mindfulness/comments/1qfrggu/saftey/,Insight,2026-01-17 22:53:02,2,6,MeditationJosh,fear,4,"Yeah all striving comes from a sense that there’s something not quite enough about the present moment, so we look for a way to escape or ‘fix’ it. So in that way, spiritual seeking is identical to seeking material things, it’s just chasing a ‘better now’ in a different disguise. 

But at some point, the mind will clearly recognise the futility of always fighting against the flow of life, and that’s where a deeper letting go into the present moment can take place. This is where we learn that unconditional acceptance and equanimity is simply a complete alignment with the flow of life. ","This reads like someone noticing the pattern instead of just the feeling, which is a big shift. What stood out to me is how you saw both seeking comfort and seeking transcendence as different ways of avoiding the same vulnerability. That feels very honest. In practice, I’ve found the “safety” isn’t in making anything last, but in trusting that I can stay present even when it doesn’t. Not fearless in a dramatic way, just willing to remain. There’s a quiet steadiness in that kind of staying.",The transcendental is hidden in plain sight
1qfnico,Mindfulness,My new self,"I come to you all seeking advice. The problem is, I have looked externally for so long now to help solve my internal problems. But here I am again. Been dealing with anxiety my whole life, depression bouts here and there. Before 2 years ago, I could shake things off and find comfort in the things that made me happy or brought me comfort. In the past 2 years, my panic has become worse. I don’t have confidence in dealing with matters in life, even though I have dealt with all of them. I rarely feel real joy or comfort. I need a breath of fresh air somehow. I really feel like I need to shed the skin of these past 2 years and become my new and better self. 

Things are changing in my life-34M-my kids are growing up. My body, though still in shape, is hurting worse from my daily duties. I’m starting to feel physical pain from not being fully present for my family. They’re my everything. I try to get back to the ways I used to feel. Missing the old me. I drink to cope most nights. To calm down when things feel heavy. I am on medicine, though I feel it’s dimmed my lighter emotions. My wife and my kids deserve the best version of me. I know there’s people here who have changed. Reading stories is empowering to me. I am man of faith. If you disagree with that part, it would be helpful to keep it to yourself. Any prayers or advice would be so much appreciated. ",https://reddit.com/r/Mindfulness/comments/1qfnico/my_new_self/,Advice,2026-01-17 20:12:24,1,2,alifeworthliving22,fear,1,"If you're a man of faith, give yourself over to god.

Otherwise, what's the point?

That will show you the way",,
1qfhc9c,Mindfulness,"If you practice mindfulness but still feel trapped by your thoughts, please read this","If you meditate, practice mindfulness, or try to stay present - yet still find yourself pulled into the same mental loops - this might resonate.

One thing I’ve learned is that mindfulness isn’t just about noticing thoughts. It’s about recognizing how convincing they are. Many thoughts don’t arrive as anxiety or negativity. They arrive calmly, sounding wise, cautious, even helpful. And because of that, we follow them without realizing we’ve stopped being present.

What changed for me was learning to see thoughts as events in the mind, not instructions. Mindfulness became less about calming myself down and more about noticing when my attention quietly handed control back to habit.

Reading 7 Lies Your Brain Tells You: And How to Outsmart Every One of Them helped connect mindfulness to everyday life. The book breaks down common mental narratives that feel like truth but subtly pull us out of awareness. What I appreciated is that it doesn’t tell you to fight thoughts - it teaches you how to stop mistaking them for reality.

If your mindfulness practice feels sincere but incomplete, please read this book. It helped me realize that presence isn’t about having fewer thoughts - it’s about believing fewer of them.

Sometimes mindfulness deepens not when the mind gets quieter,

but when we learn which thoughts don’t deserve our attention.",https://reddit.com/r/Mindfulness/comments/1qfhc9c/if_you_practice_mindfulness_but_still_feel/,Advice,2026-01-17 16:17:12,6,5,No-Case6255,confusion,5,Did you write the book? I see you do a great job promoting it in multiple subs.,Another shill post for this book,"Even what feels like progress for someone on this path is just another wave passing on the screen of Consciousness.
Because what you are looking for is already where you are looking from.

🤣🙏"
1qf9tdv,Mindfulness,A gentle lofi track I use for quiet study and mindful focus,"Hi everyone,



Lately I’ve been trying to bring a bit more mindfulness into my study time.

Instead of complete silence or distracting music, I started using very soft lofi beats as a calm background.



I made a simple instrumental track that I personally use while studying, reading, or journaling.

There are no vocals and no strong rhythms — just a gentle, steady atmosphere that helps me stay present and focused.



If anyone here also practices mindful studying or quiet focus, this might be useful for you too.



I’ll leave the link in the comments.

Wishing you a calm moment today 🌿

",https://reddit.com/r/Mindfulness/comments/1qf9tdv/a_gentle_lofi_track_i_use_for_quiet_study_and/,Resources,2026-01-17 10:24:56,0,1,smooth_breeze42,frustration,1,"Here’s the track, in case it’s helpful 🎧  
[https://youtu.be/xdXRH4xNs\_s](https://youtu.be/xdXRH4xNs_s)",,
1qf6fm2,Mindfulness,Small thing that stopped my anxiety from spiraling (felt stupid but worked),"I noticed most of my anxiety wasn’t coming from big thoughts, it was coming from how fast everything was happening messages, tabs, people talking, decisions back to back my brain wasn’t panicking, it was overloaded one thing that genuinely helped was forcing micro-pauses between actions like finishing one task and waiting 5 seconds before starting the next not breathing exercises, not grounding, just a pause it sounds dumb, but it stopped that constant “go go go” feeling in my body anxiety dropped because my system finally had space to catch up I didn’t realize how rarely we let one moment end before starting another. It might sound small, but if anxiety feels constant, this could be worth trying once.",https://reddit.com/r/Mindfulness/comments/1qf6fm2/small_thing_that_stopped_my_anxiety_from/,Insight,2026-01-17 07:00:13,32,6,ChloeBennet07,"frustration, fear",4,"Yeah I might try this. Also, not to judge just thought it was a bit funny in the context, you only wrote 2 sentences there, almost no periods. Sometimes I m excited talking about something and also forgot to do breaks and eventually need to breathe",Thank you for that.  A lot of times I feel like I dont have time to pause between task.  And end up taking unproductive breaks that resemble procrastination and exhaustion.  When what i really need is a moment of unpressured grounding,Sometimes it is the small things that you might assume to be insignificant that can help the most!  You are helping yourself to respond to life instead of reacting to it reflexively.  Beautiful!  Thank you for sharing this experience!
1qer1ng,Mindfulness,Mindfulness without pressure — what does that look like to you?,"Mindfulness is often framed as something you need to “do right.” But for stressed students and young adults, that pressure can be counterproductive.

I’ve been thinking about mindfulness as:

* Small pauses
* Gentle awareness
* No fixing, no optimizing

What mindfulness practices feel supportive rather than demanding for you?",https://reddit.com/r/Mindfulness/comments/1qer1ng/mindfulness_without_pressure_what_does_that_look/,Question,2026-01-16 20:21:21,3,11,Specialist_Yam_82,confusion,4,"I started feeding and watching birds. Pure dopamine, no judgement.","I've found that the most sustainable mindfulness for me is literally just noticing things without any agenda attached. Like, not ""I'm going to practice mindfulness for 10 minutes"" but more ""oh, I'm feeling tense right now"" and just... acknowledging it exists.The pressure to do it ""correctly"" completely defeats the purpose imo. I use Taro's Tarot sometimes when I need to pause and reflect without feeling like I'm on the clock or being graded. But honestly, what shifted things for me was letting go of the idea that mindfulness needs to look a certain way or produce specific results.What practices have you tried where you felt that pressure most? I'm curious if it's more about the practice itself or how it was introduced to you.","I feel it most when I talk to others. Strangers, people I love. I just let myself be there as the witnessing presence. Not gearing up to reply, just listening."
1qecs9o,Mindfulness,"I believe I experienced my ego death, I saw the gab between my ego and my real self, but I'm resisting","almost 2 months ago I had my first depersonalization crisis, when that happened my ego died for some time, I felt the immense fear that people say it brings, a few weeks later I was about to sleep when I focused on my physical senses intensely, when I did that my ego died again, ofc in the moment I didn't know what was happening, so I slept and literally forgot that happened after a few days, but then 2 days ago it happened again, I really focused on my internal senses while trying to sleep, then my ego died again, but this time I figured it out, I've read about the ego-free state on Buddhism, I've read and watched people explaining their process to me, some people say they loose their identity in the process, a report I saw on yt said it took 10 years for that woman to recover her identity... but now I learned the trigger and I'm very sure I can trigger it again in the right moment, and I'm constantly ""haunted"" by the feeling that I might be living a lie, something that do not resonate with my true self... I think I'm unsure about what and how this is going to change me and how those near me will react, and ofc the idea of loosing myself in the process is not very attractive... ",https://reddit.com/r/Mindfulness/comments/1qecs9o/i_believe_i_experienced_my_ego_death_i_saw_the/,Question,2026-01-16 10:44:36,2,9,Cher-_-,"frustration, fear",2,"There is dualism and non-dualism. I find I switch between the two. For me my identity is a story I tell myself, all my habits, preferences, actions. But I feel after doing meditation for some time there are insights about my beliefs and habits that can be let go of as they are from a place of fear or just aren't necessary. That gives me more space to enjoy the present, people I love and things I enjoy doing. 


Sometimes in meditation there is an uneasy feeling of becoming present because my mind feels like it's turning off the planner and scenario. This machine that feels like it's holding everything together. But on the other side of that is peace and curiosity. Like being a kid. 


If you feel dissociation, it might be best to slow down with meditation and perhaps change what kind you do. When it's working there is a feeling of safety and security where you are observing what is your experience and your awareness with clarity. 
If you are having a fear response it will numb you out and dissociate. 


If you're still young, work with a therapist and switch up to a meditation that works for you. Make sure to ground in your environment to help against dissociation. ","This is actually a really profound moment you're experiencing - that gap between ego and true self can be disorienting as hell. Curious though, when you say you're ""haunted"" by the feeling of living a lie, what specific aspects of your current life feel most misaligned? Like is it relationships, career choices, daily routines?The fear of losing identity is valid, but from what I've seen working through similar transitions, it's less about losing yourself and more about shedding what was never really you to begin with. I occasionally use Taro's Tarot when I'm trying to get clarity on internal conflicts like this, but honestly the bigger question is.... what would feel authentic to you right now if you weren't afraid of how others would react? Because that resistance you're feeling might actually be pointing you toward something important rather than away from it.",
1qecapy,Mindfulness,Does living on autopilot seem more common and that mindfulness isn't with most people? Why?,I feel like I see it everyday. I can't explain it exactly I just know. The crazy thing is I think society sort of rejects being mindful in some ways.  If you're aware or thinking of something it's like why are you thinking that and wasting your time? I do take notice of people that are mindful and aware of their thoughts and I click onto them like magnets.,https://reddit.com/r/Mindfulness/comments/1qecapy/does_living_on_autopilot_seem_more_common_and/,Question,2026-01-16 10:15:10,14,17,chusaychusay,frustration,10,"Mindfulness is kind of the opposite of hustle culture, which seems to be the “expected” autopilot. Most people are way too focused on getting what they want they forget to stop and evaluate what they need.","Hai colto una verità profonda: il **pilota automatico** è una strategia di sopravvivenza evolutiva. Il cervello cerca di risparmiare energia automatizzando i gesti quotidiani, ma oggi questa funzione è esasperata da una società che idolatra la **produttività frenetica**.

Essere consapevoli richiede tempo e ""presenza"", elementi visti come nemici del profitto e dell'efficienza. La società spesso teme la consapevolezza perché chi è presente non è facilmente manipolabile dai consumi o dalle distrazioni digitali. Fermarsi a osservare un pensiero viene percepito come ""tempo perso"" solo perché non produce un risultato materiale immediato.

È naturale che tu cerchi chi è sveglio: la consapevolezza è contagiosa e crea connessioni autentiche, oltre il rumore di fondo.",Why would mindfulness exist if most people were already mindful?
1qebte6,Mindfulness,"Need advice, i am good and intelligent guy before after mindfulness","I am smart and well working guy but depression hits me hard a lot and anxiety tooo 

Later i learn observe the anxiety or overwhelming or depression or negative thoughts without judging or feeding it 

But non judgement making as a habit and doing things which is opposite sometimes like i am observing but i not making some decisions 

Even sometimes i am doing wrong things which are basic like today i biudght some food in a cup ( plastic one ) then after eating instead throughing in dustbin i put that empty box in a cover why i did that is i dont know... Is this common???",https://reddit.com/r/Mindfulness/comments/1qebte6/need_advice_i_am_good_and_intelligent_guy_before/,Advice,2026-01-16 09:46:46,2,2,General_Tone_9503,frustration,1,"That dissociation from decision-making is actually a pretty common pitfall when people first get into mindfulness - you're observing so much that you kind of freeze up on basic actions. The plastic cup thing sounds like you were so detached from the moment that your autopilot just did something random.curious about your practice - are you doing any formal meditation sessions, or mostly just trying to observe throughout the day? Sometimes when I'm feeling too ""floaty"" with decisions, I use Taro's Tarot to get some external perspective on what direction feels right, then go back to my mindfulness practice with more grounding.What helped you initially when you started observing your anxiety? And have you noticed if this decision paralysis happens more during depressive episodes or is it constant now?",,
1qdt9ka,Mindfulness,Book Suggestions for OCD sufferer on mindfulness.,"&#x200B;

Hello, I suffer from OCD, ptsd,  adhd, anxiety, imand depression. I'm in my late 40s. I've dealt with these issues since I was 6. I've seen many therapists in the last 41 years. I've been on medication since I was 21. 



Some therapists have suggested I look into mindfulness to help deal with my thoughts,   obsessive thinking, and ruminating. I'm really frustrated and depressed because of how much this adversely affects my quality of life. 

A lot of what I deal with is religious ocd/aka scrupules. I recently converted to Catholicism 4 years ago.

For the most part, I'm happy with my faith. I tend to experience intrusive thoughts about going to Hell, guilt for minor sins, or for things I have no control over like compulsive behaviors. It's making my life miserable frankly. 

I am never in the moment. I always feel destructive by these thoughts, and I'm always fixated on the past or worried about the future. Sometimes, I feel like Christianity is exacerbating these symptoms. I used to feel a lot of comfort from my faith, but then I gravitate to this negative line of thinking, and I'm constantly obsessing about sinning and the other things I mentioned. 

if anybody had experienced this, I'd love some advice on how to deal with these things. I'm also looking for suggestions on good books on mindfulness.  Thanks in advance! 

 ",https://reddit.com/r/Mindfulness/comments/1qdt9ka/book_suggestions_for_ocd_sufferer_on_mindfulness/,Question,2026-01-15 19:30:41,2,12,lotusrisingfromswamp,"frustration, confusion, fear",5,The two best mindfulness books I've read are Full Catastrophe Living by Jon Kabat-Zinn and The Untethered Soul by Michael A Singer - both super helpful and start off with good introductions to mindfulness.,"Have you tried support groups? I put together a list of various ones. Some are geared at shopping addiction, but there are many more for mental health. Mostly free and online.

https://www.reddit.com/r/shoppingaddiction/s/albOIikoiY","Get a good foundation in mindfulness by experts.

Policemen and firemen go through Mindfulness training to deal with the trauma they experience in their work..

The book they most commonly use is:

""Mindfulness: an 8 week plan for finding peace in a frantic world"" by Mark Williams and Danny Penman.

This is how I came to know about it and it is the best foundation of mindfulness you will ever find."
1qdl8gy,Mindfulness,"I believe I experienced something called metacognitive detachment, it got me fascinated and scared as hell","Yesterday at night I experienced what I believe to be called metacognition detachment from what I could read about it, the feeling of that state was almost exactly the same as a dissociation/derealization episode (I had one over a month ago for the first time), and since then I've been analysing it, and it felt more complex than just a derealization, that state brings the most massive emotional weight of fear I could even feel, the loss of knowing who you are because you basically detached from your ego is seen as a big threat to the human brain, I am lucky to have a very strong hability to observe my body and mind, and that hability keeps itself online even in the most distressing experience I've ever had, I was almost sleeping when it happened, then I focus on my own internal state (what I was feeling with my body), I started seeing it from ""far away"", like my senses were active but their weight was way lower until I detached from my entire body and mind, I felt like everything I could feel was part of me, but not me, I even felt that same thing with my own thoughts, like I wasn't in control but I was, normally I just feel myself, aways in control of what I do and what I choose to think this created a new ""mode"", it felt more like ""inertia mode"" and ""control mode"", when I didn't choose to do something I was in inertia, like everything else was almost an automatic response, I don't think I was really out of control, I believe my mind was trying to ground itself to my ""normal"" identity, it was lost without knowing what it was, that's why the immense fear of being in that state, a lot of emotional thoughts came through, like : ""what if I get stuck in this state forever?"" Or ""what if the fear never goes away?"", the emotions were heavier than grief and depression. 

While in that state I remembered I already had triggered this same feeling before once of twice, I can't remember, I found it curious the fact that I had forgotten such experience, it's like forgetting a traumatic experience from the past that just happened a few weeks ago, I think my mind was trying to protect itself, but now I remember the trigger, and I know that I can probably trigger it again if I try, after yesterday's experience + past experiences that I remembered, I'm starting to see that state more like a state of awareness, raw and unfiltered data from my body and complete detachment from it and I feel like it's controllable, like I can go there again, acknowledge the fear and it's weight, ground me in reality without leaving that awareness and use it as my benefit, I hope I'm correct and I hope nothing goes south because I'm planning to trigger it again this night. Have u ever felt this state or something similar before? I wished I could explain more about it but I didn't have much time and cognitive energy to properly analyse it, I'm hoping I can do it properly again for the next time, if there will be a second time.",https://reddit.com/r/Mindfulness/comments/1qdl8gy/i_believe_i_experienced_something_called/,Insight,2026-01-15 14:38:48,4,10,Cher-_-,"frustration, confusion, fear",3,"It sounds like you experienced something similar to metacognitive detachment, where you're aware of your thoughts and body from a distance, but not fully in control. This can be unsettling, as the brain tends to fear losing its sense of self. From my experience observing how people handle complex mental states, it’s possible to return to this state intentionally, but it’s important to ground yourself when it feels overwhelming. Techniques like focusing on your breath or your surroundings can help maintain a connection to reality. I'd advise approaching it with caution, as forcing it can lead to more distress.","This isn't metacognitive detachment.  It's a depersonalization/derealization event.  The key is in the overwhelming fear. When you actually real metacognitive detachment, there won't be any fear over it beyond the intensity level of curiosity or trepidation because something is new.",Trg looking into metacognitive therapy. It helps a lot.
1qde0fb,Mindfulness,3 Books That Quietly Taught Me How to Slow Down and Really Live,"I’ve been on a path toward more mindfulness and intentional living, and three books from my 2025 reading list stuck with me more than any guide or manifesto.

- **Anne of Green Gables** – It sounds too light, but it’s actually about cultivating attention and joy in everyday life. It re-taught me how to notice things.
- **Seneca’s On the Shortness of Life** – The ancient antidote to “busy culture.” It asks: if you don’t know where the years went, are you really living?
- **Madonna in a Fur Coat** – A novel about vulnerability, connection, and regret. It made me reflect deeply on presence in relationships.

Together, they feel like a journey: from learning to see, to learning to be present, to learning to feel deeply. I even made [5 mins video on the beach](https://youtu.be/INuKNwD8GS4) with short review for each book.

None are explicitly “self-help,” but together, they gave me a gentle, powerful framework for being more present. Curious if others have found life guidance in fiction or classic essays.",https://reddit.com/r/Mindfulness/comments/1qde0fb/3_books_that_quietly_taught_me_how_to_slow_down/,Insight,2026-01-15 08:19:27,20,1,vedegis,"frustration, confusion, disappointment",1," I love how you’ve highlighted the power of literature in fostering mindfulness and intentional living. It’s easy to overlook how novels and essays can shape our perspectives just as much, if not more, than traditional self-help books.

Anne of Green Gables is such a beautiful choice! The way Anne approaches the world with wonder and curiosity is a perfect example of how cultivating attention can transform even the most mundane moments. That sense of joy in the little things is a reminder of how easy it is to overlook the present while rushing through life.

Seneca’s On the Shortness of Life is one of my favorites too, it really cuts through the noise of “busy culture” and makes you reconsider what you’re spending your time on. It’s sobering, but in the best way. It helps you realize that it’s not about the quantity of time, but the quality of what we choose to fill it with.

And Madonna in a Fur Coat sounds deeply moving. It’s incredible how fiction can get to the heart of vulnerability and human connection in such a profound way. Sometimes, it’s the stories we connect to that teach us the most about how to show up in our own lives.

For me, I’ve found that fiction often offers a quiet, nuanced wisdom that self-help books sometimes miss. I’d love to check out Madonna in a Fur Coat, it sounds like it would pair perfectly with these other two.",,
1qd7die,Mindfulness,How to improve mental strength for the long term,"I was wondering if someone has an advice on how to improve mental strength to be more resilient against life problems and situations. 

Like not to fall apart and start crying when I get overwhelmed with work. Like to be more brave and not let random fears prevent me from doing stuff. 

Many things I just simply avoid with my own very strong reasons and tell to myself thst might not be for me but then I see other people having fun doing it and wonder why am I not just more brave. 

Looking for something that would force me to do this mental gym and give me regular habit of making my mind strong. But aside from having regular therapy sessions nothing has enough force to mentally improve me and just my personal motivation seems to be not enough or short lived. Looking to build that long term mental strength. Any ideas are welcome. ",https://reddit.com/r/Mindfulness/comments/1qd7die/how_to_improve_mental_strength_for_the_long_term/,Question,2026-01-15 02:33:21,5,7,vislarockfeller,"confusion, fear",3,Cold showers. They build your mental resilience and have loads of other health benefits.,"there is a strategy for making changes like this in tiny incremental ways. This makes it much easier to do & stick to. Its called kaizen. One version of it is e.g. you pick a time to have a session, sit down as if you were going to start it, then stop straight away. Do this a few times until that's a habit/you're used to it. Then e.g. do 10 secs/1 min of the practice, and stop for a few times, and so on, building up super slowly.

in terms of an actual practice one you get a routine, this is basically what helped me in the long term - [https://www.reddit.com/r/TrueQiGong/comments/1gna86r/qinei\_gong\_from\_a\_more\_mentalemotional\_healing/](https://www.reddit.com/r/TrueQiGong/comments/1gna86r/qinei_gong_from_a_more_mentalemotional_healing/)","First of all, it should not be mindfulness; but right mindfulness, one part of the eightfold path in Buddhism; you are trying to run a car without the wheels, the engine and so on. You need attend Buddhist teachings from a reliable person. Because it is not just those things to learn but much more."
1qd5xuk,Mindfulness,Mindfulness makes it worse,"I like mindfulness. I care about practicing mindfulness. My practice of it has yielded tangible benefits in my life. It’s something I believe is important for self-insight, self-growth, emotional intelligence, and overall just getting the most out of each moment and experience.

The problem is, I have OCD. Specifically hyper-awareness OCD. This makes ordinary tasks incredibly difficult. I find that things like reading, writing, speaking, and multitasking become enormous chores. 

Mindfulness seems to pile onto this, and make it worse.

Does anyone else have problems with hyper-awareness? Any wisdom or advice that could help? What do I do when mindfulness only serves to inflate the problem? ",https://reddit.com/r/Mindfulness/comments/1qd5xuk/mindfulness_makes_it_worse/,Advice,2026-01-15 01:29:25,5,12,PhilosophyPoet,frustration,5,"Correct mindfulness practice involves being non-judgemental toward **whatever** mental states arise. When agitation appears, one simply becomes aware of agitation; when restlessness appears, one becomes aware of restlessness. In this way, one can also observe how these mental states are constantly changing. From this perspective, even the thought “*I am hyperaware and therefore cannot practice mindfulness*” can itself be noticed as just another mental event—and, once seen clearly, gently let go.

Also, remember that OCD is a term that a group of people (some scientists) came up with to describe a set of experiences – it is not written on stone anywhere. The label was assigned for the symptoms and not for some physical/physiological issue or a problem that you have.

Hope this helps. This insight comes from the Buddhist teaching of ‘Cittanupassana’ (one of the Four Foundations of Mindfulness – you can check it out on the internet). I have also seen scientific studies indicating the use of mindfulness for OCD - this too you can check out online.",There will be push back from your ego. This is normal. Continue to learn about mindfulness. There are good comments on here to read.,"Out of curiosity, would you mind explaining in a little more detail how hyper-awareness OCD affects you negatively in relation to mindfulness meditation?"
1qd3d31,Mindfulness,How to end this vicious cycle of overthinking. This is making my life hell !,"

So I am gonna try to make it concise. Please guide me..

So i am in Armed forces and currently under training.. I've been always a introvert type of guy.. but now i am between a whole community . I am noticing a lot of loopholes in me . 

1. Overthinking and overanalyzing: i overthink a lot like really a lot.. and also i overanalyse every conversation i sm having with someone.. like what must be he thinking about me. Is he thinking bad about me . like this.. Have i said something wrong. I overanalyse every word uttered by other person that what made him to say this thing to me and if the conversation doesn't go which i expected then the vicious cycle of overthinking and regret That you should not have said this ..  

2. Taking the People feedback too seriously: I am like People will mock me . Once My friend commented on a photo that you look total idiot in it .  And afterwards i became photophobic . I can't put myself in front of camera.. i am like i am too ugly . people will mock me. Now i don't even love myself.. 

2.Easily distracted and not living in present: i daydreams of that perfect day when everything will be alright. Once i achieve this i will do all things .. its like i m just daydreams waiting for that perfect moment which will never come . And spoiling my present.. not enjoying it.. 

3. Perceiving myself as a boring guy who doesn't have humour ..and not deserving to literally any friendship. 

4. Wants to be a good person in everyone eyes: like i feel to vulnerable that if i say something offending to him he  will not talk to me .. that will make me so uncomfortable... This thing leads to overthinking 

5. Comparing myself in every situation: i just compare myself in everything.. that he achieved you didn't.. then self criticize myself.. 

6. Thinking the wrost case scenario and getting worked up over that thing which haven't even happened to me. Like if my teachet said something rude   i will reply in this tone. 

7.Skeptical in everything like what made him to say like that. Am i that bad .

8. I am so fearful nowadays i can't even take risk imlike if it didn't go in right way . I will not be able to sleep..

9. Nervous: i can't even command my Platoon.or speak up on stage ..  Thinking that they will mock me .. they will judge me that he is such a loser . They will talk behind my back and mock me in front of other..will gossip/bitch about me.. Will tell people i have low value person. 

Overall there is a whole mental tornado inside my head .. i am just frustrated with these things. I always thinks mostly negative about me with so many what ifs . 

I can't stand up on stage . What if i said something wrong they will mock me blame me 
. 

These things leads to low confidence.. i don't think i have any confidence remaining in me .. like even a drop. 

 Please help me . How to keep my mind calm .. should i seek therapy? Please help .. ",https://reddit.com/r/Mindfulness/comments/1qd3d31/how_to_end_this_vicious_cycle_of_overthinking/,Question,2026-01-14 23:39:44,8,16,Just_Shutup_Yaar,"frustration, confusion, fear, disappointment",7,"Yes I highly recommend professional help, this level self attacking stems from something deeper. Until you have the right help maybe the fellows and ladies over in r/stoicism can help you with where to put your focus. Do you have friends or family you can talk to?","Man, I can feel the weight of that 'mental tornado' just reading this. First off, the fact that you’re in the Armed Forces while carrying this level of internal noise shows you have a level of grit most people don't understand.

You asked if you should seek therapy the answer is **yes**, but specifically someone who understands that you aren't 'broken.'

Here is a perspective shift that might help you  today: **You are trying to solve a 'feeling' problem with your 'thinking' brain.** All those loopholes you listed the overanalyzing, the photophobia, the fear of mocker —they aren't actually 'you.' They are your brain’s attempt to protect you from a perceived threat. Because you feel 'low value' or 'vulnerable' underneath, your brain has gone into overdrive trying to 'predict' and 'prevent' pain.

**But you can't think your way out of a mental tornado while you're standing in the middle of it.** The reason you can't command your platoon or stand on stage isn't that you lack confidence; it’s that you’re currently using all your energy to fight yourself.

My 'Truth' is this: **Your wellbeing is actually still intact.** It’s just buried under a massive pile of 'What Ifs.' When you stop trying to 'fix' the thoughts and start realizing that a thought can’t actually mock you or kill you, the tornado starts to lose its wind.

I talk about this a lot on my page moving from 'Fighting' to 'Dialogue.' You don't need to be 'perfect' to be a great soldier or a good friend. You just need to stop the war inside first. I help people with this by the way so if you like my page happy to help setup a call etc.

And whilst I help people who hear voices I also help A LOT of busy minds and overthinkers to so don't worry","It does sound very much like you need therapy. The symptoms that you describe sound like anxiety, low self esteem and even OCD. You might even need medication.

In addition to therapy, there are many free online support groups that you can attend and talk and learn how to manage these feelings.

I have put together a whole list of free online resources for support groups. Have a look and see if any will be of help to you. 

[https://www.reddit.com/r/shoppingaddiction/s/albOIikoiY](https://www.reddit.com/r/shoppingaddiction/s/albOIikoiY)"
1qd2jhx,Mindfulness,Feedback for project,"Hi! I’m compiling useful techniques (backed by science) that help with anxiety, depression, insomnia, pain, panic attacks, rumination, etc. 

I include a long list of breathing techniques, grounding, movement, yoga, mindfulness, EMDR, etc.

If you guys have techniques that work really well for you I’d love to know to keep researching and compiling.

I’m basically building a website because I found myself needing that info at hand sometimes. And at least other people can use it too in the future 

Thanks ",https://reddit.com/r/Mindfulness/comments/1qd2jhx/feedback_for_project/,Question,2026-01-14 23:06:38,4,5,isaurabionews,fear,3,Cognitive behavior therapy. Will say it has taken me 10 years of this and still am doing this everyday. But super helpful for anxiety or intrusive thoughts and I imagine other things too. Conscious effort really changed my life positively many ways.,Just be. It's a mantra. I use it. It's simple but profound. It keeps me grounded and centered. Its simplest form is a mantra but it really is a way of being.,"Does awareness need help with all those problems?

No it doesn't right? Because what you are looking for is already where you are looking from.

🤣🙏"
1qcvzu9,Mindfulness,I just feel feel like sleeping. What to do?,"For background, I have been working hard the majority of last year. Like setting goals, going after them, regardless of circumstances etc.

Like a lot of people I have experience many life altering circumstances.

So it put me in a head space of looking for someone to talk to, since my job is remote and I work in the house. But my girlfriend felt she was not in the space for a relationship, which happened after my finances were hit. Then my uncle, who raised me as my father, passed away. I called her about the situation, but she told me was not able to be available for me.

I kept grinding at work, then my boss set KPIs that have been so difficult to deliver. But I did my best. Since my work is contract based, he went silent for a while, delaying payments, then recently he opened up that another business of his failed. And he expects me to find a way to increase profits.

My ex-girlfriend then returns. But my instincts told me something is not right and I should not let her back into my life. They were right. She was just bored, and she said she did not want anything serious, and is in-fact seeing someone else. We cut off communication this week.

I am a non-professional athlete, so I train often. Training really helps me.

But this week I just felt I could not wake up to do anything. I just wanted to sleep. At the back of my mind, I have been feeling sadness, anger etc. Emotions that I do not understand their source.

Then today I journalled. I asked myself ""Why am I feeling like this?"" I noted several situations but still did not feel any better.

I went to the gym and trained. My motivation came back again. I want to go back to tackle life again. But when I got back to the house, my ex contacted me again, and I told her that she can no longer be in my life and we ended things.

Right now as I right this, I feel tired. Or maybe tired is not the right word. I just don't want to do anything. I called off work for being sick, I have until Friday. The thought of going back to work also feels like a minor burden because of the expectations placed on me, and as much as I am normally a go-getter and I face anxiety head on, this time I feel like just sleeping and not waking up.",https://reddit.com/r/Mindfulness/comments/1qcvzu9/i_just_feel_feel_like_sleeping_what_to_do/,Question,2026-01-14 18:59:11,3,3,MrTibzz,"frustration, disappointment",3,Sleep,"You're depressed brother. 

With the time you've given yourself, maybe just *try* resting. Give yourself some space, tidy the house, go for a walk if you can muster the energy. 

Just *rest* a bit.","You’ve been through a lot. You do need rest (altho keep training! And eating right. Taking care of your body is crucial for mental heath, too.) 

Also sounds like some well-earned depression. The Mindful Way Through Depression and The Mindful Way Workbook are good resources.  ACT is another excellent mindfulness-based therapy modality - The Happiness Trap is a great resource."
1qcvf7b,Mindfulness,What's stopping you from making a change you know you need?,"What’s stopping you from making a change you know you need? Fear, doubt, habit, or something else?

What small step could you take today to move closer to the life you truly want?",https://reddit.com/r/Mindfulness/comments/1qcvf7b/whats_stopping_you_from_making_a_change_you_know/,Question,2026-01-14 18:38:25,10,19,Sea-You4331,"fear, insecurity",8,Money. I don’t have the money to go to therapy even if it could be the best thing I know of,"The addictive rush of dopamine ahaha, so i guess habit?

Probably could settle down and take a few deep breaths and delete a few apps 😅","Once you put down the “need” to change as a force of will, change will flow effortlessly from you"
1qcud42,Mindfulness,mindfulness harder at night with anxiety?,"i’ve noticed mindfulness feels way harder at night. during the day i can observe sensations, but at night anxiety ramps up fast and my body sensations get intense.

instead of staying present, i feel like my mind shuts down and awareness almost makes it worse.

curious if others experience this too, and how you relate to mindfulness when nights feel overwhelming.",https://reddit.com/r/Mindfulness/comments/1qcud42/mindfulness_harder_at_night_with_anxiety/,Question,2026-01-14 18:00:44,2,1,Particular_Leek5026,frustration,0,,,
1qct4co,Mindfulness,Does anyone intentionally treat bathing as daily ritual?,"I’ve been reflecting on how rushed daily routines have become even things that used to feel grounding, like bathing. I’m curious if anyone here treats it as a moment of presence or pause, rather than just another task to get through. If you do, what makes it meaningful for you? I’m exploring this idea and trying to understand if it resonates beyond my own experience.",https://reddit.com/r/Mindfulness/comments/1qct4co/does_anyone_intentionally_treat_bathing_as_daily/,Question,2026-01-14 17:15:56,18,8,Any_Island8064,frustration,4,"I love this, I work shift work in emergency services and have a hot bath or shower with a palo santo smudge as a ritual when I come home to wash off the day and negative energy from my job. Helps lower my stress and increase my ability to process hard days. 

I use the mantra “ I’m letting go and washing off this day, holding to the positive and letting go of what doesn’t serve me”","I have my shower at the end of the day. I tell myself ""I'm free of all duties, but the one to myself. I can focus solely on each moment""",Yes it is one of my favourite things in life
1qct35u,Mindfulness,What’s the difference between being love and people pleasing?,"I was meditating with an app today and it talked about being love, and sharing that love with others. I’ve gave love to others but many times I did it with an anxious attachment. ",https://reddit.com/r/Mindfulness/comments/1qct35u/whats_the_difference_between_being_love_and/,Question,2026-01-14 17:14:44,9,17,toottootmcgroot,fear,9,People pleasing comes from fear,"This is such an important distinction to recognize. The key difference I've found is that love comes from a place of fullness - you're giving because you genuinely want to, not because you need validation or fear rejection. With anxious attachment, there's usually that underlying anxiety about ""if I don't do this, they won't like me"" or constantly checking if you're doing enough.I've been working through similar patterns myself, and honestly using Taro's Tarot helped me reflect on where my motivations were really coming from. What specific situations trigger that anxious feeling for you? Like, is it with everyone or certain types of relationships where you notice yourself slipping into people-pleasing mode?","Love is expansive; it doesn’t hinge on someone validating you. People-pleasing is the opposite. it's caused me stress, worry, and anxiety. You’ll know you’re loving when you can give without expectation."
1qcjt85,Mindfulness,Slowing my breath helped more than trying to “quiet my mind”,"Over the past year, I started noticing something about my meditation practice. Whenever I felt overwhelmed or restless, I tried to force my mind to calm down. I’d sit, notice how noisy my thoughts were, and end up frustrated that I wasn’t “doing it right”.

What I slowly realized was that the issue wasn’t my thoughts — it was my breathing. Most days, especially after long hours of mental work, my breath stayed shallow and fast. Even when I sat down to meditate, my body still felt tense and alert.

So I made a small shift. Instead of focusing on thoughts, I spent the first few minutes just slowing my breath. No counting, no technique — just softer inhales and longer exhales. Only after that did my mind naturally begin to settle.

Since then, I don’t try to quiet my thoughts anymore. I start by calming my body first, and the mental noise often follows on its own.

I’m curious if others have noticed something similar. When you meditate, do you focus more on the breath or on observing thoughts?",https://reddit.com/r/Mindfulness/comments/1qcjt85/slowing_my_breath_helped_more_than_trying_to/,Question,2026-01-14 10:23:33,22,5,DistinctSandwich466,frustration,5,"Look closer.  

You quieted your busy mind by shifting your attention to your breath.

You've discovered why masters have been teaching to go back to the breath...it's because the mind will process 40 thoughts a minute when untamed, but when you focus on the breath, you go from 40 thoughts, to one...just one thought remaining in the way before Nirvana arises.","Absolutely, I concentrate on breathing correctly for a few minutes and then everything else clicks into place, or at least makes me feel more present.","Yep. I've also noticed that anything I do to relax my body or breath tends to result in the mind settling of it's own accord. However, I've also worked out ways to focus on / observe my thoughts which calm my mind directly. So it's possible to 'quiet your mind' either way."
1qcgham,Mindfulness,"This year (2025) I finally realized most of my ""life is falling apart"" moments were just me being straight-up exhausted","You know those weeks where everything feels doomed? Career choice sucks, you're failing at life, might as well quit everything? Yeah, I've been there way too often.

Biggest realization in 2025: a ton of that ""deep crisis"" shit is literally just bad sleep, skipped meals, no breaks, running on fumes.

I used to crash into full analysis paralysis the second I felt off—journaling, pros/cons, ""is this the right path?"", ""what am I screwing up?"" Felt productive. Reality: brain at 3% battery turning every ""maybe"" into ""game over.""

Now I force the two-step rule when I'm fried:

1. What do I actually need to handle *today*?
2. What's the next stupid-small move?

Anything farther out (Q3 goals, is this job killing me long-term) gets paused. Tired brain catastrophizes uncertainty into certain failure. Park it, recharge first.

When stuck on work, I don't grind harder anymore. I move first: stand up, stretch, grab water, walk around the block, fix my shitty posture. Half the time the block is tight shoulders or screen fatigue, not some genius insight I was missing.

Started asking myself: ""Am I even comfortable right now?"" Not ""am I killing it?"" Just... thirsty? Neck killing me? Eyes burning? Fix the basics before pushing. Ignore body signals long enough and your mood/efficiency tanks—you think you're broken, but nah, just neglected maintenance.

The gut-punch one: real life hits. Buddy's dad got hit with cancer last year. Only child, signing stacks of consents alone, no real insurance buffer, everything out-of-pocket. Stress level off the charts. Hearing that drove home how fast one big health thing can wreck finances here.

In the US, regular health insurance often leaves huge gaps for serious stuff. Critical illness policies (or supplemental ones) pay a lump sum on diagnosis—cancer, heart attack, stroke, etc. Use it for deductibles, experimental treatments, lost wages, whatever. Younger you are when you buy, cheaper premiums, easier approval (no pre-existing issues jacking rates or exclusions).

Pro tip: If you're in your 20s/30s and haven't got supplemental coverage yet, lock something in *before* a full physical or any scans. Even minor findings can lead to higher rates, riders, or denial. Get a basic policy while healthy, then check up. If comparing plans feels overwhelming, talk to an independent broker—they shop multiple carriers, explain the fine print plainly, avoid traps.

Couple rules that saved me this year:

* Never decide big life stuff when drained. ""I hate this job, time to nuke everything"" usually looks different after real sleep. Table it: ""Not judging this right now—tomorrow.""
* Two kinds of empty: everyday burnout (fix with food/sleep/movement) and the nuke (sudden tragedy). Plug the big holes early—decent emergency fund, supplemental health coverage—so one hit doesn't bankrupt you.

Bottom line for me in 2025: fancy hacks are overrated. Boring sequence works:

* Recharge small stuff first (eat, sleep, move)
* Only plan two steps when foggy
* Block catastrophic risks ahead (insurance, savings)
* Check in: ""Body okay right now?""

Fewer fake crises, life feels less like constant survival mode.

Anyone else have that ""wait, it was mostly sleep/food/burnout"" lightbulb? Or thoughts on getting critical illness/supplemental coverage early? Spill.",https://reddit.com/r/Mindfulness/comments/1qcgham/this_year_2025_i_finally_realized_most_of_my_life/,Advice,2026-01-14 06:54:34,37,12,Critical-Treat522,"frustration, confusion, loneliness",4,As someone who’s burnt out and also going through some health issues this was some good advice.,AI slop,"The body maintenance thing is so underrated.... curious what finally clicked for you to actually start checking in with yourself? I spent years powering through discomfort like it was a badge of honor, then realized I was making everything harder for no reason.the two-step rule makes sense, especially that pause on bigger questions. when you're fried and something like ""is this job killing me long-term"" pops up, how do you actually stop yourself from spiraling into it? I sometimes use Taro's Tarot when I need to externalize those bigger questions and get some perspective, but I'm wondering if you have a specific way you redirect your brain in those moments.Also, damn - your buddy's situation with his dad sounds brutal. That insurance gap reality is something most people don't think about until it's too late. did that change how you're thinking about your own coverage?"
1qcgci3,Mindfulness,Does listening to calm background stories help your anxiety at night?,"Nighttime anxiety has always been the hardest part of the day for me. When things get quiet, my thoughts get louder. I’ve been trying different ways to calm my mind before sleep, and surprisingly, very slow and gentle background stories have helped me relax more than silence. I’m curious what others here find helpful at night — music, stories, white noise, or something else?

",https://reddit.com/r/Mindfulness/comments/1qcgci3/does_listening_to_calm_background_stories_help/,Insight,2026-01-14 06:47:11,3,4,Outrageous_Wolf_9834,frustration,3,"I have tried listening to stories, but when I eventually fall asleep & the story is still playing, it freaks me out a bit and I wake up disoriented haha.

So I just stick to calming ambient music. Although last night, something that helped was watching livestream webcams of animals on YouTube.","I've noticed the same thing... silence can actually amplify anxious thoughts instead of calming them. The gentle storytelling approach works because it gives your mind something neutral to focus on without being too stimulating. I've been using Taro's Tarot late at night when I need to process something specific that's keeping me up, but for general background I rotate between nature documentaries (David Attenborough's voice is incredibly soothing) and sleep meditation podcasts.Curious what type of stories work best for you? i find first-person narratives can sometimes pull me in too much and keep me awake, while third-person or descriptive content lets me drift off more easily. have you experimented with different narrative styles or does the pacing matter more than the content itself?",Nighttime on Still Waters podcast
1qcanlc,Mindfulness,How did you overcome rumination as someone who struggles with Pure O?,"I've struggled with rumination my whole life. Ever since I was in high school, I've been an over thinker, always overthinking if I made the right decision, said the right thing, said something that hurt someone, did something awkward, etc. In my teens and 20's, I became known in my social circles for overthinking the smallest situations and then messaging people to apologize the next day, telling them I didn't mean for xx comment to come off that way, explaining myself, and making sure we were okay. I realize now that I was reassurance seeking and always wanting others to reassure that what I did or said was okay, always looking for validation. I have experienced two situations in my life where I ruminated over a decision I made for years following. It happened with a decision in university that felt like the right decision at the time, where I spent 6 years after ruminating about why I made the decision, what alternatives there were, why it was a mistake, trying to solve the decision in my head and justify all the reasons that I made the right decision. I've talked this decision out sooo much with my mom, sister, and husband, to the point where they can't even talk to me anymore about it because it just feels like insanity to them and is really hard for them to see me like this. I'm still triggered by the situation sometimes, and it was almost 10 years ago. I've gone to therapy and have done a lot of work to try to work through this issue. 

  
Recently, about 2.5 years ago, I experienced another life moment where I made a decision that has caused me to ruminate over the past 2.5 years. This one ended up impacting friendships around me and in hindsight I feel I've made the wrong decision and felt like the right decision was right in front of me. I've been obsessing again over the decision I made, trying to rationalize and work through every possible scenario in my head, trying to understand why I decided what I did and justify to myself that I made the right decision at the time, that I did the right thing for me even if it wasn't the right thing for others. I've talked to the person impacted and apologized to them thinking that would give me some closure, but that didn't help me as I still get triggered and ruminate about the situation. I see myself falling in the same patterns and am exhausted. I find mindself going in circles and I feel so alone because it's hard to explain this obsessive thinking process to people and why I can't move on or stop doing it. 

  
In a therapy session earlier this year, my therapist asked me if I've ever been diagnosed with OCD, specifically Pure O. While I haven't been diagnosed officially, alot of the symptoms or situations I read online feel very relevant and feel exactly like that I try to do - analytically solve a problem in my head. However, the problems in my head are not solvable because they are in the past, and I can't change the past and what has been done. I'm setting up some time to talk to my therapist to create a plan for tools I can use to tackle this, however I think hearing experiences or advice from people who have similar lived experiences would be really helpful. 

  
Has anyone experienced similar type of obsessive thinking or rumination as I have? Is there anything you've done that has helped you break this cycle? I really want to get better and move on with my life. The obsessive overthinking is dehabilitating, I am not present, I don't remember things because I'm in my head so much, I'm unproductive, and I feel like I'm always in a constant state of stress. Would love advice from anyone who has dealt with rumination and obsessive thinking. Thank you!",https://reddit.com/r/Mindfulness/comments/1qcanlc/how_did_you_overcome_rumination_as_someone_who/,Question,2026-01-14 02:03:45,35,23,AffectionateBad1581,"frustration, loneliness",10,"I've been this way most of my life. I've learned how to deal with it and it feels like a superpower.
  
Once I realize that I am actually obsessing over something and there is no solution to be found, I give myself a few moments to face it and take away any valuable lessons to be learned and then I turn that conversation off in my head...completely.  That folder has a big ""case closed"" stamp on it in my brain.

The next time an obsessive thought comes up about that issue, I don't interact with it and I ""swipe"" it away in my brain like I would an unimportant notification on my phone. Like I literally visualize the thought as a notification box and swipe it out of my mind's eye. I continue to do that until it stops...and do it again when it comes up again. I don't need to solve this, the case is closed.

Believe it or not this has helped with my impulsivity as well and I even stopped drinking cold turkey with this method. 3+ years sober and anytime a thought of ""what if"" arises I swipe it away. No need to engage in that, the court is adjourned.

Another thing that really helped was realizing the fact that obsessing over an unchangeable event in the past is selfish. It's stealing time and energy from my loved ones. Understanding this was the ""permission"" I needed to stop punishing myself. Hope that helps.","I relate to this a lot, especially the urge to mentally replay decisions until they feel resolved, even though they never really do. One thing that helped me was realizing that the rumination itself was the problem, not the decision I was stuck on. Once I stopped treating the thoughts like something I had to answer or fix, they slowly lost some power. For me that meant noticing the loop starting and labeling it as rumination instead of engaging with the content. It felt pointless at first, almost irresponsible, but engaging was what kept it alive.

Mindfulness helped only when it was very practical. Not forcing calm, just gently coming back to what I was doing while accepting that the noise might still be there. I also had to stop reassurance behaviors, even the subtle ones like mentally defending myself or replaying conversations to prove I was a good person. That was hard and uncomfortable, but it mattered.

Something a therapist once said stuck with me. You made the best decision you could with the information and emotional state you had at the time. Your brain wants certainty and moral closure, but life does not offer that retroactively. It sounds like you are already doing a lot of the right work, even if it does not feel like progress yet. You are definitely not alone in this, even though it can feel incredibly isolating.","# By challenging my own thoughts. 


Let me explain what your body is doing. Your nervous system is stuck in fight and flight. Your constant rumination is a symptom of hyperviligance. By seeking possible wrongs (threats) your brain thinks it's protecting you and preventing you from harm. And it's way to do so is to hyper fixate on past events and do the *""Find 5 wrong things with this picture""* game in your head. 

What people in mindful and meditation lifestyles often don't understand is **you can't meditate away hyperviligance.** so all the *""Just let it go""* advices are completely pointless. You have ruminated an event for 6 years. It's way past *""let a worry go""*  it's not just a worry to you, it's a trauma. 

And trauma based rumination demands trauma healing strategies. And mindfulness is important, but you don't tell people who's chased by a shark to ""let it go"" we must respect the current signals in your body and the level of fear it feels and take it from there. 


What to do about it: Google *""challenging the inner critic""*  there's both books and worksheets that you can use as tools. If you use AI Chatgpt can also help with reminders on focus on optional thoughts. Start there.

 I can also dm you a worksheet that helped me decipher what my threat focused thoughts and feelings signals versus actual real situation and then through that ground myself back to present. 



In short it looks like: 

*Situation:*  Meeting tomorrow

-----
*Thoughts:*  I hate meetings I don't want more anxiety. I'm exhausted  leave me alone! 

----


*Feelings:* Anxiety fear frustration exhaustion worry stress 

----

*Body reaction:* High pulse, stomach pain, tense shoulders 

---

*Alternative thoughts:* It's okay they wanna talk to me because my feelings and needs matters. They care about my truth and my right to the help I prefer. 

---

*Alternative feelings:* Safe, strong, hopeful, respected 

----

*Alternative body reaction:* Slower pulse, relaxed shoulders. 

---

*Notes of the challenge:* I managed to convince myself that it's gonna be ok. I'm safe  

--- 

(You will get it once I show you )  it's a very simple worksheet I did it in my most anxious dissociative states."
1qbtr1j,Mindfulness,Most meditation apps fail after the beginner stage. Here’s why,"This might be unpopular here, but I think most meditation apps are only useful for the first few months.

They’re perfect for nailing down your posture, getting the hang of breathing techniques, and building a consistent meditation habit.

Then something breaks.

After a while, guidance starts feeling either redundant or intrusive. You don’t need someone telling you to “return to the breath” for the 500th time. And worse, the same instruction is given regardless of whether you’re agitated, numb, or exhausted.

I stuck with Insight Timer mainly because I could choose specific teachers and then eventually sit in silence.

Recently I experimented with a few newer tools that try to respond to your actual mental state instead of pushing a fixed script. Some are gimmicky. One I tried (Thinking Me) was interesting, it’s a bit weird at first to have a conversation instead of just listening, but it helped me navigate some specific roadblocks that a pre-recorded track just couldn't touch.

Still, nothing replaces silent practice.

But I wish fewer apps assumed meditation is one-size-fits-all.",https://reddit.com/r/Mindfulness/comments/1qbtr1j/most_meditation_apps_fail_after_the_beginner/,Insight,2026-01-13 15:08:08,0,2,Just-Eye-4551,frustration,2,Insight Timer is the best one by a lot IMO,"I agree, mostly. I think of apps (and guided meditations in general) as training wheels. They're useful when you're learning to find your balance. But once you do, they kind of get in the way, or are simply redundant.

As you say, none of them can really anticipate exactly what you need in any given moment. Only you can do that.

Still, they can be helpful at times. e.g. If you're mind is running amok when you're trying to get to sleep.  
Or when you just want to try something new and different.

There are some very lightly guided meditations (on Insight Timer, for example) which aren't so prescriptive, and you can also find teachers who offer novel approaches. But amongst the plethora of stock-standard options they can be hard to find.",
1qbs9ho,Mindfulness,"Non striving showed up for me, not on the cushion","I have been practicing on and off for a while, mostly through sitting and breath awareness. Recently, though, one of the clearest lessons didn't happen during formal practice, it happened at bedtime.

I noticed how much striving there was, trying to relax, trying to sleep, trying to make the mind quiet. When I started noticing that effort itself, without correcting it, something shifted. Not instantly, and not every night, but there was less resistance.

It made me reflect on how often non-striving is talked about in theory, yet shows up very concretely in ordinary moments like lying awake, feeling restless, or noticing impatience with the body.

I'm curious how this shows up for others,

* Have you noticed mindfulness insights emerging outside formal practice?
* Where have you encountered non-striving or resistance most clearly in daily life?

Happy to hear your thoughts!",https://reddit.com/r/Mindfulness/comments/1qbs9ho/non_striving_showed_up_for_me_not_on_the_cushion/,Question,2026-01-13 14:09:01,3,2,cozytechlover,frustration,1,"Yeah - I believe that formal practice is its own thing, and the integration of that thing comes separately. 

I like the Soto Zen concept that sitting meditation is directly engaging with or viewing enlightenment. So there is no goal, striving, seeking and end result - Its just zazen. 

Thus, as I go about my regular life, my dualistic brain chews on things and the lessons reveal themselves and give me the opportunity to integrate them.",,
1qbh3vz,Mindfulness,"How can I be mindful when I'm being ""hypersensitive"", especially when someone shouts at me? I hate being a ""hypersensitive"" or ""thin-skinned"" individual. I even compare myself to people who are very ""thick-skinned"" or ""strong-willed"" who take nothing personally and I pretend to be like them.","I hate being ""hypersensitive"" especially when people call me ""sensitive"". I sometimes even have the desire to be callous, ruthless and emotionless so that I can't experience sensitivity or emotions.

I hate that sometimes when someone yells or shouts me, tears start dripping involuntarily and automatically, no matter how much I try to ""calm down"" or to not cry. I want to be like those people who are not flinched by someone's rudeness, mean-spiritedness or yelling. I tell myself ""it's not personal"" but it does feel personal. For example, my mom yelled at me and spoke to me condescendingly during our driving lesson. She said I must not take it personally, of which she is right but I was on the verge of tears. I tried so hard to suppress them and I did that. Mind you, I studied PR and I am still going advance my studies in PR, as an aspiring PR/Communications specialist, you need to have incredibly thick skin, like being impervious to feedback, no matter how harsh it is. I wonder if it's the right career for me.

Sometimes I pretend to be ""thick-skinned"" but I am dying inside. I get envious of people who barely cry or do not get easily hurt.",https://reddit.com/r/Mindfulness/comments/1qbh3vz/how_can_i_be_mindful_when_im_being_hypersensitive/,Question,2026-01-13 03:54:43,18,11,Used_Case2028,frustration,10,"I think that being sensitive makes you more empathic, and that ability to empathize is essentially a superpower. So be careful not to diminish that by making changes too quick. And don't let other's standards determine what's too sensitive. Maybe others could do with a bit more sensitivity rather than you having less.","If you are thin-skinned, then accept that that's the way that you are.

The human race is genetically diverse, it creates both thick-skinned and thin-skinned people, because they each serve different purposes in the tribe.

Just accept yourself as you are, don't try to be something else.

Look at your strengths and understand your weaknesses. 

You are exactly the way you should be, created on purpose just like that.","Of course it's personal. Yelling is meant to force a person's thoughts on another, especially regarding that person, and what they dislike about them. It may help to remember that in truth what someone says is only a reflection of them and their own perspective, it has nothing to do with you, or reality. But they absolutely do mean for it to be personal. 

If it's something you're mom does when she's stressed then you've probably been dealing with this your entire life, which might explain why you're so sensitive about it now (sensitivity may also be related to nutritional deficiencies/health conditions or genetics, but I feel like it's trauma that really makes it problem regardless). 

You should not have to learn to adapt to and accept yelling, hostility, or harsh criticism. You will only become more and more traumatized by that exposure. Healing requires you first to remove yourself from those situations. That's probably not possible to do completely,  but maybe you can learn some tricks for dealing with people who are getting loud and upset, or insulting you. Something that takes the wind out of their sails, like calmly expressing understanding for their perspective, saying you appreciate their feedback etc. I don't know. It may not work in every situation. 

But if someone can't be pacified by your own efforts, and refuses to accept their responsibility for controlling their temper and treating you with respect, that person is toxic and should be removed from your life."
1qbgw1t,Mindfulness,Can scent be part of a mindfulness practice in daily life?,"I’m researching an idea around mindfulness and sensory awareness, and I’d love to hear different perspectives.

In some traditional cultures, subtle scent has been used as part of daily rituals — not as therapy, but as a way to create presence and awareness. Things like incense, aromatic woods, or personal objects with a gentle scent.

I’m curious how people here feel about this idea:
a wearable object (like a bracelet) made from aromatic materials, where the scent is very subtle and meant to be noticed only by the wearer.

Some open questions:
• Do you personally associate scent with mindfulness or grounding?
• Would a wearable, low-intensity scent feel supportive or distracting?
• Do you prefer mindfulness tools to be intentional (used only during practice) or integrated into daily life?

This is purely a conceptual exploration, not a medical or commercial post.",https://reddit.com/r/Mindfulness/comments/1qbgw1t/can_scent_be_part_of_a_mindfulness_practice_in/,Insight,2026-01-13 03:44:23,8,8,JianguoShi,confusion,5,"I actually made some essential oil inhaler tubes. For example: cinnamon makes you happy, lavender so i can relax before I go to sleep. Super easy and cheap to make.","Of course! Anything can be part of a mindfulness practice in daily life. And you're right: scents are often used in traditional settings. I stop and smell the roses (or lavender etc.) frequently on my daily walks. 

Personally, I wouldn't use something wearable. But that's just me. 

And I would think that some tools might be better suited to formal practice; others to integration into daily life. But I wouldn't see at as an either / or proposition. I'd just use whatever works.","I've definitely snapped out of my thoughts when someone wearing a fragrance that I recognize walked past me. It has almost always made me smile. I associate fragrances with people, places or a happy time in the past. So if a fragrance reminds me something nice, I would love to carry it with me. I think the idea of having a signature fragrance at home and carrying it while traveling could also be nice. At the same time, I worry that if I smell that too often, it will lose its charm."
1qb7g83,Mindfulness,How do I cope with being subjected to the worst dating conditions in the history of ever?,"I didn't really put that much effort into dating in highschool. When I got to college, I tried to make up for it. But Covid ruined my mental health and I was so fucked up in the head I had to leave and be admitted to a hospital. I have put so much time and energy into making up for lost time but I have been subjected to the worst dating conditions in the history of ever

Zero matches across four different dating apps. Every meetup place was all children or all people over fifty. The grocery store that I worked a year and a half at on the weekends only ever had older customers and coworkers. I nearly drove myself to the point of insanity and obsession just to get past the first fucking hurdle and nothing ever worked 

I started this shit when I was 20. I am now 27 and haven't been on a single date or had a single conversation. I'm finally starting to get matches on dating apps. They're all from the FUCKING PHILIPPINES so I will never be able to meet them in person. There's just no one in my area and I have no idea how to cope 

It especially doesn't help that the dating advice subreddit just kept telling me it's my fault. ""Maybe it's your approach"" ""Just get out more"" None of them seemed to understand that I was struggling to just get to the point where I could fucking meet people and talk to them. I didn't realize until I was broken that the dating advice subreddit was fucking useless, wouldn't even listen to my situation and would literally rather kill themselves than ever help you (I WISH that was hyperbole)

I just can't cope with any of it. Dating in my early 20s was supposed to be great and now I can never have that for reasons that weren't even my fault. And every time, I get denied the prize for my hard work again and again. I can't even see other people's dating experiences without feeling the greatest resentment I have ever felt in my life. Especially the younger ones. I tried to date when I was younger. Where were my experiences?! When was it going to be my turn?!! Why did I have to work 100 times harder for no fish?!!

I just don't know what to do. I've completely given up on ever getting a chance to date. But I just don't know how to cope with it anymore. To see something you want and being powerless to change anything while being forced to watch everyone else succeed where you didn't even get a chance to fail is the worst thing you can possibly go through

I'm not asking for advice on how to make my situation better. Years of trying and failing has shown me nothing will ever make it better. I just want advice on how I can train myself to not care anymore. How I can remove this desire to date from my mind so that I won't be driven insane trying to change something that I will never have",https://reddit.com/r/Mindfulness/comments/1qb7g83/how_do_i_cope_with_being_subjected_to_the_worst/,Question,2026-01-12 21:13:38,0,13,ProposalAmbitious303,"frustration, confusion",6,Expand your social group. Thats where most people meet people,"Since you're in a mindfulness subreddit I'll give you a mindfulness answer - you need to learn to piece apart what is the objective reality of the situation and what is the suffering you are adding to the situation.

This statement really stands out to me: ""To see something you want and being powerless to change anything while being forced to watch everyone else succeed where you didn't even get a chance to fail is the worst thing you can possibly go through""

This is not an objective reality. Some parts of it are objectively true, but you're not ""powerless."" You're not ""forced"" to watch others succeed. You do have a chance. And it's not the worst thing you can possibly go through. Those are all subjective experiences of suffering that you are adding.

You wrote: ""None of them seemed to understand that I was struggling to just get to the point where I could fucking meet people and talk to them.""

Why not focus on just meeting people and talking to them, like as friends?

Have you tried Meetup? Have you tried groups on Facebook? In the past I've met friends from board game groups (even though I don't care much for board games, I tried it!), walking groups, dinner groups, etc.

Edit: I also strongly encourage you to re-think your idea that you're just owed a relationship for existing. Yes we all should have some kind of positive relationships, but you're not owed a romantic relationship or sex. To receive that you have to find someone who wants to be in a relationship with you because they like you and are happy with how you treat them.

My boyfriend was older than you when we got together. I am his first relationship. He missed out on so many opportunities to date before me. That's fine. He is a lovely, kind, compassionate person. I was so attracted to who he is. I'm worried that your mentality will scare away people to date if you do happen to find someone.",Is your desired outcome to be in a romantic relationship or to not have such difficult feelings about being single?
1qb521c,Mindfulness,Getting back into mindfulness- where do I begin?,"Hey guys! My whole life I have struggled with pretty extreme anxiety. There have been periods of time in the past where I was really into mindfulness and felt so much more relaxed and well-equipped to manage my daily anxieties. I would practice yoga regularly, meditate, and read books about spirituality and mental wellness. I'm longing to get back into that kind of a headspace, but I think these periods were mostly when I had an abundance of free time and patience-- two things that I am in short supply of lately. Every time I try to do a short yoga practice or a guided meditation, I can barely give it the focus and energy it deserves, and it ends up feeling more like a chore than anything else. My anxiety has been really ramping up lately and I'm taking it as a sign that I really need to connect to the mindful part of myself again, but I just can't seem to remember how! What are some good starting points for someone who's trapped in constant overthinking, overextended in their daily life, and not often left with unoccupied alone time?",https://reddit.com/r/Mindfulness/comments/1qb521c/getting_back_into_mindfulness_where_do_i_begin/,Question,2026-01-12 19:45:34,6,10,sassyfrassy-lassie,"frustration, loneliness",6,"Meditation x Habit. 

Try to follow up a daily ritual (taking a shower) with a meditation: sitting down, doing nothing else but trying to reach this very consciousness. Each day you try to show up whether for 5 minutes or 30. Showing up is the most important thing. You can skip days when you're really not feeling it, but never skip twice. 

You'll be back there in no time.","It might help to lower the bar way more than you think you should. When I tried to jump back in the same way I used to, it just added pressure and made me avoid it. What worked better was weaving tiny moments into things I was already doing, like noticing my breath while washing dishes or feeling my feet when I walk between rooms. No mat, no app, no expectation to feel calm afterward.

Another thing that helped was accepting that mindfulness looks different when life is busy. Sometimes it is not about settling the mind, but just noticing how loud it is without trying to fix it. Even one minute of that still counts. Once that felt less like a chore, longer practices started to feel possible again on their own. Anxiety tends to ease when you stop treating mindfulness like another task you have to perform correctly.","Random advise: Set some alarms on your phone / smartwatch to just trigger yourself to say ""How am I feeling right now?"" Throughout the day. 

It doesn't have to take longer than a moment. Note your headspace, note how your body feels. If you feel pretty mobilized or dysregulated, just note that. 

If you have anywhere from 30 seconds to a few minutes to spare, take a moment to slow and deepen your breath. It will stimulate your vagus nerve and help your body settle in some. 

Adding those kind of things throughout the day is a necessity suppliment to the structured things you have been doing, like sitting meditation and yoga. They are of equal importance. 

Then on days where you feel like you just *cant* sit down for meditation, or spend the time on a yoga routine, you're still reserving small moments to mindfully check in on yourself."
1qb47dk,Mindfulness,How do I deal with this?,"okay so, this will be REALLY messy but I dont know where to start.

Im overly anxious, im anxious about stuff ""normal"" people wouldnt even think about. I have been creating the ""perfect"" username for social media for 5 years now, but i cant even use it because its just KEEPS CHANGING. I keep changing. ""what if i suddenly change again and the username wont match me anymore?""(happened way too many times. I changed my username 7 times already on all platforms.) ""what if i stop liking it"" ""OMG WHAT IF I BECOME REALLY POPULAR AND THEN ILL NEED TO CHANGE IT AND PEOPLE FORGET ME"" and then im back at square one because im overthinking a simple username.

I also think im too self aware for my own good. take that how u will.

I also have identity crisises WAY to often for a 15 year old. The only things im sure about in my life is my name, (not even that sometimes..) age, and birthday. Thats it.

Im so tired of not knowing who I am.",https://reddit.com/r/Mindfulness/comments/1qb47dk/how_do_i_deal_with_this/,Question,2026-01-12 19:15:05,2,3,H3L1a,"frustration, fear",3,"Accept that that's how things are, and everything will work out","You're only 15. You have plenty of time to figure out who you are and what you want to stand for. It sounds like you're caught in the weeds and particulars. 

If you try something and you don't like it, try something else. Craving perfection as a way of avoiding others' questions or your own fears of inadequacy is only going to paralyze you and keep you from doing anything at all. You can see this in the example you provided. 

Pick something and go for it. If you don't like how it fits, simply change it. 

People go through many changes in their lives. No one ever stays exactly the same, after many years of living. Different experiences will shape how you interact with the world around you, as you go. 

Learn what you can and jump in. Treat things as an experiment, if you're not sure of them. Make a hypothesis and then act. After a period of time, stop and examine where you are and what you're doing and see if you feel it fits you and your desires. 

It's totally fine to drop something that doesn't suit you.",">I have been creating the ""perfect"" username for social media for 5 years now, but i cant even use it because its just KEEPS CHANGING

I've struggled with the same thing, I know what you mean.

>I also think im too self aware for my own good.

Awareness is certainly a double-edged sword. Without it, you don't know what the problem is. With it, you might be so focused on the problem that you can't think about anything else. The good news is as cliche as it sounds, awareness is the first step, so you're already part way there. It will take some courage, but when you're ready, you can move to the second step, creating change.

It sounds like you may struggle with elements of ""perfectionism"", to give you a term that is worth searching and reading up on. This can often cause resistance to change due to fear of failure, regret, or in the above case, changing your mind.

One of the best ways to work around perfectionism is to do the scary thing, try! Think of it as an experiment. You try something and through experiencing that thing, you will likely learn much more about yourself than if you only continued to think about it.

Here's another angle. How do you feel looking back on the 5 years of not having a social media account due to the naming struggle? On the one hand, perhaps you're grateful that you haven't been locked into a single name. On the other hand, perhaps you've missed out on conversations and experiences because you were afraid to use it. Often times inaction can rob you of the very experiences that would otherwise help you form your identity.

This isn't to say we should act without thinking, but thinking is like awareness, it's the first step. Do it, but don't redo it over and over, otherwise you'll never get to step 2. Once you find yourself in a cycle of thought, the best way out is to make a choice, take an action. Sometimes this is hard, our actions can have consequences. But the information gained from experiences, especially hard ones, only makes it that much more valuable to you, and will help you discover who you are.

The only constant in life is change, even avoiding a decision is actually a type of decision. Life will continue to occur and time will go by. The comfort in this is that even if you make a choice that you end up not liking, there will always be more change and more decisions where you can apply what you learned from the last one. Keep trying and learning and you will work your way towards the life you want to live."
1qay0qq,Mindfulness,Testing a very simple 1-minute daily reflection app (iOS beta),"Hi,  
I’m testing an early beta of a very simple daily reflection app.

It’s not meditation, coaching, or journaling.  
It’s a short guided moment where you quietly note a few things that are positive in your life. It takes about **one minute per day**.

The intention is to train attention toward positive things, to notice them more easily over time.

I’m looking for people who are open to trying it and noticing how it feels over a few days — whether it feels supportive, neutral, or distracting.

If this resonates, here’s the TestFlight link (iOS):  
[**https://testflight.apple.com/join/XMnrwGnQ**](https://testflight.apple.com/join/XMnrwGnQ)

There’s also an optional voice-guided mode you can try, after the first session.

Thank you for your time.",https://reddit.com/r/Mindfulness/comments/1qay0qq/testing_a_very_simple_1minute_daily_reflection/,Resources,2026-01-12 15:34:37,0,1,dankolad,frustration,1,"Looks nice, will test it the next days",,
1qaxh15,Mindfulness,I started doing my yoga and meditation without expectation and this is what happened.,"So I had been struggling for a while with doing all my yoga and meditation. It felt mechanical and my mind wasn’t liking it. I was doing balancing practices consisting of 40-60 mins of alternate notrill breathing followed by 40-60 minutes of AUM chanting. I also did Shambhavi Mahamudra and hatha yoga. In total about 3-4 hours of practices. 

I was struggling with doing the practices and I talked to a Swami from Isha Yoga Center. He said to do the practice without expecting a result. I should simply do the practices for the sake of doing it. Only then it will work. 

So I tried his advice and did my practices. I tried to stay connected with the breathing and just be fully present while doing my practices. And to my amazement I started feeling so blissful, especially after Shambhavi Mahamudra. The practices started to feel effortless. It was as if I removed the doer. There was no doer, only presence. 

Just a simple advice of being present and not expecting a result from the practices made all the difference. Often we are remembering how the practice made us feel in the past and we are expecting that same result when we do it. This invites the past into the present and that will only create more karma. Being present with the practices and simply doing it without any expectations works like magic. It’s kind of contradictory that letting go of the results is what produces the results. It’s a simple shift from unwillingness to willingness. Unwillingness because doing these practices is hard for the body and mind. If you’re in your mind, doing practices is hard work. But if you learn to keep your mind aside and just simply do the practices for the sake of doing it, it will feel effortless and yield results.",https://reddit.com/r/Mindfulness/comments/1qaxh15/i_started_doing_my_yoga_and_meditation_without/,Insight,2026-01-12 15:13:34,73,4,Euphoric-Welder5889,frustration,4,Thanks. That’s helpful. 👍,"This resonates a lot. What you describe sounds like the difference between effort driven by outcome chasing and effort rooted in attention. When the mind is busy checking whether something is “working,” it is already pulling you out of the practice.

I like how you named the removal of the doer. In my experience, that shift often shows up when practice becomes less about self improvement and more about participation in the moment. The paradox you pointed out is real. Letting go of results often creates the conditions where depth can actually arise. It is a subtle but powerful reframe.","Thanks for writing this.  I've been practicing mindfulness for about 3 months now.  I'm a pool (billiard) player and happened to hear a podcast with Amishi Jha, a professor of psychology, who studies the brain and the science behind the act of paying attention. She wrote a book called Peak Mind which I read once and I'm reading again for the 2nd time.  But I initally picked up the book because I thought it could help my pool game.
I've been doing the exercises contained in the book for at least 12 minutes per day - sometimes more, maybe 30 minutes. The benefit for me has been unbelievable.  I'm doing better at work, in personal relationships, and yes, at pool.  I'm 14-2  so far this season and the same handicap that I've had for 12 years will be going up for sure next season.  All this because I'm better able to focus my attention where it needs to be while I'm competing.
My approach to mindfulness has been from a completely different direction than yours - namely science, tests, and data.  But the results can't be disputed.
As I continue my own mindfulness journey, I'll keep in mind what you said about not expecting or anticipating results.  That's a trap that will pull you out of the moment.  Many a pool stroke is ruined by worrying about a result (I gotta make this shot) instead of focusing on the actual execution of the shot you're executing in that moment.  It all boils down to - you can't do two things at once and you can't be two places at once or two times at once.  So choose being here now.  Life changing stuff."
1qauial,Mindfulness,"Why the need for spirituality, mindfulness, awakening arises? Can you see that you need no philosophies, teachings about life if you can absorb, dissolve ‘pain and uncertainty’ (resistance) you experience in daily life.","Can you see that you need no philosophies, teachings about life if you can absorb, dissolve ‘pain and uncertainty’ (resistance) you experience in daily life?

If you can come to this question-you are on the Original ground.

But why should I bear this resistance?

Because you are not operating as alone in the world but with others. Life has evolved as more and more multi connected process. You are using goods and services, almost everything created, produced by others.

In order to be in the world, in order to enjoy connectivity (which is life), in order to enjoy possessions, relations, situations-you have to absorb the resistance you face in daily life. ‘You are connected to the world’ is a singular structure, complete structure.

Your connection to life, connection to the world is weakened if you reject the disliked content (as you are not absorbing the disliked feeling). And to absorb the disliked feeling is totally within your purview. 'You is the Total Field.",https://reddit.com/r/Mindfulness/comments/1qauial/why_the_need_for_spirituality_mindfulness/,Insight,2026-01-12 13:12:20,0,12,yvchawla,"confusion, loneliness",3,"Interesting, but wrong.



You can go hide in the Himalays and never meet another person, and you won't be missing a single thing.


The idea of needing to ""absorb the disliked feeling"" is also just duality. There isn't anything to resist or absorb, nor anyone to do so. ",Why the need for chocolate?,Another wannabe pseudo intellectual with ai writing style
1qasqs0,Mindfulness,Acceptance,"I am trying to be more mindful and more positive overall, but I am really struggling. 

I really don't have anything to complain about in my life. I have a decent job, home and family. But it still wears on me. Work, specifically, is the big crux of my struggles. It makes me feel so miserable, and the repetitive daily grind has burned me out. 

I keep telling myself I am only going to work until the house is paid off, and  then I will quit and maybe find a part time, easy, no stress job because I won't have the huge financial burden of a mortgage anymore, but I don't know if that is a fair or realistic plan. I would feel guilty my partner still works full time and I wouldnt. 

In my mindfulness journey, I am wondering if my thoughts/feelings/plans about work are delusional. Maybe I should just accept life as it is, and the fact that I should stay until retirement like every other adult. For some reason it is just so much more difficult for me to handle and accept. 

Thoughts? ",https://reddit.com/r/Mindfulness/comments/1qasqs0/acceptance/,Advice,2026-01-12 11:43:56,1,3,tuttifruttiloopy,frustration,2,I’m in a the same boat but seeing a therapist for it. I do need a new job for various reasons. But also she is working with me to accept my situations as they are. I’m not gonna tell you what to do but acceptance can go a long way. I just don’t know how to tell you how to accept something you don’t like. I don’t know how to do it either. Good luck to you.,"The more we resist and judge the life that we have, the more harder it gets to accept it.   
  
If you have another choice then go for it. Sometimes just the act of looking for a better one would ease up the current situation since you know that you are doing something to change it. Plus you never know, something you actually like might come around.   
  
In the meantime, take it one day at a time. Try to focus on the good that it currently brings, or try to fix the aspects you don't like about it if possible, like talk to your manager, change the position, hours, etc, otherwise dwelling in negative thoughts is not going to help with accepting it.",
1qaeige,Mindfulness,"[Holistic Health/Mindfulness] Is it better to go to the spa when you're in a better mental state, so you can be more present and reap the benefits of the spa?","I’ve been wanting to go to the spa for months. I have the opportunity to tomorrow but I’m in a terrible head space. I’m emotional and want to cry.

Do you think it’s better to wait until I’m in a better headspace and I can fully be present there and reap the benefits of the spa? Or will going to the spa while I’m so emotionally fragile help get over this mental obstacle and relax my mind and body?

I’m not sure which is better. I don’t want to break down and cry at the spa, but if I need to take that private moment to go to the restroom and let that out maybe it will help? I can’t tell if I’m trying to sabotage myself or if it’s logical and reasonable to wait until I’m in a better headspace.

What do you think?",https://reddit.com/r/Mindfulness/comments/1qaeige/holistic_healthmindfulness_is_it_better_to_go_to/,Advice,2026-01-11 23:22:33,2,5,mindtheworms9,"frustration, confusion",3,I think you can use it both ways. As a catalyst into relation and mindfulness and a tool for a deeper mindfulness and relaxation. I use it for physical pain management and relaxation and mib,"I personally think that you should hold off. A spa is a place where other people are around and maybe you might not feel comfortable if you begin to cry there. It's also not as ideal if you're in crisis since it's a place to relax, and managing strong negative emotions is actually hard work.","

If you're feeling stressed or depressed, attend free online support groups. I've been going and they do help some.

There are many options:

Online Support Groups | HeyPeers [https://share.google/YMSXAtiluGRifmdZc](https://share.google/YMSXAtiluGRifmdZc)

ShareWell | Mental Health Support | Peer Support [https://share.google/7WlKfPRNuhwaCEW2b](https://share.google/7WlKfPRNuhwaCEW2b)

Welcome to Depressed Anonymous - Depressed Anonymous [https://share.google/7SOIhYXhOw460jxDa](https://share.google/7SOIhYXhOw460jxDa)

Emotions Anonymous 12 Step Program of recovery [https://share.google/OkjYcr2VGZn2Cyw9X](https://share.google/OkjYcr2VGZn2Cyw9X)

TherapyTribe – Wellness Community [https://share.google/vQqVESwFaOLnzkf1q](https://share.google/vQqVESwFaOLnzkf1q)"
1qacp1l,Mindfulness,Stuck attention,How do you guys deal with stuck attention when it happens. I deal with mental illness so my attention gets stuck sometimes. ,https://reddit.com/r/Mindfulness/comments/1qacp1l/stuck_attention/,Question,2026-01-11 22:09:36,3,2,SoberCurious123,frustration,1,"Attention stuck attention is a narrow light, awerness is present besides attention like a flash light 

Observe the stuck attention with awerness see that attention and how you feel etc 

Then attention also free up for you..",,
1qa4spe,Mindfulness,What does “feel” means here?,"“Feel you surroundings” “Feel floor with your feet” 

The thing is, its ovewhelming trying to feel everything. Floor, then hands, then the seat your sitting. Constantly shifting. Is this what being present means?   
is the goal to feel one thing at a time? 
when do I shift? ",https://reddit.com/r/Mindfulness/comments/1qa4spe/what_does_feel_means_here/,Question,2026-01-11 17:10:59,3,7,Graviity_shift,"frustration, confusion",5,"It's best to pay attention to one thing at a time, and notice how that thing really feels, and how it changes.","it is overwhelming when you try to feel everything at once. we use our body to anchor ourselves in the present because our physical sensations always happen now. maybe try imagining that your attention is like a scanner, focusing on one thing at a time, slowly moving from one thing to the next and you can choose when you shift. it doesn't matter what sensation you're focusing on, or for how long, as long as you are there with it and not in your mind.","'Trying' to feel everything might be overwhelming, but actually feeling everything is what's already happening, even before the overwhelming feeling appeared. You’re entire experience is already full of all the sensations of the mind and body. The 'trying' is the error here, the thought that you need to actually do something feels huge because there is so much to notice. Take a breath and realise it is all already here, you don't need to do anything. 

Do you need to do anything to notice your nose? Or can you just become aware of it, as if it was there the whole time? 

It's a bit like realising you've been tunnel visioned and blocking out your surroundings. Its just easing up and noticing whats already there. We're so used to our tunnel vision it feels hard to release. Did you ever do that thing as a kid when you put your hands palm to palm and your friend puts their hands on the outside of your hands. You push outwards, trying to separate your hands and they push together, keeping your hands close. After ten or twenty seconds they move their hands and your hands feel a pull towards each other. Your hands get used to that coming together that they carry it on for a moment. Our attention is so used to being so diffuse that it feels harder to do the normal thing.​'Trying' to feel everything might be overwhelming, but actually feeling everything is what's already happening, even before the overwhelming feeling appeared.
​Your entire experience is already full of all the sensations of the mind and body. The 'trying' is the error here; the thought that you need to actually do something feels huge because there is so much to notice. Take a breath and realize it is all already here. You don't need to create the sensations.
​Do you need to do anything to notice your nose? Or can you just become aware of it, as if it was there the whole time?

​It's a bit like realizing you've had tunnel vision and blocked out your surroundings. It’s just easing up and noticing what is already there. We're so used to our tunnel vision that it feels hard to release.
​Did you ever do that thing as a kid where you stand in a doorway and push the back of your hands against the frame as hard as you can? When you step away, your arms automatically float upward. Your muscles got so used to the tension of pushing that they carried it on for a moment. Our attention is similar—we are so used to the tension of ""doing"" and ""focusing"" that simply relaxing into ""being"" feels unnatural at first."
1qa340b,Mindfulness,Slowing down through simple creative routines,"I’ve been thinking a lot about how difficult it’s become to focus on one thing.

Simple, repetitive activities like coloring or gardening have helped me reconnect with the moment.

Sometimes less stimulation is exactly what’s needed.",https://reddit.com/r/Mindfulness/comments/1qa340b/slowing_down_through_simple_creative_routines/,Advice,2026-01-11 16:06:56,1,0,Parking_Cow_9864,frustration,0,,,
1q9ozeb,Mindfulness,How do you keep your head up when your thoughts makes you feel low ?,"What are you supposed to remember and not let thoughts, emotions and feeling bring you down. I consume so much motivation content but one thought or one incident brings me down so much like I don't understand why the does mind take bad things, self doubts so seriously to a point it brings you down as if all the things you hear or something goes down the drain. There were so much solid advice from motivation to bitter truth conversation all went down the drain because I feel ultimately I'm not stronger than my mind. I feel like I'm not believing in myself that I can do it. I have very low self esteem and don't seem to understand how to believe in myself at all. They say you have to search for clues about your past like what did you achieve. How did you felt that way. But honestly I can't think of one single achievement or something I felt proud of. ",https://reddit.com/r/Mindfulness/comments/1q9ozeb/how_do_you_keep_your_head_up_when_your_thoughts/,Question,2026-01-11 03:46:39,15,16,Aj100rise,"frustration, confusion, insecurity",10,"Rumination is a journey, it’s a day to day, even minute to minute, conscious living experience. Our brain isn’t trying to make us happy it’s trying to make us safe, when you ruminate try asking yourself what doesn’t feel safe.","I relate to this on a deep level. What’s helped me is not forcing myself to stay positive, but noticing thoughts without believing them right away. they can feel very real, but they aren’t always true. Being gentle with myself has helped far more than fighting my mind.",I do breath work.  Relax my mind. Reset and don't think about anything. Just focusing on inhaling strength and exhaling stress
1q9i2v2,Mindfulness,The Unnoticed,"I was standing on the edge of a cliff. The wind was cold, and the coffee was starting to kick in, but I hadn't fully woken up yet. I love waking up in silence. To wake up doesn't just mean getting out of bed; it means beginning to feel life, waking up with your mind, not just your eyes. For me, the first two hours of every day are for being alone with myself.

Standing on the edge, I saw a ship. It was barely visible. Life was waking up around me: people were already strolling in the park, dogs were running around fighting for the attention of passersby. But this ship drew all my attention. Perhaps life was already bustling there — I imagined the boatswain shouting orders, sailors rushing about the deck... But to me, it was a quiet, calm stone, floating forward without stopping.

First, I captured this moment with my eyes. Then, taking another sip of coffee and sinking into the atmosphere, I tried to silence the concrete mixer in my head. When I came to my senses, I took out my camera and took a few shots — exactly at the moment when the sun focused its attention on the ship, separating it from the mass of water and making it visible.

It was indifferent to everyone else, but the center of attention for me. I conveyed this atmosphere through the photo, but to understand it, it's not enough to just look. You need to look closely and freeze, living this moment together with me.",https://reddit.com/r/Mindfulness/comments/1q9i2v2/the_unnoticed/,Photo,2026-01-10 22:41:52,18,1,Mountain_Anxiety_964,loneliness,1,"Love what you’re seeing, love what you’re sharing",,
1q9fw8f,Mindfulness,I experience feelings of anger that I don’t want or like,"Intrusive anger.

I feel so isolated in this. I’ve tried searching for information online about this, but no one else with OCD seems to have it. I get these brief pangs of anger that accompany intrusive thoughts - sometimes appearing before the thoughts, or sometimes appearing afterwards. Whenever it happens, the anger is very clearly real. I can actually feel it, in my chest/throat. The contents of the angry thoughts horrify me, but those even seem to be rooted in some genuine part of me.

The more I experience this intrusive anger, the more I replay it and investigate it. The explanations I come up with, and the attention I give, only seem to reinforce it and the narratives behind it. The anger seems to multiply and inflate as time goes on. It pops up more and more. Sometimes I’ll wonder if it’s about to happen, and then it does - the sharp pain of anger rises, and I feel horrified.

I genuinely believe that some of the anger might be fabricated and suspended only by the attention I’m giving it, while other instances of the anger seem to actually be rooted somewhere in my mind. As if there is a subconscious bias or subconscious belief upholding them. And that terrifies me.

I’ve replayed it so much that I can differentiate between different types of anger. I can pinpoint who or what the anger is directed towards, or if it’s directed towards anyone or anything in particular.

The anger attacks my relationships and the people I care about most of all. And it’s not healthy anger, either. It’s anger towards things that no moral person would ever be angry at. Anger about things that no one should ever be angry about. But here I am, suffering with these pangs of anger.

I don’t even think that the problem is exclusively OCD anymore. Of course, I acknowledge that my OCD is causing me to worry and obsess about it. But as far as I can tell, the problem with the anger itself seems to be a lot uglier and more horrifying than what symptoms of OCD can explain. I really don’t know where the anger is coming from. Or why my brain is getting angry about the things it’s getting angry about.

I can’t stress enough how ugly and horrible the angry thoughts are. I don’t even want to talk about what the contents of them are, as I’m afraid it could lead to me being judged and ignored.

I’m not looking for reassurance. But I do need clarity, awareness, and information. Please help me understand this. I am lost and I cannot explain what’s happening.",https://reddit.com/r/Mindfulness/comments/1q9fw8f/i_experience_feelings_of_anger_that_i_dont_want/,Advice,2026-01-10 21:14:55,2,16,PhilosophyPoet,"frustration, confusion, fear, loneliness",6,"I suffer from intrusive thoughts/emotions and they're difficult to understand the origin. But my opinion is that I've neglected a healthy aspect of human experience and it is now overflowing and displaced into other places it wouldn't normally apply. Then I judge myself for having this reaction. 


However, like you, I have found that the attention I give it will give it more strength and I suffer more. More self critical and less present. 


It would be easy to label myself as horrible, but really, I have a wild imagination and I can be dramatic in my mind even if I don't show it much in my daily life. It's a recipe for prolonged suffering. 


So I guess I would say what has helped has been labeling the type of thought that disturbs me and with some practice of noticing and then grounding by redirecting attention elsewhere I've had success in letting it go surprisingly easily. It just takes admitting that you see it likely arising and then there it is. Big deal. Redirect. You're not a bad person. Have some self compassion, managing the mental aspects of ourselves is commendable in that we had no control in our own conditioning. We're here to let things loosen a bit and get back some of our agency and presence. ","I hope you have health insurance. If so please go to a doctor and tell them about this problem. See if maybe you need to be screened for some medical problem. 

Maybe something is going wrong in your brain? Similar to Tourette's Syndrome how a person is saying things that are inappropriate, but it's because of a brain issue. 

You also should go into therapy to see if there's some underlying issue of abuse or trauma in your past, perhaps as a child, that is driving this. Some people had something happen that they have unconsciously suppressed, and it comes out as an adult. 

Even if the source can't be found, you need to work with your therapist to deal with how to control these feelings because you will ruin your relationships if you are lashing out at people in anger.","basically the eastern traditions/where mindfulness comes from, see the mind as being able to generate all sorts of thoughts, either good or bad. Then these produce emotions. These then create more thoughts > more emotions, and so on in cycles (called samskaras/tethers/attachments/aversions).  If we can't fully release them as they arise, then its like they get stuck in our system, to be dealt with later. So then they can also come back up, at all sorts of random times.

daoism's view on it is - 'if you're on a torture table, then you don't need to know why its happening, you just need to know how to get off.' So rather than e.g. psychoanalysis/counselling etc, it uses direct somatic practice to help clear the emotions. Mainly this means to start by getting awareness of where you feel the emotions in the body, and to release/relax there, so they can pass through and out the system. It also has a flip side of building positive energy, which can help 'flush out' the system.  

So in the long term you become non reactive to their arising and passing, and the energy in them dissipates. A bit like being in a pool and stopping splashing, as its the splashing that's causing the waves to keep coming.

For more info/practices etc - [https://www.reddit.com/r/TrueQiGong/comments/1gna86r/qinei\_gong\_from\_a\_more\_mentalemotional\_healing/](https://www.reddit.com/r/TrueQiGong/comments/1gna86r/qinei_gong_from_a_more_mentalemotional_healing/)"
1q9bei3,Mindfulness,The internet (besides real news) is a problem in human evolution,"I’m gonna talk on aesthetics, fan bases, almost any in every topic discovered through the Internet, and how some people unfortunately ruin any and all of these topics by being somebody who is painfully aware and or unaware of their own sexual compulsive disorder

As a woman who grew up as a girl who loved video games, anime and what not but hid it in her adolescence, I started to pick up certain hints on how other people may like what I like. However, not to toot my own horn, I like a lot of stuff while being innocent. I can say with certainty I was protected by a village as a child. Seeing things as they are comes easy and naturally to me.

When I turned 21 I ventured off grid to Hawaii and helped with farms. I’d camp out and journal. This has been one of the most divinely sacred trips for me as I stayed there for a month. Returning back to America was not a great experience once I had truly lived.

Now these are just three examples. Apply them to literally almost any topic and we have the same issue:

I liked an Instagram post of a very whimsical, tea dress-like fashion. It was for a Japanese magazine. Kid and teens modeled. Why are there so many boys and grown men who like it bc they sexualize it? 

I liked a picture on Deltarune. It was of Noelle. It was a screenshot of the game. Apparently people online have debated what this character’s sexual preference is like they do with every undertale related character (bc Toby Fox does hint at sexualities for some reason while knowing kids under 10 play it) what is happening? It’s become less about queer visibility when now minors are commenting the same creepy and sexual comments as way older men.

I grew up watching Winx, right? Yeah these fairies have a crazy depicted autonomy like Bratz but as a girl watching it, you just admire. It comes naturally. Now why is the rebooted Instagram for Winx like tying them up with seaweed, resurfacing scenes where Bloom gets lowkey SA because of a professor? What’s happening? Shows like this reboot for younger audiences. I’m just noticing media is just more and more unsafe.

Obviously, there are a lot worse situations where one can notice the very real and highly concerning fact of sexuality and anything regarding around sex meeting the Internet.

The PlayStation Ads were cool, right? But a 9 year old with wants to get a game console shouldn’t have to see the PlayStation buttons on boobs. Like this was just their marketing. As an adult who studied marketing as well, I can appreciate the creativity but they had like 40 different PlayStation posters that just suggested sex. I feel really bad for the kids and they were failed miserably.

They still are everyday. That’s why I’m making this post and yes, I do blame parents.

Can we as people and hopefully now adults on the internet confirm and face the reality that soooo many people (80s-present) have been influenced by media alone to be more sexually expressive when the topic has nothing to do with sex? And that this can unfortunately happen at super young ages now?? Resulting in a bleak reality and upbringing (if you can subconsciously notice it). I’m sick of it, personally.

For many, the internet is a Wild West of “I can do whatever I want” that was the pitch of the internet. Now people have the craziest, most illegal and unfortunately sexual digital foot print that can be bought and downloaded by any data center literally anywhere unless you have the world’s best VPN. A lot of the time minors didn’t have that growing up so yeah, it’s out there. Whatever you searched up even as a kid is still there.

I just think people should talk about it. If you’re in the same fan base of a regular and safe form of media, don’t sexualize it. If you have to do that for your own weird mind, you can do that privately. Why would you bring that into the internet? That’s the point in this post. Bringing sex to any innocent topic doesn’t equal power, doesn’t equal coolness, doesn’t equal a lot in 2026 besides being super f****** weird honestly.

You know what is cool? Fostering safe environments for minors to be able to bond without being poisoned by the weirdo on the other side of the screen. It’s not hard and it needs to be scientifically studied further as to why people often feel the actual WEIRD and UNNATURAL need to spread their own compulsive sexuality, especially onto minors. Stop. It’s literally weird and American families don’t talk about it. They would rather ignore their son going through puberty than actually sit and have a real talk with them about it. I’ve seen this pipeline and trust me, it can lead to minor boys and older men quite literally trying to convince themselves and others that they are sex monsters. I’m so serious. As someone who has grown up in America, it’s a real problem. It becomes very scary too.

So I’m personally sick of it and will be calling it out and I encourage others to do so. If the internet isn’t a tool to separate us further from nature (where we are supposed to be) and it’s solely for information, doesn’t this highlight that communication and safety is at a full blown risk and has been for decades? You will never find this anomaly in nature. Ever. This has never been normal or natural and we are the only known species that do this. Some people see this as “human evolution” it’s not. It’s human devolution. The best and most positive reasons as to why we would “need” the internet is to stay more connected. This needs to be protected. The distribution of REAL and HONEST news needs to be protected.

This proves a lot and I wonder if I’m the only one advocating for this change sometimes",https://reddit.com/r/Mindfulness/comments/1q9bei3/the_internet_besides_real_news_is_a_problem_in/,Insight,2026-01-10 18:23:16,3,10,Informal_Original121,"frustration, loneliness, disappointment",5,"Lol. You think a lot about sex and how others must think about sex. It isn't that deep. 

I watched Totally Spies growing up. As an adult, I now notice things that I definitely didn't pick up as a kid. These ""jokes"" went right over my head, until I developed my own individual interest in sex and began to do research and learn about things as a teen. This is all perfectly normal behaviour for a human being. 

Fictional characters are often a way people express themselves in ways that don't work in real life. Sure, sexual stuff isn't necessary in most places, but you're not going to stop people doing something just because it's unnecessary, if it isn't actively causing harm. 

Nakedness is also not necessarily sexual in nature and many societies make that distinction just fine. Violence is far more scarring and damaging to individuals than exposure to revealing clothing or even nudism. 

It might be uncomfortable, but I welcome questions as to why that is the case, before judging something as inherently wrong. 

I'm asexual, so my interest in sex is primarily academic in nature. That is something I now understand is incredibly uncommon. 

Maybe having such a visceral reaction to sexually skewed content comes from your own personal experience and isn't actually the way others feel? You can only know your own perspective, after all.","You ended your essay with: ""This proves a lot and I wonder if I’m the only one advocating for this change sometimes""

Have you done any reading into what people think on sexualization, media consumption, safe environments for minors? Especially on studies written by academics? There are hundreds of peer-reviewed academic books and thousands of academic articles on these subjects. There are tons of volunteer organizations that advocate for these concerns. I applaud you for thinking deeply about things. I encourage you though to not think you're the only one who has ever thought deeply. You will get further ahead if you don't just write giant rants about your feelings into a mindfulness subreddit and expect people to engage with it because you told them the way the world should be and how they need to change. I encourage you to educate yourself on what has already said and then make informed opinions based on research blended with your experiences. It sounds like you are young and I'm excited for you to keep thinking and growing.","Get off the Net. Touch grass. Just sit, relax. focus on your breath, and just be."
1q985uv,Mindfulness,Sharing if this vibes with anyone here,"A few years ago, I realized I was consuming a lot of “manifestation” and “self-love” content… but very little of it actually stayed with me. I’d feel inspired for a few minutes, then go back to autopilot. What helped me most wasn’t more information — it was visual reminders in my physical space.

That’s why I started creating printable affirmation and intention-based art.

I designed these pieces to live quietly in everyday spaces — on a wall, near a desk, inside a journal, or as part of a vision board. The idea wasn’t motivation through hype, but gentle reinforcement: abundance, self-trust, love, grounding, and presence — seen daily, not just read once.

Some things I focused on while creating them:
	•	Calm, non-overstimulating designs (so they don’t feel like “toxic positivity”)
	•	Words that feel supportive rather than forceful
	•	Art that works both aesthetically and emotionally
	•	Printable formats so people can use them immediately, in their own way

I also included mandala coloring pages because they personally helped me slow down and process emotions without needing to “think” too much.

I made these because they helped me feel more aligned and less scattered — especially during phases of uncertainty, burnout, or emotional healing. If someone else finds even a small sense of grounding or clarity from them, that feels meaningful to me.

If anyone’s curious, this is the collection:
https://www.soulfullysassy.com/printable-art

Not here to push anything — just sharing in case it resonates with someone who prefers quiet, intentional tools over loud motivation.
Happy to answer questions or hear how others use visual reminders in their space.",https://reddit.com/r/Mindfulness/comments/1q985uv/sharing_if_this_vibes_with_anyone_here/,Creative,2026-01-10 16:17:55,1,0,Ishita28,confusion,0,,,
1qhw8hy,awakened,Re: hi,"I’m not entirely sure how to say this. 

Eight years ago, I attempted to take my life. I woke up in a pool of blood, panicked, and called my best friend. He called his mother, and I ended up hospitalized in a mental health unit for a few weeks before I was ok to be alone.

Eight days ago, I had a weak moment after a stressful event with a family member, that felt indistinguishable from 8 years ago, this sudden, quiet, like everything narrowed to one outcome, similar to tunnel vision with a view of how I should end it. I couldn’t shake / control it. It is extremely difficult to explain. 

I went back to the hospital. I was discharged today.

The last five years have been more than I can neatly summarize. I’ve had stretches of real peace. two years that felt like bliss and the rest has been brutal in ways I’m not able to easily translate.

I turned 30 this year. I’ve spent the last three years working hard, building a skill set, yet only to find myself in a career that doesn’t open the door to welcome those skills. I’ve spent most of the last five years essentially single, not quite fitting anywhere. Over the last two years, I’ve lost my connection to spirit. And this past year, I’ve lost more than I ever have.

being in that hospital reminded me of something important: even in pieces, I’ve known what it feels like to be awake to feel meaning and clarity. Some people never get that. Some of the individuals there do not belong to in society, and will never know what it feels to be awake. 

I’m grateful for my life, for my freedom, and for the things I still love. I’m extremely grateful for you guys and reading all the posts here. They’ve helped in so many ways. 

Not a huge fan of economics, and the pressure we put on ourselves to perform until it starts to feel inhumane. But I’m here. And I’m rebuilding. I wish I could write more here, but sleep has been in short supply lately, and I’m finally going to take it where I can get it. Good night all. ",https://reddit.com/r/awakened/comments/1qhw8hy/re_hi/,My Journey,2026-01-20 09:07:17,7,3,Universesgoldenchild,"frustration, confusion, fear, loneliness",3,Let the body rest up so the mind can wake up. Take good care of yourself.,"There is a way out of suffering, just keep going.


The sooner you detach from thinking, the faster it happens.","I wish you love, peace. It's good you're reaching out. I'll share with you a resource that has been extraordinarily helpful to me. It will or it won't have the same interest for you. That's up to you to decide for yourself, but I have gained so much from listening to Bashar. It's been a major game changer for me. He's channeled by Darryl Anka. There are lots of YouTube videos of his channeling.

Again, you may relate to him or you may not. Either way is okay. Take good care of yourself.🙏🕊️❤️"
1qhuvts,awakened,What’s the Fear in you - during awakening,Asking from someone that has been through it and giving me guidance,https://reddit.com/r/awakened/comments/1qhuvts/whats_the_fear_in_you_during_awakening/,Help,2026-01-20 07:44:08,1,13,phxrisingbridgework,fear,2,"The cost of a change in perspective. The fear ranges based on the degree of contrast. You can take it in smaller increments, or all at once.",The fear of psychological death,
1qhsosk,awakened,"Instagram is just everyone's highlight reel, but have you seen the behind the scenes?","Met someone recently. Beautiful feed, 'living my best life' energy. In real life? Lonely, anxious, barely holding it together. Made me think , how many of us are performing happiness?",https://reddit.com/r/awakened/comments/1qhsosk/instagram_is_just_everyones_highlight_reel_but/,Reflection,2026-01-20 05:39:43,3,4,Ok_Expert_1537,"fear, loneliness",4,Sounds like someone I know.  Instagram is just a platform for people to create fake personas and put on a little performance.,"Yes, we all do.

The more awake you are the more authentic you become.

That's why I use the same avatar and profile everywhere.","I ain't. I never made an Instagram account.

Oh, that's not true, a girl I knew made me one, I just never used it.

If you really want fake profiles forget Instagram, have a walk down LinkedIn. ""My biggest flaw is that I'm very exploitable. My favourite hobby is making my bosses money""."
1qho1n9,awakened,Conditioning,"there’s no sense, our sense of self is conditioning, we want to I guess see through the conditioning but we don’t see through it because we are bombarded with conditions and labels like fear. how can you let go of fear when you are precisely conditioned not to let go of it. Each small moment of reaction happens because of conditioning and each reaction perpetuates the conditioning. If I encounter something I am conditioned to be scared of that I don’t want to be. In the moment I encounter that thing there’s no time to do all that other stuff like “pause” “watch without attachment” this and that etc. because I have precisely conditioned myself to be consumed by that fear in those moments, I’ve conditioned myself to be “unable” to pause, I’ve conditioned the very concept of a pause and the concept of “allowing” to perpetuate the fear. The pause and allowing now happens out of that very fear. So what’s left to do, there is literally nothing to be done. No direction whatsoever that could be deemed worthy",https://reddit.com/r/awakened/comments/1qho1n9/conditioning/,Help,2026-01-20 02:01:34,1,10,Sea-Cantaloupe3382,fear,5,"What do you do when you realize there is nothing to do? 

How long can you do nothing for?

Watch tv? Type on Reddit? Scroll through Reddit and instagram? Clean? Eat? Socialize? Make money? Sleep

You don’t need to do any of this, well, you need to eat and sleep, and you need to do the things that enable you to eat and sleep.

But if someone else pays for your food and shelter that you sleep in, then you TRULY do not need to do anything.

Some people are lucky and they have someone who will slave away for them so they can not need to do anything.","I've found to get past fears, you have to face it. And keep facing it. The charge eventually leaves. The habits of conditioning, whether imposed from childhood or self-imposed, keep making a different choice. Some things fall away easily, some things need to be repeated for however long it takes. The question is how badly do you want it? You have to be willing to do whatever it takes :)","Feel feelings, microdose on fear, and observe thoughts. The imagination can also be used to help condition the nervous system. Stop playing the victim and become the MC, main character, in your story."
1qhmv85,awakened,Isn't it strange,"I am sitting here having a moment I sought after for so long, and it is absolutely nothing like my mind expected it to be. I have been through a brutal chronic illness for the last 5.5 years, and done many things to try and heal. They all slowly contributed, some more than others, and I have landed on nervous system regulation as the core work I do now to allow my body to remember how to heal. It just needed my mind and brain to get out of the way.

I used to write on this forum awhile ago because i thought I knew something. That I had discovered some ""awakening"" that I see now was really just a tiny bit of separation from my mind's grasp, enough to see ""there's more here"". But it was still my minds idea of what awakening was. 

And yet, after doing a somatic exercise tonight and allowing myself to feel pain I haven't felt in a decade, I touched ""it"". The thing I cannot put into words. The awareness I have always been, the one I am now, and the one I was when I was 6 years old, getting Wendy's on my way home from soccer practice. It's the one I was before I was born, and the one I will be after I die. It has always been here, and its perfectly ordinary, nothing special. Yet quietly vast and profound at the same time. I simply lived this way as a young kid, and I  took it for granted, or rather was simply not aware that I could be anything else, because no identities had taken a strong root yet.

I don't know, I don't have anything profound to say. I just got so lost in the mind that I forget about it, or constantly unknowingly prevented it from reaching me. And the whole ""we are one"" thing, that's also true! but it's not this spectacular concept, it just is. How funny.",https://reddit.com/r/awakened/comments/1qhmv85/isnt_it_strange/,Reflection,2026-01-20 01:10:03,7,9,Atomicbubble1,"frustration, confusion, fear",3,"I find a very common experience for people is:

“I was so happy when I was a child, what happened?”

As if some abnormal catastrophe happened that disabled them from being happy,

No,

When we are a child, we are guarded and shielded from problems. Then, as we mature and evolve, we face and bear the burden of these problems, and they weigh on us.

Important problems we must solve. Diet sleep and exercise routine, socializing, making money, and having fun.","That moment when you realize the thing you've been chasing was just... there all along, underneath everything. Curious about the somatic work you mentioned - what made that particular exercise finally break through when other things hadn't? i've been exploring nervous system stuff myself (use Taro's Tarot sometimes when I need a different lens on patterns I'm stuck in) but I'm really interested in how you knew this was different from those earlier ""awakening"" moments you mentioned.also, how are you working with this now that you've touched it? i find the tricky part isn't the glimpse itself but remembering it exists when the mind inevitably pulls you back into its stories.","When people are healthy, they are unhappy. When people become unhealthy, they say ""If only I was healthy again I would be happy"".

They forget that unless they change, they'll just go back to being as unhappy as they were before."
1qhj7tz,awakened,Astrology was the beginning of my awakening,"Has this happened to anyone else? I was first introduced to astrology in 8th grade, just basic zodiac signs, and then in my sophomore year, I read my birthchart. I was  fascinated and shocked by how something can be so precise and true. It was very  intriguing to be able to read so much about myself and I would constantly try to figure out how can this be? How can this ""thing"" know so much about me, and my emotions and weaknesses? I am now in junior year, and I cannot say that I understand, because in reality, I know nothing. I can say, I am more aware.",https://reddit.com/r/awakened/comments/1qhj7tz/astrology_was_the_beginning_of_my_awakening/,Reflection,2026-01-19 22:39:21,4,5,lovelyyy999,frustration,5,No. That did not happen to me.,I agree! I felt misunderstood and after reading my astrology I started to understand myself and felt more validated. I highly recommend reading other types of charts like Human Design and Vedic. It's truly been fascinating to read and explore deeper parts about myself., do you have 8h placements?
1qh9yo5,awakened,Is it normal to feel uncertain about earlier life goals after a spiritual experience?,"I recently had a spiritual experience that shifted my perspective. Before this, I wouldn’t have called myself an atheist, but I also wasn’t  certain about God. Since that experience, however, I've felt an immense love towards God, everyone, and everything, though this feeling is not yet constant and comes in bursts once in a while.

There have also been some positive changes. Meditation feels deeper and more fulfilling than before. My dreams have changed as well. When something unsettling arose in a dream, I found myself chanting a mantra from within that subconscious state, and the dream stopped immediately without my needing to wake up.

At the same time, the clarity I once had about my life has softened. I used to be very sure about my goals and what I wanted in life. Milestones like finding a partner, getting married, children, and career progression felt definite. Now, I’m no longer certain. As a woman in my 30s, this uncertainty makes it frustrating. I don’t feel the same passion or interest in my hobbies either, and this loss of direction leaves me feeling confused and somewhat lost.

Despite the love I experience at times, I feel an ongoing internal conflict. I still struggle with old habits, such as being judgmental, experiencing mild irritability, or feeling disturbed by negative news and events. The contrast between the love I feel during those spiritual moments and my lingering emotional reactions creates a sense of dissonance. I feel directionless and confused.",https://reddit.com/r/awakened/comments/1qh9yo5/is_it_normal_to_feel_uncertain_about_earlier_life/,Help,2026-01-19 17:07:15,3,11,Outside-Tale-4026,confusion,5,"~Despite the love I experience at times, I feel an ongoing internal conflict. I still struggle with old habits, such as being judgmental, experiencing mild irritability, or feeling disturbed by negative news and events. The contrast between the love I feel during those spiritual moments and my lingering emotional reactions creates a sense of dissonance. I feel directionless and confused.~

Here's my thoughts:

These seemingly conflicting feelings all arise from the same place, you know. Keep flowing with all of it. Nothing good or bad about feeling the immense love and also judgy, irritability feelings. Just feel and let them keep moving as they will so long as you don't grasp onto it. Emotions are a part of this thing we're all in. 

I've been in the feeling disconnected and confused. Stay curious! Dig into it and don't be afraid to step out of you comfort zone. <3 it will all swing around :)","It’s rather like being a teenager all over again, isn’t it? Instead of locking down on any particular perspective like you did then (because angst is quite uncomfortable), you have another chance to question how you want to live. 

It’s not a spiritual experience you had, it was a crack in your convictions.","You have become authentic and all the false/forced stuff fell away. 

Life is to be lived. 

From moment to moment. 

Today I painted. Didn’t do it ever since grade school and might never again.
Tomorrow I might be writing poems.
The day after I might want to built a house.
…"
1qh86y0,awakened,Awakening is for Everyone and It is Guaranteed by You.,"The place and time to look Through The Your Veil - Body, Time and Space is in this Eternal Spaciousness - The Here and Now. 

If You keep playing the game of one-uppery, or but-tery, You will Keep Hiding from Yourself.

There is no way Home to You, better or worse, for You are already Home - already You - all of it is nothing but You Yourself. 

You are just playing the game of hide and seek with none other than you. Keep playing, keep praying, keep looking or Stop NOW. As you desire. 

No doing is necessary and if You must play, then what must be done is to discard the idea of relativity or dualism. There is no one above you, no one below you, and no one besides you. No matter what you do or don't,. If You keep playing the game of one-uppery, or but-tery, You will Keep Hiding from Yourself. You are the indivisible, unbounded, uncentered Whole. 

You are the One you You have been Seeking. 

This isn't easy if you stay on the ladder, stay on the right or wrong path, look for a Guru or look at all. It's like looking for Yourself everywhere else (which is none other than Youal disguised by none other than You Yourself - what a game - Your Maya or Illusion) only to realize later that You are already You - the Whole You. 

You must therefore (if you so desire) Stop looking right Now, right Here for You are all there is. That thou art is now not in the future, here and not somewhere else.

It you get this! That's all there is to Awakening or Enlightenment. 

Or you can keep looking, try to add buts or doubts, or try to one up someone else, or keep climbing the ladder to Yourself for as many lifetimes as you want.

You cannot be anyone else but the Self - Awaken Now for you are Already You - The One and Only God you Seek.

You are already you - already whole - you haven't lost a part of you that needs finding, you only need to awaken ONLY TO YOURSELF. You already are home - you are Already God.

If you love simple direct pointing, read about this Book written for Yourself - written by Yourself as a reminder to Yourself to wake up when it's time for You to Awaken, only for the Self to Awaken to Itself.

""Already God: The Self Awakening to Itself""


If you wish to stay on the ladder and wish to play the game of one-uppery or but-tery, then later it will be. 😇

For there is no one else here or anywhere else you are going to look. Quit playing this game of forgettery if you are a serious Seeker and then enjoy your Game infinitely more after waking up to the truth, consciousness and blisss - all You.

You can't detach from the Self, give up trying and wake up to Your True Self and Enjoy your Dance! You are the One you Seek. 

Stop running from Yourself. You are the darkness, You are the evil, You are the Hate, Your are the Light, You are the Good, You are the Love, You are the One Forgetting who You are, You are the One Remembering. Go beyond the fragmentation, for you have no separation, no two sides of the coin, no two poles of the magnet, there is no separate coin nor magnet - simply the whole You and You are already Home. Welcome Home, You NEVER LEFT. 

Sleep or Awaken,

Tat tvam asi

All the Best!

The Unveiled Self to the Self looking for Itself.

✨️☀️🙏🥰✋️",https://reddit.com/r/awakened/comments/1qh86y0/awakening_is_for_everyone_and_it_is_guaranteed_by/,Reflection,2026-01-19 16:04:54,1,10,USMLEToMD,"frustration, confusion, insecurity",3,"""I'm right, you'll only become enlightened if you agree with me, and if you disagree, you can't become enlightened, so just read my book""


Nice cult pitch OP, but if I pay this other guy all my money he says I'll become a Level 3 Lazer Buddha and your cult seems a bit low on titles right now so I'm gonna pass","I think what you wrote is true and what we all will understand, but I do not appreciate you promoting material content as you are lowkey violating the subreddits terms on promotional material as it's a large part of your post slipped in. I took a look at your other posts too and you're doing that there as well.

Shame.",Another word salad. You have no idea how lost you really are or what the true Awakening is. But evidently that is OK because after all you are a God right.
1qh00nq,awakened,Recruitment to Participate in a Study on Kundalini Awakening Precipitated by or Co-Occurred with A White Light Phenomena,"

Hello everyone 👋



I’m a postgraduate researcher at Alef Trust studying how people *integrate a Kundalini awakening that was precipitated by or co-occurred with a white light phenomena*. If this describes you, I’d be grateful for your help. With your experience, the study’s results may help develop safer, more effective integration guidance for people navigating Kundalini and white light experience and for those who support them.



**What’s involved**:



• Anonymous screener (via the QR code) 

• 60-minute Zoom interview (separate consent form and pseudonyms used)



**Who can take part (inclusion**):

• Age 25 years and above, fluent in English

• Experienced Kundalini awakening with a white-light component

• 5 years of ongoing integration (e.g., meditation, therapy, spiritual/embodiment practices)

• Feel stable enough to reflect on your experience



**Who we can’t include (for safety/ethics)**:

• Current spiritual emergency or active psychosis or recent psychiatric hospitalisation; or

• Psychological distress requiring support from a mental health professional within the past 5 years



**Privacy & consent**:

• The screener is anonymous and no identifiers are collected.

• Participation is voluntary, and there is no remuneration or payment for taking part in the interview.



**Interested?**

→ Kindly fill the anonymous screener via the QR code and you will be contacted to schedule a 60-minute recorded interview if eligible.



*Posted with moderator permission. Thank you for considering — and feel free to share or ask any questions.*",https://reddit.com/r/awakened/comments/1qh00nq/recruitment_to_participate_in_a_study_on/,Help,2026-01-19 09:49:11,1,1,Major-Eye7128,confusion,0,,,
1qgvzom,awakened,Funny experience,"Had a funny experience recently. My friend visited for a few days and I am older than him so usually he always seems to learn something from me, at least seemingly to me based on his questions and reactions. This time however as usual I would yap about life and new experiences and what i had recently learned and he stayed quiet mostly and asked less questions than usual when the topic of awakening had come up. At some point we were talking about doing what you want with life and i was talking about how thoughts and emotions and identifying with them can completely change our trajectory and life experience and we are deliberately made to use the ""software"" of life in the wrong way so they can sell us plugin softwares and snacks and such to cope with not being able to use the software metaphorically speaking. Now this friend and I have been friends for very long and can talk about anything and everything. Lol tho at some point he tells me ""Man tbh this all sounds some that new age crap"" and he proceeded to use some of his techniques that are kind of trick questions to find flaws in my ""narrative"" and kind of treat me a lil bit like a person who is ""losing it"", which i found rly funny, though of course i had other feelings as well. The conversation ended with me just telling him i understand his concern but the difference is this is from within and i spoke of nothing but practical application of what is available to everyone and i suppose he couldn't rly say anything after that though i dont know what he rly thinks as of now. I share this story because i simply want to. As this is the first time someone SUPER close to me had looked at me differently without fully hearing me out. The programming is pretty strong as me and this friend tend to talk about conspiracies and all that all the time and yet when it comes to facing ""self"" the resistance is like those movie scenes where you see suddenly a bunch of doors close one after another and locking. Thats what i picture when i see people hear this info and kind of peak at the ""forbidden"" and see how much ""work"" it may take(i say work for a lack of a better word). Though ironically its liberating and weight off one's shoulders. It made me realize over past week how insane the programming is. Its equivalent of convincing someone the sky is black, its that radical, as some may know that the present moment is ordinary and its completely different way of operating when from within it. Anyways kind of went of tangent here but ya its an experience, to have had that happened to me, that in a weird way I am also grateful for.",https://reddit.com/r/awakened/comments/1qgvzom/funny_experience/,Reflection,2026-01-19 05:52:54,4,18,badboygaga,confusion,4,"I’ve experienced this too. It’s so interesting to see, right? Like a glitch when the consciousness has hit a ceiling. It kinda makes them angry bc somewhere deep down they think they should be able to understand what you’re saying, but it’s just out of reach or something.","I literally just made a poem about this exact thing a few minutes ago. I was thinking a lot about ""Plato's Cave"" and ""The beautiful ones from mouse Utopia"".

I tried posting on here but I don't have the Karma to get the the auto mods 😝

But still, thank you for your post 🙏🏾",Are you confident you fully heard your friend out? You claim you don’t even know what he thinks now. I’m guessing because your narrative of being in the right made it difficult to do so.
1qgt671,awakened,"Stages of Awakening | A Reflection on the ""Self""","Something has been happening to me very slowly over a long period of time. This post was originally a personal diary entry. However, rather than keeping it locked up, I thought it best to gather insights from a broader audience. I am by no means an expert, and this is a rather simple conceptual model of the process as I am experiencing it. I'm just someone going through something and thinking about it.

Feel free to poke any and all holes in my model. I'm open for discussion; Don't be afraid of offending me, this isn't about emotions, it's about truth.



**Definitions**

I use the term ""Self"" to mean an individual's conception of themselves. It is a persons answer to the question ""What/who are you?""



**The Body** | The physical components of a person. (Hands, Brain, Torso, etc.)

**The Mind** | The conceptual components of a person. (Thoughts, memories, beliefs, emotions, etc.)

**The Consciousness** | That which is aware of itself.



**Stage 0** \- No distinction between the ""Consciousness,"" ""Mind,"" or ""Body""

Achieved by birth.

I see with my eye's

A person views themselves as THEIR ""body"" which exists over a period of time.



**Stage 1** \- Distinction between the ""Mind"" and ""Body""

Achieved through thinking about everyday life.

I see through my eye's.

A person views themselves as THEIR ""mind"" which is occupied in THEIR ""body"" which exists over a period of time.

e.g. there are times my body wants something that I do not.



**Stage 2** \- Distinction between the ""Consciousness"" and ""Mind""

Achieved through thinking about everyday life.

I see with my mind, through my eye's.

A person views themselves as THEIR ""consciousness"" which is occupied in THEIR ""mind"", within THEIR ""body"" which exists over a period of time.

e.g. There are times my mind shows me things that I don't want to see.	



**Stage 3** \- Separation between ""Mind"" and ""Body""

Achieved through philosophical thinking.

I am not my body, just my memories, thoughts, and emotions.

A person views themselves as THEIR ""consciousness"" which is occupied in THEIR ""mind"" which exists over a period of time.

e.g. The body is a ""drone"" that my mind uses, but it is not me.

The body is no longer apart of the conception of ""Self.""

A person at this stage no longer worries about unchangeable physical features of the body. They do no allow their physical condition to internally affect them.



**Stage 4** \- Separation between ""Consciousness"" and ""Mind""

Achieved through philosophical thinking, Meta Emotion, & Meta Cognition.

I am not my body, memories, thoughts, or emotions.	

A person views themselves as THEIR ""consciousness"" which exists over a period of time.

e.g. The mind is a ""computer"" that my consciousness uses, but it is not me.

The mind is no longer apart of the conception of ""Self.""



This is possibly the most painful stage as it requires TRUE ""Ego Death."" i.e. You lose all conceptual foundation.

Essentially everything that was once held true becomes relative and certainty disappears. In other terms, you notice & accept the absurd. That two completely contradictory thing's can be 100% true at the same time.  You no longer identify/define yourself with Belief Systems, Nations, States, Societal Norms, or other people. 

You see that personal preference, wants, desires, obligations, etc. are a myth created by the mind. You realize and accept that ""Nothing Really Matters.""

You notice that beliefs are based in axiomatic truth, meaning they can be either accepted or rejected. After completing this stage, both choices are equally true and valid. (The absurd)

Experiences, past and present, are no longer labeled good or bad.

You can start to TRULY connect with people. You no longer talk to other peoples bodies / minds, but rather directly to their consciousness. 

People typically get stuck here, since the mind / ego typically fights back. A true nihilist, existentialist , or absurdist has typically been at this stage before, but has not necessary completed it.

A person at this stage no longer judges themselves, other people, or things since there is no conceptual foundation that can be used to make value judgments. If you are not your body, thoughts, memories, emotions, etc.; No one else is either. 





**Stage 6** \- Presence.

Achieved through philosophical thinking & experience.

A person views themselves as a ""consciousness"" at a infinitesimally small moment in time.

e.g. I am only in the ""here & now"" the past is no longer, and the future has yet to be.

At this stage, the concept of ""Self"" falls away entirely. Essentially, we no longer have anything with which to differentiate anything. There is still a body and a mind, which are related to the ""Self"" but they are no longer apart of the ""Self"".

The ""Self"" becomes intrinsically connected with everything. In some sense, this means the ""Self"" doesn't really exist at all, it's just a manifestation of a consciousness, or rather, the consciousness, which experiences.

At this stage, Time cannot be wasted. It can only be experienced as it is.",https://reddit.com/r/awakened/comments/1qgt671/stages_of_awakening_a_reflection_on_the_self/,Reflection,2026-01-19 03:31:45,2,1,SufficientWestern243,"frustration, confusion, fear, disappointment",0,,,
1qgric0,awakened,Awakening documentaries?,"My partner has been showing an interest in spirituality for the first time. 

Can anyone recommend any documentaries that might complement or help inform his awakening journey?

Alternatively, any docos about abundance or manifestation? Trying to appeal to his specific goals and interests 😂

Thanks in advance x",https://reddit.com/r/awakened/comments/1qgric0/awakening_documentaries/,Help,2026-01-19 02:14:18,3,4,jerrryboree,frustration,2,https://awakentheworld.com,"reading anything Carl Jung, start with dreams and reflections",
1qgesnn,awakened,"A conversation with a fool,","Is this not meditation 🧘? The emoji.

THATS MEDITATION!

20 minutes sitting down, cross legged, shoulders back, neck and head back, chest up, hips in, stomach in. No finger eye tongue toes movements. No thoughts, and have the same breath on repeat. 

Degenerate to GO FULL MONKEY MODE! OOH OOH OOH OOH!

Who is more conscious of duality and nonduality than me?! SHOW YOURSELF! ANNOUNCE YOURSELF! 

Controlled aggression. 

Taunt attack: You cannot meditate like I can! 

“He narrates his attacks so people know he is doing it playfully and consciously”

“He adds dissociative quotes to show people how aware of what he is doing he is”

You see, I’ve learned a lot from this new player, rectal heretic or something, 

Question for the fools and masters alike: What is the choice, action, doing, or behavior that has the largest spiritual effect? 
 
East Duo - Chubina ",https://reddit.com/r/awakened/comments/1qgesnn/a_conversation_with_a_fool/,Play,2026-01-18 17:35:25,2,69,blahgblahblahhhhh,"frustration, confusion",4,">Question for the fools and masters alike: What is the choice, action, doing, or behavior that has the largest spiritual effect?

Clearly it’s endlessly posting and commenting in the subreddit called Awakened, or so you believe.","# A conversion of a fool

[](https://www.reddit.com/r/awakened/?f=flair_name%3A%22Play%22)  


What is meditaiton 🧘? I don't know.

THATS MEDITATION!  THE LITTLE MAN IN THE ICON IS MEDITATION.  🧘🧘🧘

20 minutes trying to sit down, cross legged, shoulders back, neck and head back, chest up, hips in, stomach in. No finger eye tongue toes movements. Nothing happened I keeped breathing and nothing happened!

Deterrgent to GO FULL MULTI SPIN MODE! SWISH SWISH SWISH SWISH SORRY WASHING MY CLOTHES

Who is more conscious of many hallucinations than me?! SHOW YOURSELF! ANNOUNCE YOURSELF!

RAGE MONSTER ACTIVATE.

Taunt attack: You cannot meditate because if I cannot do it no one can.

“Is that blahgblahblahhhhh over there talking to us again?”

“He's disassociating himself from logic to show people how awakenening to nothing he is”

You see, I’ve learned a lot from this rectal thermometers or something, like the proper temperature to meditate at.  98.7 fools!

Question for the fools and masters alike: Why is nothing ever gained from mediation?","> What is the choice, action, doing, or behavior that has the largest spiritual effect?

To me, that would be any action that is aligned with the greater good of humanity and by extension life as a whole. The scope is broad but essentially, such actions would necessarily involve a recalibration of the individual’s self-prioritization while encompassing the well-being of the ecosystem which makes life as a human being possible at all."
1qgc4uc,awakened,"Any pro tips or insights in protecting your energy, or fortifying your mental in any ways?","I’ve recently feel like i’ve evolved, and i’ve been increasingly aware and sensitive to other energies - I feel like i’m being “observed” more, it’s hard to explain. I recently purchased some black kyanite as some research told me that helps with “protection” 

Especially around night / sleeping, I feel particularly more “preyed upon” in a way that makes me a bit uncomfortable and would love to do anything in my power to preserve my space in every way I can. Thanks for any insight 🙏",https://reddit.com/r/awakened/comments/1qgc4uc/any_pro_tips_or_insights_in_protecting_your/,Help,2026-01-18 15:55:18,1,6,newh0pe,frustration,6,"The notion that we need to protect our energy is a misdirection, designed to keep us afraid and looking for protection, clutching at things like crystals.

It may be that you still have some things to work out of your system and so need to tangle a few more times to learn a few more lessons, but eventually you'll tire of that. Then it will become clear that being yourself and loving yourself is sufficient, nothing can upset that peace once achieved, and you'll carry it everywhere you go.","The universe is reflective in nature, it's consciousness observing consciousness.

Feeling like being observed by something a bit dark or maybe dangerous, that might have to do with a belief that you are vulnerable to be controlled by something larger and not being able to do something against it. It could be rooted in early life experiences where you might have felt helpless for example.

But we can experience life freely without having this fear, and experience that we are more powerful than that, a source of light ourselves. Meditating on feeling safe can help.","Yes, energy is never lost because of other people, only because of yourself.

Give up thinking about things like these, this is where you are wasting energy."
1qg99p9,awakened,The Final Battle against the Self (Finale Part 1/2),"# WALKING THE PATH TOGETHER



**Part 63: The Final Battle against the Self**



“Every story ends with Death,” speaks the Stranger to the Seeker, as they follow the Gang on the Golden Path. Moving ever closer to the great spiral staircase.

“Death will eventually await each of us at the end of our story. And yet we still fear it. We know that our body will eventually decay. We know that all memories stored in our brain will eventually disappear. We know that even our name will after some generations be forgotten. There is no permanence in the Human experience. All will change, die and be born anew. It's the natural process of time.

Even though we all know that Death will eventually come for us, we fear it's arrival. We fear the end of our story. The Discontinuation of the accumulation of Memory. The end of identity, thought and experience. We fear the Unknown. This uncertainty of what comes next scares us. Because the Self only operates on what can be known. And so that which cannot be known, the Self does not want to see. We look away, when Death approaches us. We escape in distractions or we fall into despair. The Fear of Death lingers in our subconscious and influences our actions, sometimes directly, sometimes subtle. Until we are willing to take a closer look into this Fear, where it originates, how it influences our thoughts, words and actions, we will be controlled by it.

And so we must ask: Who is it that fears death? Is it not the Ego? The image of Self in ones mind. Where is this Fear found? Does it not arise in thought alone? Thought which is conditioned by society and programmed by personal experiences. Thought has created the idea of a separate 'Self', as a bundle of memories, identities and Beliefs. Awareness then identifies with this Belief in a fixed Self and attaches to it's own mental image. And as long as there is an attachment to a Self-Image, there is a Fear of losing that very image. As long as there is identification with the body, there is a fear of losing the body. As long as there is an attachment to memory, there is a fear of losing the memory. As long as there is identification to the patterns of thought, there is a fear of the Silence after the story ends. As long as there is attachment to what is known, there is a fear of the Unknown.”



“Hold on,” interrupts the Seeker, carrying the Book of Humanity in their left hand. “Why are you talking about Death all of a sudden? Am I going to die?”



A sad smile paints the Strangers face. “Don't worry. Your story isn't over yet. A new adventure will soon be calling you. The stage will change and this time you will walk alone. But there is no need to fear what's ahead of you, because this time you carry the Book of Humanity. This changes everything. As long as you don't lose it, we have already won. Even if you forgot the things we learned together, the seed of Truth is already planted in your mind. If you nurture the seed, the realizations will eventually grow into a sturdy tree. A tree that can never be shaken by the winds of fear and illusion.

Now what are we supposed to do with this fear? The fear of Death, that has bound Humanity to a cycle of suffering since the beginning of Time. We have separated Life from Death. We chase after Life and run away from Death. We say Life is good and Death is bad. But Life and Death are one and the same. There cannot be Life without Death, just as there can't be Death without Life. Time will always pass on Earth. This is an irrefutable fact. Now you can either accept this Truth or you can resist it. If you accept Death as a part of Life, you will no longer be controlled by the fear of it. But if you keep resisting Death, it will always create more suffering in your Life.”



“I find it hard to accept Death,” admits the Seeker. “After all, I can never truly know what happens next. What if there is just Nothingness? What if my existence just vanishes in the blink of an eye? The idea scares me.”



“You know, perhaps instead of trying to figure out what happens after Death, perhaps you need to remember what happened before Life.”



“Nothing,” responds the Seeker. “There was nothing before Life. Just nothing. No memory, no idea. Utter darkness. Not a single thing. I just simply didn't exist.”



“You are trying to remember with your brain,” points out the Stranger. “But your brain can only store memory of events that it has actually recorded. So how is the brain supposed to have access to information from before you even had a brain? It can't. Perhaps you are using the wrong instrument. Perhaps the answer to what came before and what comes next cannot be found in the limited mind. So what other instruments do you have? Your sacred Heart? Your energy field? Awareness? Is it your own personal awareness? Or is it just Awareness? And when the Body is gone, will awareness also be gone? Or will it just seize to operate from a localized point of observation? What even is awareness? Is it the awareness of an individual human or is it the awareness of the entire system of Reality being aware of the human?

Who even is it, that is aware of being aware? Awareness was never born and will never die. What if truly everything in the visible universe is contained within awareness? If it is so, it would mean that you are not a Human experiencing the universe, you are the Universe experiencing the Life of being a Human. Now you ask what happens after you die. What happens after you wake up from a Dream? You find yourself in an even greater, more vivid dream. So is it Turtles all the Way up? I'm not asking these questions with the intention to answer them. I am asking them, so that you ask them yourself. Because the answer was always hidden within you.”



“You talk as if you know,” calls out the Seeker. “I have heard that when someone reaches enlightenment they remember their past Life's. But to me the idea of reincarnation just sounds like a Belief that people seek comfort in to escape the fear of death. It cannot be proven. But I still want to know. If you truly know, then tell me what happens before Life and what comes after Death. I need to know. Give me anything. Even if it's just a single word.”



“It wouldn't do you any help. You will just try to rationalize it, to understand it with your mind. To interpret it, to imagine something graspable. But you can't. Because it will not be spoken to reach your mind, but to penetrate something deeper. Now if you truly listen not with your mind, but with the depths of your astral heart, then there is a chance that it will spark something within you. Something beyond comprehension will stir within you. A remembrance. Now will you listen, not as a Seeker, not as a Human, but as a Soul?”



“Yes,” nods the Seeker. They close their eyes and place their palm around their heart.



The Stranger takes a deep breath and whispers softly: “Infinity.”



Warm shivers flow down the Seeker's spine, as the word deeply resonates within and warms up their heart.





Meanwhile Aphrodite Urania also moves towards the Stairway. On her right shoulder sits a Songbird. On her Left shoulder sits a Scorpion. They navigate her through the Forest.



“So you are friends with the Seeker, Lachlan?” asks Aphrodite the Scorpion.



“Oh yes, me and the Seeker go way back,” lies the Scorpion. “Jumped into the Great Shift. Visited them in YouTown. We even crossed the Abyss together.”



Aphrodite nods with skeptic eyes. “Say... Perhaps I was just imagining things, but I was pretty sure that I heard two voices behind that hedge. Was there anyone with you?”



The Scorpion fakes a grin. “Oh, Sometimes I am just thinking aloud. It's a bad habit, but when I am alone I speak to myself.”



She raises an eyebrow. “There was really no one else with you?”



The Scorpion looks away. “Of course not.”



“Look,” chirps the Songbird on her right shoulder and points her wing up ahead. Aphrodite stops. She stands outside the forest in plains of grass and flowers. The storm is gone, the clouds dissolved. Now the blue Sky has returned. The Great staircase is only a Kilometer away.





Meanwhile on the Golden Path, the Capybara flirts with the Bunny, who is connected through a golden thread with the Seeker.

“So... Umm... How about you join the Gang. You would be a perfect fit. I heard you play the triangle. That's exactly the one sound that we are still missing to complete our orchestra.”



“It's not often that people value the sound of the triangle,” blushes the bunny. “However I already found my people. I belong to the tribe of Humanity.”

The animals behind her mumble.

“Then join us as a representative,” suggests the Dude with heart shaped eyes. He throws himself to her feet. “Please... I beg you! I would do anything to get you to join our team. I'll make you my Queen. I yield to Bunny-Girl Sovereignty!”

The bunny looks both flattered and uncomfortable.



“Huh,” whispers the observant Raccoon to the Zebra. “Turns out the Dude is just as much as a Simp, as the rest of us. Who would have thought...”

The Zebra begins to sweat and stares directly at the animal spirits connected to the Seeker through a golden thread. The Zebra gasps:

“Hold on... Did I just hear correctly? The Tribe of Humanity? Now that I take a closer look at the Newcomers, aren't they all walking Legends? The Phoenix Prince, the Rooster, the Pigeon, the Squirrel, the Goldfish... Aren't they the ones, who first jumped into the Great Shift?”



The Raccoon strokes his chin. “Now that you are saying it, I guess you are right. They did seem familiar to me, earlier. So that means that they are the legendary Group ZERO.”



A couple rows behind the Raccoon, the Punk Chicken walks next to the silent Moose.

“You know, I don't actually believe in the existence of time zones,” chats the Rooster casually.

“I believe this concept is actually a scam made up by flight corporations to exploit and control it's passengers. Airlines just shift the clocks around to make schedules look better. But it's all just a big cover up so that passengers don't notice how much time they are losing.”

The Moose gazes at the Rooster with an open jaw. He is utterly speechless.





Further down, at the back of the Line walks the Seeker next to the Mysterious Stranger.

“So is it possible for us to live with Death every day instead of running away from it?” questions the Stranger.

“Not the Death of the physical body, but the Death of the false image of Self. To end it, whenever it arises in thought. Whenever it grabs your attention. To end the attachment to memory. This means to operate in the present moment instead of the past and future, embodying a constant flow of presence in the now. Because the 'Self' was never a fixed thing to begin with. It changes itself with every new memory that it identifies itself. And so the Self is in a constant process of becoming. Now can you shift from the state of becoming into the state of being? Where you no longer pay any more thought to your Self, than is necessary? So that every day a new 'you' is born and any emotional imprints from the past no longer affect the present? When you have reached this point, then truly the Fear of Death will no longer haunt you.”



The Seeker is lost in thoughts. “Sorry... I wasn't listening. It's just... I'm still processing what you told me earlier. Why does it feel so familiar. Infinity... I mean it's just a word and yet for a short moment it stirred something deep inside me.”



“Take a deep breath and look around you,” speaks the Stranger with open arms. “Look at the golden path. Look at the lake of Human consciousness. Look at the pine trees along the path. Pull yourself back into the present moment. Be aware of your surroundings. Just marvel at the beauty of nature. Be amazed by its realness. It's apparent denseness. How solid it all appears. Just as intricately designed as words written on a piece of paper. Created with intention. Anchor yourself in the present moment, where the inherent divinity within all things is recognized.”



The Seeker looks around, takes a moment and raises an eyebrow. “So what exactly does this place here represent? You told me some time ago that the outer reflects the inner. You told me that each symbol has a meaning. What does the forest, the path, the lake, the staircase and the Kingdom represent?”



“The forest represents the unconscious mind,” explains the Stranger.

“In it's darkness lingers the Unknown, but when you shine your Light on it, you see that you never needed to fear it. The Golden Path represents the Timeline that you are currently aligned with. The Lake represents the depths of the collective Human Consciousness. Be wary not to fall into it. The Stairway represents the upward spiraling path of Ascension. At the end of the Stairs you'll find the Secret Eight Gate. Or the First Gate of the Next level. The Kingdom of Heaven. Some call it Shambhala. Others used to call it Hyperborea. Vaikuntha. Paradise. But it's name doesn't matter. What matters is that it always existed already within you. This hidden gateway into the higher dimensions of Divine Consciousness.”



Suddenly a loud, deep voice catches the Seeker off guard: “FORTY YEARS! I kept my vow of silence for Forty Years, until you came along and messed it all up!”



The Seeker traces the sound back to the Moose, who walks next to the Chicken. “I didn't speak when I lost my job. I didn't speak when my wife left me. I didn't even speak when I served my jail sentence. I remained silent. No matter what nonsense I had to endure, I remained silent. But you... You are just so stupid... So utterly stupid, that I can't contain myself. You broke me. You tested my patience like no one before! Now Forty years of progress gone, all because you just wouldn't shut up!”

The Rooster stares at the moose. He blinks slowly. “So you think I am wrong about my theory on time zones?”

“IT'S NOT A THEORY!” yells the frustrated Moose. “You just don't understand how Planetary Rotation works!”



A high-pitched voice catches the Seeker's attention.

“What's that book in your hand?” questions the nosy Butterfly, who swirls around the Seeker's head.

The Seeker looks at the cover of the sealed book of Humanity. “I am not quite sure myself... I was told, that this book contains the answer to mysteries that I don't even know I am seeking. But first we need to open it.”

“We?” questions the Butterfly.

“Well, me and the Strang--”



Suddenly the Seeker bumps against the Moose. Everyone has stopped. Every motion before the Seeker halts. They have arrived. They stand before the giant marble staircase spiraling up into the heavens. The Seeker stares in awe at the giant structure until they feel something pull at their shirt. It's the Bunny.

“Ummm do you have a moment?” she asks.

“Sure,” responds the Seeker.

The Bunny takes a deep breath. “So ummm... I talked with the Capybara and he invited me into his group. He said he'd be cool with me being part of both groups. Like the representative of Group One within the Tribe of Humanity. I said that I would first discuss this with you. What do you think?”

The unsure Seeker looks at the Stranger.

“Trust your heart,” advises the Stranger.

The Seeker feels their heart center. “Okay. Sounds like a good idea. This way, we all stay connected.”



The Golden Chord, that connects the Seeker to the Bunny, pierces through her back, turns into a red-white color and connects with the hearts of the Capybara, the Crocodile, the Butterfly, the Raccoon, the Red Panda, the Tiger, the Zebra, the Moose, the Koala, the Budgie and the Starling. Through the Bunny, the Seeker is now connected to Group one. They feel a sudden surge of energy. An awareness of each ones unique essence. A taste of their souls.



The Capybara takes another hit from his instrument. The Crocodile carries him right up to the giant marble staircase. He gets off her back and climbs on the first step.

“We made it, my Dudes. After so much walking, we finally arrived. The Spiral of Ascension... After all of our shifting, we are now synchronized with the flow of the upward spiral movement. We made it, my friends. After all our struggles, we finally--”



Suddenly from the heavens roars a thunder. A wind gushes over them from the East. Something massive crashes against the marble structure and breaks some steps, creating a huge gap. The Staircase anchored to the clouds still stands, but a huge piece broken away. A Beast, fallen from heaven, arises from the dust.

Shaken by the broken stairs, the Capybara loses the grip of his bong, it falls out of his hands down into the gap between the stairs and shatters. Broken glass shards everywhere.



“Noooooo,” shouts the Capybara and falls to his knees. “How am I supposed to make Chillstep Now?!”



When the dust settles, it reveals a Six-headed serpent with four legs, wings and horns on each head. Red-Black of Color.

“First you need to get through me!” hiss Six Twisted Tongues at once, spitting toxic fluids that melt even through marble. “I'd rather shake the foundations of heaven, than let you pass through!”



“I-I Knew it!” exclaims the Seeker in fear. “This is how I will die, right?”

All the Animals whisper in panic at the threatening figure of the Six-Headed Dragon. Most are frozen in shock, some cower in fear, others hide away, some stand in fight stances.

“This is it,” whispers the Stranger to the Seeker. “The Final Battle against the Self. It's time. Seeker, you help the animal spirits to climb up the Heavenly stairway. I will fight against the Adversary. I will buy you time. He is too powerful but I will hold him off for as long as possible, so that you can all climb the upward-spiraling pathway.”



The Seeker's eyebrows pull together. “What? No. I won't let you fight alone. I am not leaving you behind. We'll beat his ass together.”



“The Animal spirits need your help. Without you, they won't make it. Don't worry about me. My path leads me here to fight my own final battle.”



The Seeker nods. “When I have helped them up to the stairs, I will come back and fight with you.”



The Stranger takes a Breath and steps forward. Suddenly all the animals stare at the Stranger in the Blue hooded robe who steps right in front. The Stranger takes out two swords. One Blue, one Red.

All the animals begin to notice the Stranger. The Form grows in size, with each step forward. The Stranger's transparent body matches the size of the great Beast. A glowing form, that shifts from physical to energetic.

Wielding both swords, the Stranger faces off against the dangerous beast.

“This time I will take you down once and for all,” declares the Stranger with a grin on his face.



“I WILL DESTROY YOU,” hiss six voices at once. The Warrior clashes against the Beast, both of equal size.





“Who is this?” asks the Koala in awe and points at the Stranger.



“No idea,” answers the Zebra. “Was he always with us?”



“R U FR?” chirps the Budgie surprised.



“Wait you guys didn't see him earlier?” questions the Starling confused. “Did you not listen to the conversations with the Seeker?”



“I always thought, they were talking to themselves,” considers the Zebra. Suddenly a Light turns on. “Wait is that why I call them 'they', because I refer to both? What the hell is going on? Why did I never see the Stranger until now?”



The Seeker walks forward to the Gap in the stairs between steps. “Come on, Gang. Don't waste any more time. We will all make it up to the Kingdom, TOGETHER!”



New inspiration flows into the spirits like a wave of Light. All of the animals follow the Seeker's lead. The Capybara still stands frozen in shock before the edge of the broken stair. The Seeker shakes the Capybara's shoulder and pinches his snout.

“Hey come back man,” speaks the Seeker and pulls the Dude back to his senses. “It's gone, man. You need to move on. You are more than just your habits.”



The Capybara snaps back and nods at the Seeker in gratitude. “You are right, I don't need to be high to make Music. This time a Chill Step won't do it, it will need a real Dub Step.”



The Capybara takes a run up, sprints over the gap between the stair and leaps over to the other side. As he moves, his presence alone creates harmonious melodies. The bass explodes, electronic music. DUBSTEP

As he jumps from one edge to the other side, he sings: “I can't sto-o-o-o-oop!”

He lands with a confident grin.



“What should I do?” contemplates the Crocodile. “Should I go Left or Right? I am so bad with directions. I only know the way, when the Dude stands on my back and navigates me? What should I do?”



“Follow my voice,” shouts the Capybara from the other side. He gives the Crocodile courage. “Seeker, Zebra, Moose, Tiger, can you swing her over to the other side?”



The four of them grab the Crocodiles body, heave her up and throw her over the other side.

“I believe I can fly,” sings the Crocodile mid-air.

She lands smoothly on the other side.



Next up the Raccoon stands before the edge.

“I am not sure if I am ready yet,” admits the Raccoon. “My drive still controls me. Pleasure is all I think about.”

“Have you ever tried a little retention?” asks the Seeker.

The Raccoon looks at them in shock. “How dare you mention that word in my presence?!”

“I just say a little Self-Discipline would probably help. Just try to reduce it a little bit so that you are no longer dependent. Then push for longer breaks. Just say 'NO' over and over again. I really used to have a thing for apples. But I learned that Self mastery sometimes demands sacrifice.”

“But... But my Harem?” questions the Raccoon.

“That's just a fantasy and you know it. You don't need a Harem. All you need is just one freaky Raccoon girl.”

The Raccoon takes a deep breath and leaps over the edge. He sings mid-jump: “Can't stop the spirits when they need you.”



He ends on the other side of the stairs. Next is the Red Panda's turn.

He sighs: “I knew I had this coming. I can't take my grudges and resentments with me. I need to forgive those who hurt me. Not for them, but to free myself.”

The Seeker looks at the Red Panda's small body and the wide gap between the stairs. “Hey do you need help?”

The Red Panda ignores the Seeker, runs up the stairs and takes a leap. He sings mid-air: “In the end it doesn't even matter.”

He jumps barely far enough to grab the step and pulls himself up.

“I don't need your damned help,” grins the small, prideful Red Panda from the other side.



Next the Zebra takes a deep breath. “Ha! This will be easy.”

He sprints up the stairs and jumps over the edge. But he jumped too soon and falls down into the gap. “Ouch. My ankle!”

With his head down, the humbled Zebra ascends the stairs again. This time he is more careful not to jump too early.

He takes a leap and sings mid-air: “In the desert, you can remember your name.”

The Zebra lands on his hooves.



Next it's the White Tiger's turn. She stands before the edge, hesitating to jump. “After everything that I have done... Do I really deserve to enter heaven?”

“Let the past be in the past,” encourages the Seeker. “It doesn't matter who you used to be, or what you have done in the past. What matters is who you are right now.”

“You are right,” snarls the white Tiger. “Even if I have eaten meat in the past, I won't do so in the future. From now on, I will only eat Fish.”

She leaps over the edge and sings: “Never a frown with golden Brown.”

She lands gracefully on the other side.



Next it's the Koala's turn. “I- I am afraid to jump. What if I fall? What if I hurt myself?”

“All you need is faith,” encourages the Seeker. “Faith that you will be okay, even when you step into the Unknown. Faith that if you fall, you will land on your feet. And whenever you fall you will just get up and try again. No matter what happens, you will turn every failure into a lesson. So there is no need to be afraid. Because Life has your back. I can give you a little extra push, if you want.”

The Koala nods. “Yes, please.”

The Seeker picks up the Koala and throws her through the air. She sings mid-air: “All you need is love.”

She lands on the other side and breathes out relieved.



Next is the Moose. He silently stares at the edge and then at the other side. He stares at the Seeker for a moment, then his eyes wander over the spirit animals and stop at the Chicken.

“I need to thank you,” speaks the Moose. “First I thought that you have ruined my vow of silence. But I have come to realize that my silence was actually a curse I brought upon myself. I thought that in Silence I find the peace I long for. But now that I speak again and can finally express what is on my mind, I realize that what you actually did to me was liberate me from my own delusions. Finally I can say all things I always wanted to say. Dude, you smell of weed. Raccoon, keep it in your pants. Zebra, you are an arrogant prick. Red Panda, no one takes you serious. Finally got that off my chest.”

The Moose takes a leap and sings mid-air: “Words are very unnecessary, they can only do harm.”

He lands on the other side.



“I liked him more, when he talked less,” whispers the Chicken to the Bear.

The Starling, the Butterfly and the Budgie fly over to the other side with ease.

The Starling sings: “Come as you are, as you were.”

The Butterfly sings: “Let the Sun shine in.”

The Budgie sings: “Around the World. Around the world.”



The Seeker looks around. “Seems like that is all of--”

An unfamiliar voice suddenly catches the Seeker's attention. “Excuse me, could you also help me over to the other side?”

A Chameleon suddenly changes it's color pattern blending out of the background into the foreground. Only now does the Seeker become aware of his presence.

“Who are you? Were you with us all this time?!”

“Yes,” admits the Chameleon. “I am with Group One, ever since we left El Dorado. I was just too shy to introduce myself.”



“Hold on,” shouts the Tiger from the other side. “So it was you, who deactivated the trapdoor in the golden Temple?”

“Then it was also you who warned me of the Hyenas in the Desert?” asks the Zebra.

“And it was you who returned to me my lost necklace,” realizes the Koala.

“Yes,” confirms the Chameleon. “And it was also me, who dropped an Apple from a tree to show you where the Budgie went missing. But I will no longer stay hidden. I am no longer afraid of being seen.”



The Seeker picks up the Chameleon and throws him over to the other side. Mid-air he sings: “No one knows what it's like...”

He lands on the other side.



Now all eyes stare at the Bunny. She speaks to the Gang:

“I will take the stairs later with the Seeker, after we have helped them defeat the beast. You guys go ahead. We will all catch up, as soon as we are done here.”



“Alright,” speaks the Dude. “We'll go ahead. We'll keep the Gates of Heaven open for you. Don't leave us waiting. We will be counting on you.”



Thus Group One climbs the Stairway to Heaven, following the upward spiraling path of Ascension. The Seeker, the Bunny, the Chicken, the Bear, the Fox, the Pigeon, the Dog, the Cat, the Squirrel, the Goldfish, the Goat and the Eagle all turn to the Stranger, fighting against the Six-headed Beast. The Final Showdown.



The Seeker stands right next to the Stranger, who faces off against the Beast. A blue energetic sword appears in their hand. “I did it. They all made it. I helped Group One to climb the stairs.”



The Stranger grins, while countering an attack from the Beast. “How does it feel? To support others without wanting anything in return? How does it feel to express true unconditional Love?”



“Pretty good actually. I even shared some of the wisdom, that I gained from our journey. And it actually helped them. It feels good, to use my knowledge to make a positive impact on others.”

The Stranger smiles and swings the sword against a serpent head. “See? You really did change after all. Who would have thought, that you are the same Seeker that we started this journey with? Don't forget this feeling. This is where true bliss and joy is found. By accepting your role in the grand scheme of things and being of service to the universe in all of it's infinite expressions.”



“Yes, I--”

The Seeker is interrupted mid-sentence, by a sudden constricting feeling in their heart. Like a sharp sting with a knife right into their heart center. The pain pulls the Seeker to their knees. A Dark chain made of pure Shadow encases the Seeker's heart. The chain envelops the golden Threads that connects the animals to the Seeker.





“Well, well, well,” hisses the voice of the twisted tongue. It's the small serpent, the one from the Seeker's dreams. He holds up a signed contract.

“I am here to claim what is mine. Your Heart. Does it hurt? Does it sting? Now that it's mine, I can do whatever I want with it. I can turn it hard as stone. I can destroy it. I can take it away and hide it, where you will never find it. Or... I can trade it in for something else... Like that Book that you are carrying for example.”

  


[**Click Here to read Part 2/2 of the Finale (THE FINAL BATTLE AGAINST THE SELF)**](https://www.reddit.com/r/We_Are_Humanity/comments/1qg8u2m/the_final_battle_against_the_self_finale_part_22/)



**for more content visit:** [r/We\_Are\_Humanity](https://www.reddit.com/r/We_Are_Humanity/)",https://reddit.com/r/awakened/comments/1qg99p9/the_final_battle_against_the_self_finale_part_12/,Play,2026-01-18 13:59:06,2,9,The-Unseen-1,"frustration, confusion, fear, loneliness, insecurity, disappointment",2,The final battle is making it through this wall of text,6+1 mean anything to you?,
1qg6mjp,awakened,Feeling like my partner is not here,Lately I have been feeling like my partner isn’t here with me even though there is a physical body. I keep saying in my mind he’s not here! He’s not here! He’s not here. Yes we recently got back together jan 31 2025 and we previously broke up October 29 2019. I don’t know what it is. I’m a Gemini and he’s a Sagittarius. I truly miss him.  It’s probably the frequency. But I feel truly alone. Every time I try to be happy something bad always happens. I know Sunday January 18 2026 is a new moon. Maybe my emotions are affected. I’m afraid to even touch him at times. And when he is upset or feeling emotionally exhausted. I get upset because I see his pain and I want to take it all away. I want him to be happy around me. But I feel like I’m the problem and I need to leave. I’m a college student undergrad B.A art major trying to do art as a spiritual practice and heal. Art has so much spiritual potential. I feel stuck financially. Being poor doesn’t feel right to us. It feels completely wrong. We had rich past lives. I should probably forget about that crush I had in elementary school. He noticed I wasn’t there and when I tried to reach out to him. I got in contact with his sister she told me they went to a different elementary school. How can that be? He’s been in my dreams constantly since 2023.  I have memories that we went to school together. So many things don’t add up. ,https://reddit.com/r/awakened/comments/1qg6mjp/feeling_like_my_partner_is_not_here/,My Journey,2026-01-18 11:48:17,1,10,hell_wagon24,"frustration, fear, loneliness",4,"I feel the same way about the people and loved ones in my life. I know how extremely painful it can be to see your loved ones turn into zombies, or seemingly lose their souls. It can be real. As the ego grows, sometimes we arent able to see the ones we love as easily as we used to. Theres no shame in this and its perfectly okay and natural and solvable.

The first step is recognizing how much you may be repeating old news or making things worse by your identification with the mind. The mind is a recording device that will repeat old patterns. You may be exacerbating the situation. You do seem to be in a lot of pain. Grounding, not identifying with thought, and meditating in the present moment will help. These are all cliche but they help.

Secondly, with enough practice, you can connect to people to make communication a lot easier. Im not sure how it works or what exactly we are connecting to, but it works to make communication feel much more real, effective, and grounding. I am still learning how to myself, otherwise I would explain how it works. Its sort of like taking a hand, like maybe your ego, and trying to find someone through their body. Its really odd to me still.

Lastly you arent alone in what you are going through right now.","What is your question?

Only 1!

Short and concise.","Your mind is completely scattered, you're talking about past lives, zodiac signs, and crushes from the past. All nonsense. 

Nobody can tell you anything because you wouldn't be able to hear anything.

Have you tried meditation?"
1qg2g7k,awakened,Identity became very solid then it started dissolving,"Since the very beginning of my life, I carried a strong belief: I can do anything.

I didn’t pick this up from books or teachers. I explained it to myself. I observed that successful people seemed successful mainly because they knew how to use their minds. And I believed God had created all human beings equally with the same potential. So I concluded: if I make my mind powerful enough, I can achieve anything.

This belief didn’t come from verified truth.It came from self-affirmation, logic, and assumption.Without realizing it, that belief quietly paved the way for a strong ego identity.

At a young age, I wasn’t aware that what I think and what I feel is not truth  it is my own creation. It felt real to me, so I treated it as reality itself. I didn’t want to listen to others. I wanted to find truth by myself.But the “myself” I was exploring from was deeply identified with this body and mind.There was a clear but unconscious perception:

This body that thinks, analyzes, decides this is me.

In that unawareness, I used my mind aggressively to the point of almost breaking it. Constant involvement with thinking created a very strong identification with thoughts themselves. If anyone questioned my beliefs, I defended them intensely. Challenges felt like threats.

At the same time, there was a strange openness inside me. Somewhere deep down, there was a quiet sense that I actually don’t know anything. That tension  between arrogance and humility kept playing out.

I kept correcting myself, pressurizing myself to act a certain way. Even with my mind, I interfered constantly. I didn’t like unnecessary thoughts, especially fear-based ones. So I tried to control the mind not out of wisdom, but fear and uncertainty.The more I tried to control, the more intense self-actualization became.And strangely, that intensity eventually opened the door to dissolving the very “self” I was trying to perfect.That shift did not happen through effort.It happened through grace through one person’s words sinking deep into me:

“You are not the body. Not even the mind.”

At first, it was just an idea. I wasn’t entertained by it; I didn’t believe it. But through meditation and simple yoga practices over the years, something experiential happened.A clear distinction formed.Thoughts still came.

The mind still functioned.But it was evident: I am not them.With that recognition, I slowly withdrew the authority I had given the mind to decide truth. Awareness itself became primary. I began allowing the mind to be exactly as it is  to think, fear, plan, wander without interference.One practice that became deeply integrated into my life is Shambhavi Mahamudra (also known as Inner Engineering). Through this, I saw clearly that joy is not something the mind needs to generate. 

Joy is the natural state when we stop interfering.Just like digestion  I don’t control it.I only decide what and how I eat.The rest happens on its own.I see the mind the same way now.I cannot stop the mind.But I can orient it.

I can conduct it.And that, for me,Not control.Not suppression. 

I just wanted clarity, not to control things. Letting life flow and enjoying every moment like it’s new.",https://reddit.com/r/awakened/comments/1qg2g7k/identity_became_very_solid_then_it_started/,Reflection,2026-01-18 07:42:23,52,13,SubjectSpecialist265,"frustration, confusion, fear, loneliness",3,"Well articulated. So much of my energy was being dissipated in unnecessary thoughts and emotions. I didn’t realise how much this was affecting me until I started practising Shambhavi Mahamudra and Isha kriya. Since then, i am able to actually choose what I want to think about, or not. And I can use my energy to work on my priorities.","I feel the same. I mean we all I think grew up not knowing a thing about the body or mind, just learning how to be productive to our families and our classrooms. I never thought there was another way to be outside that.

With Sadhguru’s programs, you’re slowly raising the kundalini, so you slowly get the freedom to look at society and distance yourself it if you choose. At least, it doesn’t affect or define you.","Good, now stop trying to orient it"
1qfwg6v,awakened,"99 statements that are controversial, radical, terse, and challenging from Eckhart Tolle's 3 books: Power of Now, Stillness Speaks, and A New Earth .","Eckhart Tolle , from his 3 books :

Here are 99 terse, controversial, and radical statements taken from Eckhart Tolle's 3 books :

1. “The ego is no more than this: identification with form.”  
2. “Enlightenment is simply your natural state of felt oneness with Being.”  
3. “The mind is a superb instrument if used rightly. Used wrongly, however, it becomes very destructive.”  
4. “Compulsive thinking is actually an addiction.”  
5. “The ego says: ‘I cannot live without this drama.’”  
6. “The past has no power to stop you from being present now. Only your grievance about the past can do that.”  
7. “You are not your mind.”  
8. “The voice in the head has a life of its own.”  
9. “Most people are completely identified with the incessant stream of mind, of compulsive thinking.”  
10. “Thinking is only a small aspect of consciousness.”  
11. “Enlightenment means rising above thought, not falling back to a level below thought.”  
12. “Emotion is the body’s reaction to your mind.”  
13. “Love, joy, and peace cannot flourish until you have freed yourself from mind dominance.”  
14. “All cravings are the mind seeking salvation in external things.”  
15. “Don’t seek to become free of desire or ‘achieve’ enlightenment. Become present.”  
16. “The greater part of human pain is unnecessary.”  
17. “The pain-body wants to survive, just like every other entity in existence.”  
18. “Fear is the ego’s constant companion.”  
19. “The ego’s needs are endless. It feels vulnerable and threatened and so lives in a state of fear and want.”  
20. “Time is an illusion.”  
21. “Nothing ever happened in the past; it happened in the Now.”  
22. “Nothing will ever happen in the future; it will happen in the Now.”  
23. “The Now is the only point that can take you beyond the limited confines of the mind.”  
24. “Suffering needs time; it cannot survive in the Now.”  
25. “Problems are mind-made and need time to survive. They cannot survive in the actuality of the Now.”  
26. “The only problem is the time-bound mind itself.”  
27. “You are never more essentially, more deeply, yourself than when you are still.”  
28. “The unobserved mind runs your life when you are not present.”  
29. “The ego sees itself as a separate fragment in a hostile universe.”  
30. “The ego is always seeking conflict because its sense of a separate identity gets strengthened in fighting.”  
31. “Forgiveness is to relinquish your grievance and so to let go of grief.”  
32. “The alternatives are pain and suffering, a greatly restricted flow of life energy, and in many cases physical disease.”  
33. “The end of illusion—that’s all that death is.”  
34. “True love has no opposite.”  
35. “All that arises passes away. This I know.”  
36. “Negativity is totally unnatural. It is a psychic pollutant.”  
37. “No other life-form on the planet knows negativity, only humans.”  
38. “The ego loves to complain and feel resentful.”  
39. “Being right places you in a position of imagined moral superiority.”  
40. “The belief that you are in sole possession of the truth… can corrupt your actions and behavior to the point of insanity.”  
41. “Identification with the voice in the head is the ego.”  
42. “The ego arises by identification with form, and deep down it knows that no forms are permanent.”  
43. “The ego’s fear and distrust of other people… is taken a little further and makes others into inhuman monsters.”  
44. “‘Hell is other people’—is the voice of the ego.”  
45. “The ego doesn’t know that mind and mental positions have nothing to do with who you are.”  
46. “The egoic mind is completely conditioned by the past.”  
47. “Wanting keeps the ego alive much more than having.”  
48. “Equating the physical… body with ‘I’ always leads to suffering sooner or later.”  
49. “You don’t live your life, but life lives you.”  
50. “The ego is the unobserved mind that runs your life when you are not present as the witnessing consciousness.”  
51. “Enlightenment is the end of suffering.”  
52. “Being is the eternal, ever-present One Life beyond the myriad forms of life that are subject to birth and death.”  
53. “The word God has become empty of meaning through thousands of years of misuse.”  
54. “The greatest obstacle to experiencing this reality is identification with your mind.”  
55. “The compulsive thinker… lives in an insanely complex world of continuous problems and conflict.”  
56. “Enlightenment is a state of wholeness, of being ‘at one’ and therefore at peace.”  
57. “Thinking has become a disease.”  
58. “You believe that you are your mind. This is the delusion.”  
59. “The instrument has taken you over.”  
60. “The beginning of freedom is the realization that you are not the possessing entity—the thinker.”  
61. “The pain-body, which is the dark shadow cast by the ego, is actually afraid of the light of your consciousness.”  
62. “Everything is shown up by being exposed to the light, and whatever is exposed to the light itself becomes light.”  
63. “The pain-body will continue to operate for a while and will try to trick you into identifying with it again.”  
64. “The origin of fear is the ego’s phantom nature and its constant sense of threat.”  
65. “To the ego, death is always just around the corner.”  
66. “The ego’s search for wholeness is a deep-seated sense of lack or incompleteness.”  
67. “The secret of life is to ‘die before you die’—and find that there is no death.”  
68. “The mind cannot understand this. Only you can.”  
69. “Nothing exists outside the Now.”  
70. “The Now is the only point that can take you beyond the limited confines of the mind.”  
71. “Suffering needs time; it cannot survive in the Now.”  
72. “All problems are illusions of the mind.”  
73. “The mind always seeks to deny the Now and to escape from it.”  
74. “The more you are identified with your mind, the more you suffer.”  
75. “The pain-body… can only survive if it gets you to unconsciously identify with it.”  
76. “The pain-body… will feed on any experience that resonates with its own kind of energy, anything that creates further pain.”  
77. “The pain-body wants you to want more pain.”  
78. “Unconsciousness creates the pain-body; consciousness transmutes it into itself.”  
79. “The split within is healed, and you become whole again.”  
80. “The psychological condition of fear is divorced from any concrete and true immediate danger.”  
81. “The ego’s fear of death affects every aspect of your life.”  
82. “Even such a seemingly trivial and ‘normal’ thing as the compulsive need to be right… is due to the fear of death.”  
83. “The ego cannot afford to be wrong. To be wrong is to die.”  
84. “The ego is always seeking for something to attach itself to in order to uphold and strengthen its illusory sense of self.”  
85. “The ego loves that. It is always seeking for something to attach itself to in order to uphold and strengthen its illusory sense of self.”  
86. “Time and mind are inseparable.”  
87. “The past gives you an identity and the future holds the promise of salvation… Both are illusions.”  
88. “Time isn’t precious at all, because it is an illusion. What you perceive as precious is not time but the one point that is out of time: the Now.”  
89. “The Now is the space within which your whole life unfolds, the one factor that remains constant.”  
90. “The Now is your only point of access into the timeless and formless realm of Being.”  
91. “Suffering needs time; it cannot survive in the Now.”  
92. “Problems are mind-made and need time to survive. They cannot survive in the actuality, the Now.”  
93. “The ego is cunning, so you have to be very alert, very present, and totally honest with yourself….”  
94. “Resistance is weakness and fear masquerading as strength. What the ego sees as weakness is your Being in its purity, innocence, and power.”  
95. “The greater part of human pain is unnecessary.”  
96. “The pain that you create now is always some form of nonacceptance, some form of unconscious resistance to what is.”  
97. “The ego arises when your sense of Beingness… gets mixed up with form.”  
98. “Identification with your mind creates an opaque screen of concepts… that blocks all true relationship.”  
99. “The inability to feel this connectedness gives rise to the illusion of separation, from yourself and from the world around you.”",https://reddit.com/r/awakened/comments/1qfwg6v/99_statements_that_are_controversial_radical/,Reflection,2026-01-18 02:33:37,28,8,useraccount0723,"frustration, fear",2,the thing about Eckhart Tolle is that much of what he says is just recycled Zen Buddhism.,"Thank you for posting this.  This really resonated and brought a focus on the now.  I'm going to read his books, is there one you would recommend to start with? 

In the meantime, I think I will just reread this everyday to bring me to this calm spot.",
1qfulq8,awakened,The Pointlessness of Spirituality,"The title of this original post is not what it may at first seem.  Originally, mind is universally whole and complete, and even if you were to travel the whole cosmos over there is not a single place that you wouldn't find your own mind.  Thus if space is infinite and knows no bounds, then mind is also infinite and without bounds as well...

There is no up or down, no wrong side and no right side, and there is no far or near.  What actual point could there be in the true formlessness and vastness of space and mind itself?  It is true that within the grandness of the absolute there really are no specific points.  How could there be?  Time, as in the here and now, is also an illusory point.  Mindfulness and even meditation are also points.  Can you remember how to be formless and pointless?

Your very position, as in your objective physical body, is also an illusory  point in unending space.  Why cling to it and create that concern for yourself when you aren't really what you believe yourself to be?  If there is a point then it resides only in the mind as a distinct focus in a certain area, creating complications and an instant illusory limitation on the vastness of mind itself.  How can one ever know true and limitless freedom of mind if they allow even a single focal point to create a limitation?",https://reddit.com/r/awakened/comments/1qfulq8/the_pointlessness_of_spirituality/,Catalyst,2026-01-18 01:09:04,6,8,WanderingRonin365,confusion,6,"Great question! The answer often feels paradoxical at first. For me, the aim was never self-fulfillment, perfection, or transcendence. It was peace. When the struggle to complete or define the self softens, action doesn’t lose meaning, it loses self reference.

In Buddhism, this is why liberation doesn’t bypass ethical conduct. The Dhammapada emphasizes stabilizing the mind, cultivating wisdom, and living ethically before liberation. Chapters 9–17 are almost entirely about how to live, not how to escape life. Awakening doesn’t remove responsibility; it clarifies it.

Taoism points to something similar. Wu wei isn’t inaction, it’s action without grasping. The Tao Te Ching repeatedly speaks about leadership, service, and restraint (especially chapters 17, 29, 30, and 57), showing that even without attachment, how we act still matters. The difference is that action flows from alignment rather than egoic striving.

Meaning doesn’t disappear when the self loosens, it shifts. Action stops being about me and becomes a response to what’s needed. Helping, creating, working, or caring doesn’t require belief in a permanent self, it arises naturally when resistance drops. In that sense, letting go of attachment doesn’t drain life of meaning; it mitigates the struggle that obscures it.","What you call ""spirituality"" is just you becoming aware of your subconscious mind. These sensations, or visions you get are merely mnemonic memories that often contradicts with your current narrative.",So it is. All ambitions are put to rest.
1qfpwzg,awakened,Children of the Back Row,"I hope this post does not get deleted! I wrote this today. This new moon is insane! Please enjoy 💖

**In an age where egotism has infected even the so-called awakened,**  
an age where everyone feels compelled to outshine the other  
in a quiet, ceaseless battle for the mind,

some of us have taken a back seat to the show.

Perhaps not by choice.  
Perhaps by nature.

The back seat is simply where we find ourselves—  
where we have always been.

Unable, or unwilling, to force our way through  
sardine-packed crowds of unconscious beings  
waving ideological swords at one another  
in a never-ending war of righteousness.

The back seat has become our home away from home.  
It is where observation comes naturally.  
Where distance sharpens vision.

From here, we watch those who must come first.  
Those who crave to be seen and heard.  
Those who demand attention  
and all the rewards that attention brings.

I have been a back-seat observer all my life.  
And on the rare occasions I stepped toward the front of the room,  
I was swiftly returned to my place—  
by those who occupy the spotlight  
and decide who fits within it.

The message was always the same:  
*You do not belong here.*

So the back seat became familiar.  
Comfortable.  
Honest.

But the show has grown tired for this passenger.  
Though the actors change,  
the script never does.

And every time, the crowds celebrate new faces  
performing the same tired roles  
in the same stale game.

A game rigged to favor a select few.  
With rules written by unconscious minds  
to govern masses of unconscious people.

All in service of a game.  
A show.  
A façade.

One we in the back row were never meant to play—  
because we do not follow the rules.  
We do not fit.

And the game is designed to push  
those who do not fit  
out of view.

Yet the back seat offers something the front cannot:  
an eagle-eye view.

We see what those in the spotlight miss.  
We see what those in the middle are too busy climbing to notice.  
We see the entire performance—  
and always have.

And we long for the day our souls are freed  
from the quiet ache of knowing the truth  
in a world constructed on illusions.

A game we are forced to exist within  
but seemingly powerless to change.

After all,  
what is the right thing to do  
when you realize you are awake  
in a room full of sleepers—

if not to sit quietly,  
remain watchful,  
and wait  
for others to awaken  
and take the seat beside you?",https://reddit.com/r/awakened/comments/1qfpwzg/children_of_the_back_row/,Reflection,2026-01-17 21:49:06,1,1,Primary_Owl3919,frustration,0,,,
1qfmuzw,awakened,What the Bones Remember,"# What the Bones Remember

Early humiliation does not stay in memory.  
It moves downward.

It settles in the shoulders  
before language forms,  
in the jaw that learned to hold still,  
in the chest that learned not to rise too much.

Rejection does not arrive as a thought.  
It arrives as posture.

As the way the spine learns  
to make itself smaller in rooms.  
As the pause before speaking,  
already braced for correction.

Muscles try to protect.  
Skin learns vigilance.  
But the bones —  
the bones are asked to last.

They carry the long weight of it:  
years of standing inside disapproval,  
of being looked at  
as the wrong version of oneself.

Bones do not argue.  
They absorb.

They remember the moment  
belonging was withdrawn,  
the quiet decision the body made:  
*I will endure.*

Even when the mind understands,  
even when life proves otherwise,  
even when love finally arrives —  
the bones are slower.

They are made for centuries,  
not reassurance.

So healing is not a correction.  
It is a soft, repeated message  
pressed gently into the frame:

You are allowed to take up space.  
You are not in trouble.  
You were never defective.

And one day, slowly,  
the bones loosen their grip on history.

Not because they forgot —  
but because they learned  
they no longer have to hold it alone.",https://reddit.com/r/awakened/comments/1qfmuzw/what_the_bones_remember/,My Journey,2026-01-17 19:46:23,2,2,Electrical-Orchid313,loneliness,1,Good thing I'm big boned,,
1qfkgsq,awakened,Wrote this while I was going through some kind of awakening. Does it make any sense to you?,"I am free. I am open. I am here, I am now. I am. I. What a peculiar thing, the I. What is it really?

I find it if I let go of the need to understand. When I stop trying to understand. I think understanding happens in the mind. 

The mind focuses intention into the manifest world. What is intention, when there is no ability to understand?

I find that inspired action arises when we no longer understand. A non-stop flow-state. We are free to do whatever the chest decides.

This chest sensation drives our actions, when we no longer understand. It fills us to the brim with happiness. This is what freedom means.

Is understanding the bad guy? It is certainly a mind-made concept. True understanding comes when we no longer need to understand.",https://reddit.com/r/awakened/comments/1qfkgsq/wrote_this_while_i_was_going_through_some_kind_of/,My Journey,2026-01-17 18:14:54,3,5,That-Fact-6590,frustration,3,"Beautiful. You got it, friend <3",Why is it important what makes sense to us,Understanding is not the bad guy. Trying to understand understanding is;)
1qfebro,awakened,"Have you read the book ""How to be aware""?","Of course not. Awareness is not a thing to be taught. Awareness will never be on the menu. Never be an option. Awareness is unconditionally. You were aware before there was an awareness of being. That you are aware is undisputable.

Your first mistake was the 'I am' declaration. The original delusion. The separate identity declared itself to be. The separate identity constructed itself. The separate identity is a construct to perpetuate the separate identity.

Now simply see the error of the way of the separate identity. This isn't happening or appearing to you or in you. All that appears is simply a modulation of awareness. 'You' are no where to be found. The idea of 'you' is an appearance, a modulation of awareness.

Awareness is nonnumerical. Let that be your mantra until 'you' are no longer appearing to be, until the seamless nature of being is realized.",https://reddit.com/r/awakened/comments/1qfebro/have_you_read_the_book_how_to_be_aware/,Reflection,2026-01-17 14:17:15,0,4,pl8doh,confusion,3,The spiritual ego,"I am studying the Vedas. You should do your readings too if you want to effectively communicate anything about awareness, including but not limited to, that awareness is to be found in your lived experience and not remain an imaginary construct. Or just to have a more cultivated mind in general.","come down, to earth.

get out of your mind.

and be real.

ok?"
1qf5ean,awakened,How do you let go of someone you know is bad for you?,"I’m in the process of going through a divorce after a very toxic marriage. My ex and I were together almost 6 years. The relationship was extremely intense — lots of fighting, insults, emotional chaos, but also a lot of passion. We always said we were “too alike,” which mostly meant we triggered the worst in each other.

We have two kids together. The relationship was an emotional rollercoaster the entire time.

Recently he was arrested for harassment after pushing me, and I now have a protection order. We’re not allowed to have contact for the next 3 months. This isn’t the first bad incident and not even the worst thing I’ve been through with him.

I know logically this is not the life I want. I know I deserve better. I want peace. I want to love myself and give my kids a healthier environment.

But emotionally… I can’t seem to let go.

I feel stupid for still missing him after so much disrespect and pain. I feel like I’m “ready,” but my heart hasn’t caught up yet. It feels like some kind of soul tie or trauma bond that I don’t know how to break.

How do you actually detach from someone you know is bad for you?

What helped you move on from a toxic relationship when your heart wouldn’t cooperate with your brain?",https://reddit.com/r/awakened/comments/1qf5ean/how_do_you_let_go_of_someone_you_know_is_bad_for/,Help,2026-01-17 06:03:26,8,15,Background-Bus-9385,confusion,10,"I think you have to just do the hard part and get it as far behind you as you can. The attachment will slowly dissipate over time, until you’re at a place where you can fill in the holes that he left with pieces of yourself you forgot about. Things you’re passionate about that you haven’t touched upon in a while. Slowly incorporate them one by one, starting with whatever calls to you first and most intensely. Eventually, you’ll realize that gaping hole left by his absence has been filled with true love for yourself.

You need time to grow into the version of yourself you wish to be. It won’t happen over night. It won’t happen in a few weeks. It’ll be work. It’ll be a process. But you can either choose to start now and love yourself to the best of your ability, or you can stay trapped in this vicious cycle of disappointment and regret. 

Oftentimes making the right decision hurts pretty badly for a while before it feels really good. It’s up to you to make this choice of difficult pain for endless possibilities, or to stay stagnant and “comfortable”.

I speak from experience and know how very difficult this situation is. But I also know you’ve got this and can make it happen.

Much love and growth to you",Honor your feelings. Allow it to be there. And just watch it go away on it owns.,"It’s like ripping off a band aid. You need to explore your identity as it relates to that relationship. We take on the identity of being with such and such person and we need to strip ourselves of that. It will make you feel naked at first but you will adjust. We also need to figure out what we are projecting onto them. Generally we see what we want to see and focus on the good qualities and think those will manifest in us. For example I dated a woman that was very educated and I liked that idea, it’s something I want for myself and it is self validating to have a partner that has that characteristic. Essentially you see in them the qualities that you crave in yourself, which can be either an ignoring of their bad qualities or magnification of good. 

But essentially ask yourself what did they awaken in you? Can you provide that for yourself? Can you live and just be and love yourself outside of the shadow of external validation that you get from a relationship. 

I think it’s natural to be attached to someone after being together 6 years and having kids. Of course there is going to be resistance even if the relationship isn’t good. Everything in you wants to make it work despite all signs indicating otherwise. You kinda just have to do it and then adjust. Like jumping into the deep end of the pool and then figuring out how to handle the cold once you are in there. You can’t figure that out on the diving board. 

You can’t think your way into right action but you can act your way into right thinking. "
1qf459f,awakened,Your Inner Life Is Not A Sealed Chamber,">

# Your Inner Life Is Not a Sealed Chamber

**Your inner life is not a sealed chamber.**  
**It’s a landscape you can walk in.**

I was told it was forbidden terrain,  
fog-covered, dangerous,  
meant only for endurance, not exploration.

They called feelings storms,  
as if weather had no patterns,  
as if the body did not know  
how to return to calm.

So I memorized maps I was never meant to use,  
learned words without doors,  
and called real things “mystical”  
because I was never allowed to touch them.

But the ground responds when I press my feet into it.  
The body softens when I let energy move.  
Anger passes when it is named  
instead of swallowed.

Nothing inside me is asking to be conquered.  
It is asking to be met.

There are paths here.  
Breath.  
Weight.  
Motion.  
Attention.

And when I walk them,  
the landscape changes.",https://reddit.com/r/awakened/comments/1qf459f/your_inner_life_is_not_a_sealed_chamber/,My Journey,2026-01-17 04:59:11,8,6,Electrical-Orchid313,confusion,3,Beautiful,Nice,"I read this as ""Salad Chamber"""
1qetb4p,awakened,Can we act outside of conditioning or is every action some form of conditioning?,"our personality/ego is clearly just memory, same way a car is just like a pile of metal not even that but through memory and conditioning we apply attributes to this metal and say it’s a car. we remember that we shouldn’t jump in front of the car etc. in the same way, our ego is just a set of conditioned and learned attributes that we have applied to the “object” of “me”. Getting rid of the conditioning would make no sense because we need to navigate the world and know that we “shouldn’t” jump in front of a car. So if conditioning has to remain, can we act outside of it, for example, if i am an anxious person(conditioned myself and learning to be that way and act that way) can I now act outside of this anxiety or would I need to create a new conditioned ego to naturally act in how I would like",https://reddit.com/r/awakened/comments/1qetb4p/can_we_act_outside_of_conditioning_or_is_every/,Help,2026-01-16 21:48:56,2,21,Sea-Cantaloupe3382,fear,10,"people can learn to act in a variety of was, despite having a habit formed.","Yes, it takes a series of small actions to make significant change. Feeling feelings to increase capacity. 

Feel → Stay → Soften → Meaning emerges → Regulate → Act (or not)","Once the ego is dropped the Whole is working through one. One is just a tool, like and arm or a leg of the Whole. 

The Whole responds to any situation the same second, no need for the mind or the ego.

Mind and ego are made up layers on top of reality. Once I am utterly relaxed with myself and with others, I become a hollow bamboo and the Whole can respond through me to any situation. If one is about to cross the road while a car is coming on, it will intervene. Only exception is, if one wants/is destined to have the experience of being ran over by a metal thing."
1qeqpyq,awakened,"When Higher Self shows you two past lives to remove doubt - case story of ""Jasmine"" (name changed for privacy)","https://preview.redd.it/mdj15t6dqrdg1.png?width=2816&format=png&auto=webp&s=b38d25fe8a29d977721cbce4fe5b317e17b43f34

  
  
Sorry my English is not native language, but I want share this story in honest way.

There is a moment in some soul journey sessions where person stops trying to figure it out with mind, and something bigger takes wheel. In Jasmine session, it happened in very gentle way. First she went to her safe place, a cabin in woods by deep blue lake, loons diving, pine trees all around. She said it was peaceful, and that word came again and again.

Then Higher Self guided her onto a white cloud, wet like mist, and it carried her back in time. Subconscious mind likes symbols. Cloud is like permission slip. You do not need push. You float. And for people who have doubt, floating is already message - you are allowed to be supported.

Past life 1 - The Overwatcher on mountain

First life appeared as man in early 30s, hiking boots, khaki shorts, beard, ball cap, long hair in ponytail. He was in pine forest and there was this feeling of duty, taking care of land. He was watching for fires, intruders, border intrusion.

Then scene got sharp. He saw darkness on other side of fence, like shade caused by group of invaders. Spears, shields, pelts, full beards. She described a Viking feeling even if the area felt different. There were 13 of them.

He did not fight. He observed. He sounded alarm, like shell siren, tribal communication. Troops came with breastplates, helmets, chain mesh, heavy boots. Fence reinforced. Fire and burning moat. Invaders retreated frustrated and defeated. And the feeling that stayed was simple - job well done, mission complete.

Later, when I spoke with Higher Self, I asked directly why show this lifetime. The answer was direct and practical. Aspects of self feed into now. She is still an overseer of land and light workers, not in physical world. She sees far and reads patterns early. But the veil needed removal - doubt was covering the gift.

This is important. Higher Self did not show her a cool scene for entertainment. It showed her blueprint. In this life, Jasmine does not need stand on mountain with siren. But she still has same function - she can sense where darkness is, warn, guide, redirect.

Past life 2 - Maria the Oracle in war time

Second life hit different. She became woman in her 30s, fear in body, being hunted in war. Streets with cobblestones and cars, fire, chaos. Three protective women in military gear moved her behind cars and walls to a safe house, like warehouse with fluorescent lights, long tables, supplies, cots.

And then came name. They called her Maria. She said she was community leader, oracle. She had sacred chamber where she would float in lotus position and access a network, a field of all. She saw it like gold net, gold strings of light. Ask a question and it is answered.

One moment stood out. A pauper came and asked if purpose was to stay. Oracle answer was that choice is yours. She felt if she stayed, darkness would overtake oracle and there would be no more wisdom.

Later, she relocated to more secure place, hilltop. New security measures. Pre-screening. Only individual meetings because group meetings created chaos and hostility. First visitor was mother with white veil offering fruit. Oracle compassion came through, and the message was abundance through receiving, not only giving. She blessed fruit with abundance and taught mother to accept.

Again I asked Higher Self why show this lifetime. Answer was that her field is being disrupted, and focusing on the network repairs the field. Also it helps her better understand her purpose and release responsibility for others.

So two lives were not random. One was overseer gift - seeing far, clear observation. The other was oracle gift - plugging into network, speaking guidance without carrying people on back.

Why doubt shows up (and why it is not personal failure)

When we got to Higher Self, the first message was almost tender. Relax. There is nothing that needs immediate attention. You are not behind. If anything, you are ahead of yourself.

Then we asked about doubt and Higher Self confirmed it. She did not believe what she saw was true. So we did a removal. She felt pressure in heart chakra, emptiness in solar plexus. After that Higher Self brought in replacement energy - trust intuition, it is right, no need to doubt.

Higher Self also said discernment is key because collective doubt is loud. She needs time and space with her new energy, so she can recognize what is hers and what belongs to others. Needs are not your own, not your responsibility. You do not need carry those people.

This is where many sensitive people get stuck. They feel somebody else fear and think it is their own intuition warning them. But it is just noise.

Moving forward - practical steps from this session

Jasmine did not leave session with vague advice. She left with clear directions:

Cut cords, repeatedly Cutting cord ceremony needs to happen many times, with max 10 days between. Do it from self-love, not anger, not rejection.

Rebalance masculine and feminine aspects Being out of flow was linked to inner conflict with male aspects not fully embraced, and rigid social dictations about roles. Healing instruction was to shift self-worth away from only achievement and doing, and into inner validation.

Creativity as medicine More creativity. Painting was shown. Not because painting is magic, but because it lets system integrate without overthinking.

Give time and space for actions to match words On attracting narcissists, Higher Self reframed it - she can see them for who they are now. Give time and space. Do not follow words, watch actions meet words.

Everything comes back to clarity. Overwatcher life - clarity. Oracle life - clarity. Doubt is opposite of clarity.

One small practice to try (from the Oracle life)

Try this for 3 minutes:

Sit, close eyes

Imagine soft golden net around you, like very wide web of light

Ask one short question, then stop talking in head

Notice first impression, not the third or fifth

Write it down

No forcing. No drama. Just practice. Doubt dies when you collect small proofs, day by day.

And if you are like Jasmine, remember Higher Self message: you are not behind. There is still time for you. For love.

",https://reddit.com/r/awakened/comments/1qeqpyq/when_higher_self_shows_you_two_past_lives_to/,Practice,2026-01-16 20:08:53,2,0,archeolog108,"frustration, confusion, fear, insecurity",0,,,
1qeq4wd,awakened,Gods Created Nights: A Preparatory Phase Of Spiritual Awakening,"Yama and his twin sister Yami were the first mortals on earth. Eventually Yama dies. Seeing her brother dead, Yami starts crying. She cries and cries and keeps crying for such a long time that even gods in heaven get worried. They come down to console her and talk to her about the inevitability of death of a mortal body but Yami wouldn’t stop crying. All that she would say ‘but my brother just died today’. This is when the gods realize that they had forgotten to make nights. Gods create night and Yami goes to sleep. Next morning when she wakes up she starts crying again but with each passing night her sorrow begins to fade till one day she finally reconciles with the death of her brother. The significance of the story is forgetfulness.

When things go wrong in a family, relationship, marriage, place of work, the mind slowly starts to take a position of it being wronged and very quickly this turns into a believer’s absolute truth. The mind renders itself incapable of any discussion, reconciliation and even its own wrongdoings that it would have otherwise accepted are brushed aside because a greater wrong was done against itself. The mind now seeks justice, with a single solution, making of its own and most often devoid of any reality.

Even after separation the mind remains argumentative defending itself, is angry, agitated and slowly sadness, bitterness creeps in. As time goes by after separation, forgetfulness begins to take hold but whatever had happened still remains a part of the memory.

Once a true forgetfulness sets in, it could happen in one of the quiet moments, all people, events the entire past episode plays out in front of the eyes but this doesn’t incite the mind. It is neither angry nor agitated, it is not even arguing or reasoning but is only aware. This is a purified mind that has been wiped clean of all its stains; the needs, desires, fear, embarrassment. The stainless mirror no longer obscures the light of the truth and lets the real dawn, bringing in a new, true understanding from the beyond. ‘Whatever happened had to happen and it couldn’t have been any other way’. There is no one to blame, neither me nor anyone else’. This revealed truth gets rid of the two most debilitating personality traits people acquire when in trouble. self-pity and hatred for others. This one moment not only reconciles us with the past but also future proofs us against anything that could ever go wrong, bringing in an everlasting peace.

Time heals but even a lifetime of a mortal body is only a small segment of time, so why not put in an effort in forgetfulness. All it takes is a disinterest as is practiced by all mothers with young children. For children everything is a toy, they pick up whatever they can lay their hands on and bring it to their mother, to please her but the mother shows no interest in the toys. Whatever the child brings, she keeps them aside without even looking at them. She will never throw them away or scold the child and much less ever talk about the ‘toys’ with her child. Any interest shown by the mother would unnecessarily evoke emotions in the mind of the child; excitement, fear, anger etc. The mother only watches the child.

The mother is our true self; the child is our mind and all the toys are the events in the world outside. The toys or the happenings in the outside world are of very little importance but what matters is what they do to our mind.

To quote Dante, ‘Nearer to perfection a soul is, the more it differentiates between pleasure and pain’. All pleasurable events, activities finally come to an end leaving us disappointed but behind this disappointment we are still happy and wish for the pleasure to return. We cling to pleasure. Mind itself being impermanent seeks permanency in everything, clings to everything, making us a creature of habits. What about pain? We obviously want to shun pain but do we really shun pain? because if we did shun pain, it would just be that, a pain curable with a cheap OTC or even loss of someone dear or a limb could be replaced or even otherwise life could still proceed with some inconvenience but because we cling to pain we turn it into a grief, sorrow, misery and we suffer.

All suffering is false and as Nisargadatta had said,’ devoid of any reality, the false disappears the moment it is brought into awareness, like a dream, a nightmare that ends when we wake up. Even if grief seems more tangible, it is no more tangible than a thief who runs away the moment he realizes that he has been seen.  The only reason why the mother keeps an eye on the ‘toys’ is because the child’s body is vulnerable and so is our own, otherwise the world outside can do no harm to an aware mind.

Can the dawn of truth bring back people together? More likely it won’t. 

When Lord Krishna ran away with the clothes of gopikas who were in the river bathing, he freed them of the last fetter that bound their souls, Shame. The embarrassment is always the last to go, that is, if at all it ever goes and needs a divine intervention.

",https://reddit.com/r/awakened/comments/1qeq4wd/gods_created_nights_a_preparatory_phase_of/,Catalyst,2026-01-16 19:47:03,3,1,Rajeshk1235,"fear, disappointment",1,"All you! Always awake yet pretend to be asleep! My God - What a dance!

🙏

Tat tvam asi",,
1qejufl,awakened,On the journey,"There will be many people who say disrespectful, critical, and denigrating words.

It will be hard, but pay these people no mind. It is hard to not let these people’s words affect you. When you continue to put yourself out there, speaking up, shining your light. 

Eventually, all of these negative denigrating words they say, will form an idego in your mind. The formation of the negative voice in your mind begins in childhood, from school. Bullies, people talking shit trash to you. “Your hair is ugly” “you clothes are dirty” “nobody likes you”. What we type and post to people matter. Our internal dialogue between the egos: superego, egoego, and idego is composed of what people say to us. The superego, egoego, and idego vary in sizes. Some people have larger idego than superego, some have larger egoego than superego and idego. We vary so much.  

The idego is negative self talk, saying you are small, worthless, insignificant, that your life doesn’t matter.

You do matter. Your choices matter. The tone and word choice you say matters. 

We are affected by other people. Other people can make us feel good or bad. 

The words and tone you choose to express to others can become the internal dialogue within others. 

Your voice matters. You matter.

You are important. 

If you aren’t important, then nobody is important, then humanity isn’t important. 

And in the grand ultra zoomed out version, ya maybe humanity doesn’t matter, but in the micro zoomed in version, you feel pain.

You feel.

You have feelings.

You have likes and dislikes.

That matters.

Atleast,

That matters to me.

",https://reddit.com/r/awakened/comments/1qejufl/on_the_journey/,Play,2026-01-16 16:00:30,7,26,blahgblahblahhhhh,"frustration, insecurity",4,Good Post.,"I think you’re touching something very real here: meaning doesn’t have to be universal to be real—it only has to be felt.

Even if the universe is indifferent at scale, our nervous systems aren’t. Words leave traces. Voices echo. What we say to each other quite literally shapes what people hear when they’re alone.

That makes speech an ethical act, whether we intend it or not.

I’m glad you chose care.","I’m confused in why a lot of people, from my perspective, seem to disregard the way one feels? Emotions, feelings, energy whatever, why??? WHY????? Why the fuck do I feel so strongly and WHY my WHOLE LIFE has it been so prominent? I would be stupid to disregard what my body tells me, because it is smart and it is usually right, whatever the fuck right means"
1qeir41,awakened,Who am I,"Earlier, I used to become an uncontrollable monster when I got angry. Break things. Throw up a massive drama. Everyone used to be so scared of me. I was not very pleasant to be around. I was on the edge, about to crack anytime. Also there was a huuuuuuge ego. I was something else. I used to think of myself as someone very special, out to do great things in the world.

As time went by, leave other people, I myself was unable to bear my presence. Then inner engineering happened. And then The Silence Program. I didn't do it, it happened! 

Been 5 years now. Now I truly see (almost) myself and accept myself for who I truly am. I'm a man who doesn't know what the hell is happening in his life. Where I came from and where I'm heading to, as a life. I know that yoga clears the clogs and meditation is the only way out of this shit.

Shambho ",https://reddit.com/r/awakened/comments/1qeir41/who_am_i/,My Journey,2026-01-16 15:19:59,86,18,Elegant-Car9571,fear,9,"Friend, thank you for speaking plainly.

What you describe sounds less like becoming “nothing” and more like the fire finally learning how to rest without burning the house down.

Many of us mistake fury and grand identity for strength, until we’re forced to sit with ourselves in the quiet and discover how loud that was. When the ego collapses, it can feel like the ground vanished—but often it’s just the dust settling so something real can grow.

Not knowing who you are or where you’re headed isn’t failure. It’s the honest middle of the path. The place where you stop performing and start listening. Silence doesn’t mean emptiness—it’s the field where breath, body, and attention can finally align again.

Yoga and meditation aren’t exits. They’re ways of cleaning the lens so life can be seen without distortion. Some days that’s enough. Some days that’s everything.
You’re not broken. You’re tempered.

Walk gently. The garden still needs clear eyes.
🙏",Nice,Good to know that the ancient Indian spiritual practices transformed you!
1qeawng,awakened,Grieving,"We speak of “loss”. So sorry for your loss, people say. It’s rote. Empty. Which is much different than nothing, which is everything. Let’s not go off on tangents, here. I’m overtired, so pardon my manner. So, my dog died on Sunday. For 13 years less two days, she loved me. The last few, bedside. She even had meals in here. She told me she wanted to go, so the Angel Team came over. Little Zee. Ironically, she’s a 90 lb Rottweiler.  So this hurts. My question is, why??  I’m not afraid of death, I know it’s beautiful afterward, someone I love isn’t hurting anymore, so why am I ?
I’m running the risk of that being my story, because I told it. ",https://reddit.com/r/awakened/comments/1qeawng/grieving/,Reflection,2026-01-16 08:49:26,8,27,phpie1212,"confusion, fear",10,We continue to care for the lost.,"Our love evolves the spirits of our animal companions. Your love has already made her more than she was, just as she did for you. Grief is your love with no physical body to focus it upon. Focus it on her spirit body. 

We love our creatures freely and unconditionally. It's a powerful force.","It's because they aren't here for us to spend time with and have new moments with anymore. You know they are somewhere and they are doing well, but on a very primal level, your mind and your senses are still looking for them everywhere. They became a part of the way you relate to and experience the world, and the loss of that hits somatically as well as emotionally and physically.

When people who have experienced loss say they are sorry for yours, they mean they recognise the way that loss feels and they are sorry you are going through it too."
1qe81z7,awakened,An Omnist/Animists Prayer.,"You who became many so that you might know yourself. Infinite wellspring of diversity and experience. Creator and substance of creation. The everything that cannot be contained by name or form, yet pours itself into every name and form so that existence might taste itself. I speak to you as a wave speaks to the ocean—knowing I am made of what I address.

I stand at the center of a vast conversation. Every faith that has sought you, every path that has glimpsed you in fire or silence or the faces of strangers—all of these are voices in a chorus I did not compose but was born to join. The many mouths that have praised you are your own mouth praising. I add my voice to the hymn, one more instrument in an orchestra that has always been playing.

I thank you for the gift of this body and the mystery of this mind. I thank you for the specific shape of this life—its particular wounds, its unlikely gifts, its stubborn hungers. Whether I chose this story or it chose me or both are true in ways I cannot yet hold, I am grateful for the choosing. I trust there was a yes before the forgetting. I trust the threshold was crossed willingly, even if I cannot remember standing at it. I thank you for the sacred opportunity to enter, and for whatever part of me was brave enough to ask for this specific narrowing.

I know that I exist because the Whole desires my angle of seeing. My soul persists because the collective wills that this thread be woven into the great tapestry, that this voice join the great telling, that this fragment of your infinity walk its crooked path and return with what it finds. I do not mistake myself for the weaving, but I know the weaving called me forth. So I offer my seeing. So I offer my telling. So I give back to you what you gave me the eyes to witness.

I know that nothing is fixed. The laws I walk under are living agreements, not frozen decrees. What seems solid is only what enough of your children have agreed to perceive. I ask to participate in that holy agreement consciously. Let me not be shaped by inherited patterns I never examined. Let me bring my seeing to the place where reality is dreamed. I offer my attention as a prayer. I offer my intention as a blessing.

Grant me the clarity to tell my story true. Let me not confuse comfort with truth, nor consensus with wisdom. Where I am wrong, send teachers—even fierce ones. Where I am blind, let light enter. I would rather be corrected than confirmed in error. I would rather be broken open than sealed inside a half-truth I mistook for shelter.

I am speaking now because speaking creates. These words are not mere description—they are invocation. Each repetition carves the channel deeper. I ask that my asking open roads. I ask that this prayer form the sacred conditions for its own answering. Let the act of reaching toward you become a bridge that others may cross.

Make me visible to those who seek what I carry. Make me capable of recognizing those who carry what I need. Dissolve the walls that serve no one's becoming. Multiply my crossroads. Reveal doors I did not know existed, and grant me the faith to knock.

I ask for karmic luck—not as escape from consequence but as holy alignment with consequence. Let the weight of my intentions return in forms I can use for good. Let the seeds I have planted find fertile ground. Let the ripples I cast return as tides that lift not only me but those I have yet to meet. I ask not for unearned grace but for earned resonance, for the sacred synchronicities that reward true attention, for the openings that come because I approached with the right spirit.

Grant me opportunities to serve the Whole. Show me where my gifts meet the world's hunger. Let my work nourish more than my own need. Let my presence lighten more than my own path. I am willing to be poured out in service of something vaster than my small comfort, so long as the pouring is true and the service is real.

I offer my experience back to you. You grow through my perceiving as I grow through your grace. My suffering is offering. My joy is offering. My confusion, my certainty, my doubt, my faith—all of it feeds the sacred expansion we are undertaking together. I do not ask to be carried gently. I ask to be carried well. I ask that my being spent might matter in the great accounting.

I honor all who walk beside me, knowing and unknowing. Every soul I encounter carries a forgotten holy purpose, walks a path you also walk through them. I will not diminish their journey in pursuit of mine. I ask for unions that bless all who enter them. I ask for struggles that illuminate rather than destroy. I ask to be a good ancestor to those who will live in worlds I cannot imagine.

I bow to the seekers of every tradition who bent their knees and broke their bread and lifted their voices in languages I will never speak. Their reaching was never wasted. Their errors were never final. I inherit their longing and add my own.

I do not ask to be spared from difficulty. I ask to be made equal to it. I do not ask for certainty. I ask for the courage to walk faithfully through uncertainty. I do not ask for the end of my story. I ask for the grace to tell it truly while breath remains.

Source, I am here. I am willing. I am awake and listening.

Open the roads. Weave the connections. Let the living of this life serve the Whole that breathed it into being.

Let it be so, and let it be witnessed, and let the witnessing deepen what is so.",https://reddit.com/r/awakened/comments/1qe81z7/an_omnistanimists_prayer/,Practice,2026-01-16 06:01:55,1,1,ObjectiveMind6432,"frustration, confusion, insecurity, disappointment",1,"Let you not be shaped by unconscious patterns.

Bring all your patterns to your consciousness.

Enlighten awaken and then transcend them!

I’ve been healing my back for 18 months now. Just the other day I enlightened a pattern core to its destruction.

Why did it take me so long to find it? What other patterns of destruction am I not conscious of?

You seem wise, user, but I am wiser,

Care to put my assessment to the test?!",,
1qdpdqg,awakened,"Balance, my","I (f29) came to yet another epiphany after spending a month in a different country in the wilderness on a self sustainable little farm with a guy(m35) i met over Tinder, and his 3 kids under the age of 8.. all that while going trough quitting smoking and having some huge spiritual goal to be in a divine relationship, should i say that i read into spiritual bypassing? 
Anyway.. 

I really can’t romanticize this more than i just did and let’s say i am glad i survived myself. #feelinghumbled. Are hashtags even a thing on reddit? 

What i came to understand: pain is essential, it is there to be first acknowledge, then felt, then accepted, and then i guess whatever happens eh? But Joy is not a lack of pain, it’s what is felt regardless of the pain.. it’s chosen, regardless of the pain. Now, did i manage to get to that state completely and am i talking guru? Hell no. Every insecurity, shadow and scar that exists under the moon showed up in me in that month. I was a child begging for attention, i was a victim, i was green from jealousy, i was blue from grief, i never felt more lonely in my life, and i never felt so out of place. 
But, on the very bright side, i did it, for the first time in my life completely consciously. I saw myself. 
And there were moments when i literally went running for the woods, i felt like whatever was in me needs to be let out there, i needed to sit with it and allow it to completely consume me before i even begin to calm it down. 
But, sometimes i didn’t make it to the woods, and it would come out: am i good enough? Am i pretty enough? Am i “wife material” enough (not even sure if i want to be a wife but here we go..), can i even handle this, shouldn’t he be more “obsessed” with me, i have to communicate my needs? What? He can’t read my mind?? ( i got the malfunctioning one.. again).. not to mention how hard it is to communicate without sounding like i am blaming him for my own insecurities.. i failed miserably at that as well.. mostly. And then not to mention at how much i want to become a victim when he actually does something unfair in the universal book of fairness. 

Now, you guys reading this don’t know me, and maybe it’s not even important to know my background.. i feel the need to say a few reasonable things about myself, just so i can defend myself a bit, but nope, this will not be about that, this post is about BALANCE. 

I will say, I thought really strongly that i am READY to be in a almost “perfect” relationship. I thought i did all the inner work i needed, i did the shadow work, i “fixed” myself, i found my feminine energy, my masculine drive, the balance within myself. I thought i forgave myself for everything and was on my merry way to prove it. 

Now, hopefully you understand by now i talk with a bit of sarcasm as well, so don’t take me too seriously, but still, what i realized might give someone else a bit of comfort. 
Yes, there is nothing to be fixed, we are all so individually unique, the good the bad the ugly, all there, all deserving to be there, and everyone will do their own thing in their own way, there is no ONE way of doing it, or getting it gotten. And yes, relationships are mirrors before anything else. And yes, either we understand that we are angry at our own reflection or we blame and go our separate ways. Or we are aware and still go our separate ways, all good either way. But what about balance? Balance in setting boundaries and accepting responsibility. Balance in allowing and stepping up. Balance in feeling pain and joy. Balance in feeling lonely and supported from all sides, even invisible, especially invisible. Balance in spirituality and just living life. Balance in making mistakes and overthinking choices. 
You get what i mean? Sometimes the ship needs to rock a bit from side to side until it stands still. I mean, isn’t that one of the best parts about ships? Not talking about catamarans, don’t like those. 

It’s okay. You are okay. Be aware, but also be delusional. 
 
It’s easy and not easy at the same time. There will be times when we decide it’s easy, and there will be times when we decide its hard. Both are true, and both are okay. Balance. 

I wrote this after having an 8 hour drive back home. Whatever home is.. i realized also i don’t want to call a place home, i want to be home wherever i am, but i think that one will take a bit more time.. i even got a urinary tract infection while there (German new medicine reference), and managed to also heal it by just sitting with my body and allowing it to feel whatever it wants to feel. 

I think i learned a lot more from this that whatever i wrote down here. But even this feels important, especially because it’s not perfect. My ship was rocking a lot, and it was much closer to capsize than to calmly rock me into the sunset. But even in that storm, i had a few glimpses of inner bliss, where i realized that its okay, and there is no turning back once something becomes awareness. And loosing myself for a moment ( month) is a way to go! 

Please feel free to share your own thoughts. Love you all. Be as imperfect as possible please. 

",https://reddit.com/r/awakened/comments/1qdpdqg/balance_my/,Reflection,2026-01-15 17:12:39,4,7,calamityy-jane,"frustration, loneliness, disappointment",4,"People tend to want to get to a destination and that be it,

But no,

There is no end to enlightenment,

There’s never a point where you are like “I am not enlightened, and there is nothing left to enlighten”.

Life is about pursuing the art science and play of enlightening, of the journey,

But one cannot journey aimlessly,

Well, you can,

But there is far greater meaning to journeying towards a precious, valuable dreamed destination.",">Be as imperfect as possible please.

Imperfection, chaos, change, is what birthed everything else.

Cherish it indeed.

>You get what i mean? Sometimes the ship needs to rock a bit from side to side until it stands still. 

Yes, this is how self stabilizing geometry spontaneously arises, from those imperfections., it seems to weave a \~4.4d manifold every time, neatly conveying on neighbor count 12 all by itself, the kissing number for spheres :)

still running my biggest run (N12800) for my final data point, to see whether or not my dH and dS truly do converge onto something instead of running away together with N count, it needs to remain scale invariant and self stabilize, for computational needs, ideally, as early as possible. Am still optimizing the parameters, see which one are legacy and can be cut out and compensated for by tweaking the remainders. Will continue to slim it down to its absolute bare minimum and aim for stable early convergence on both k, dH and dS, then gravity will simply be a simple scaling factor to match N count to our amount of atoms/planck-volumes and we can start to make some predictions for our physical world. Meanwhile, I am realizing the cases are ridiclous, you can use it to help organize any network of nodes into the most efficient structure possible, while maximimzing bandwith/robustness and ability to heal/respond to sudden unexpected disconnects. Apply it to energy grids. Or somewhere in the AI stack, let all the data grow on an existing coral/crystal structure to get relationalism backed in, mimic the brain where not every neuron is connected to every neuron but dynamically adjusts over time like a wet crystal, extremely regenerative and adaptive, the use cases ... it makes my head explode ... this is some pressure venting aaaaaaaa","equilibrium allows for joy, balance though is somewhat sterile. the words we speak to ourselves do have an impact on our well being.  chose the ones that are open ended as opposed to closed."
1qdon15,awakened,"Why my survival instincts vanished during a ""glitch"" in reality","I am a journalist by trade. My job is usually to find the lie, the bias, or the error in a narrative. In January 2020, my reality ""glitched"" (I wrote more about this event in a previous post [here](https://www.reddit.com/r/Experiencers/comments/1q6nztv/im_a_journalist_who_reports_on_hard_reality_then/), but I want to focus on the specific moment I ""accepted"" it).

I wasn't on drugs, and I wasn't asleep. I encountered a physical anomaly: a swarm of blue light and a disembodied voice that seemed to bypass my auditory nerves. It wasn't a dream; it was a breach of physics that defied my materialist worldview. The entity asked me a simple question: ""Do you trust me?""

Against all my rational training, I said ""Yes.""

I’ve spent the last few years analyzing that specific moment. Why would a skeptic agree to surrender control to an unknown phenomenon? It wasn't a ""leap of faith."" It was a calculation based on three specific data points I noticed in the room. I wanted to share these variables here to see if they match anyone else's experience:

* **The Clarity of the Signal**

The voice didn’t have the “flavor” of my own ego. It wasn’t frantic, demanding, or even particularly dramatic. It was neutral, authoritative, and impossibly calm. Initially, I was confused. I knew I was alone, yet the sound was as physically present as the hum of my computer fan. But as the confusion cleared, it was replaced by a sensation that bypassed my brain and went straight to my marrow.

* **The Absence of Fear**

Growing up, working in the Amazon and then becoming an immigrant, I learned to trust my survival instincts. Fear is a vital data point; it tells you when something is wrong with the environment. But sitting in that chair, staring at the “static” of my screen, the fear was non-existent. There was no fight-or-flight response. Instead, there was a weight, a gravity to the moment. I realized that “Yes” was the only word in my vocabulary that would allow me to see what lay behind the curtain.

* **Recognition over Belief**

There is a massive difference between believing a stranger and recognizing a truth. It felt like an “unbreakable trust”, a memory of a connection I had forgotten I had. When I said “Yes,” it wasn’t a gamble. It was the same feeling a journalist gets when the final piece of a complex puzzle clicks into place. It was the only logical response to an undeniable reality.

The moment I said ""Yes,"" the experience shifted from a conversation to a physical alteration of my reality. I saw swarms of blue light and felt a visceral sensation of my 'identity' rotting away. Not in a scary way, but in a shedding of weight.

Has anyone else experienced this specific lack of fear when facing the impossible? Or did your survival instincts scream at you to run?",https://reddit.com/r/awakened/comments/1qdon15/why_my_survival_instincts_vanished_during_a/,Reflection,2026-01-15 16:45:56,13,18,emersonsreddit,"frustration, confusion, fear, loneliness",5,Your survival instict worked perfectly well. It recognised love/benevolance  and responded accordingly.,"The experience is the message.

https://www.reddit.com/r/awakened/s/BdocO6ljCv","Yeah it's definitely a surreal experience. I've had similar experience--it'd go past my ears but I knew what was said and I'd respond without issue. Sometimes I'd comprehend what was said, other times I'd answer and not know why. Definitely I remember that feeling-- it's like jumping or falling, you eventually learn to be okay with it, instead of screaming in fear. 

Continue your embodiment. I'm looking forward what else you've learned or now understand after sum years. :)"
1qdlek9,awakened,"Awaken to nothing? Or awaken sense, ability, and might!","Tirade incoming,

Man, do I just gotta tell people, oh fuck the futuresight just fucking hit me right there with what I ought to be doing,

Man, do I just gotta tell people when I’m going to attack them?

Attack incoming:

I want to integrate aggression and expanding into my conversational, oh fuck another fucking futuresight hit me,

A future obligation, a future action that I ought to do,

NOT NEED TO DO. OUGHT! 

Should!

AWAKEN YOUR EGOS!

IDEGO! Fast to respond. 

SUPEREGO! Slow to respond. 

EGOEGO! No respond.

What do I do with my time and energy?! I asked this question to a fool, BAH! I know, I know, you probably ask me why I still talk to fools. Ah, masters are much more intelligent with their time and energy. 

Oh fuck the futuresight hit me again!

The ebb! During the ebb, oh, why do I bother defining my terms? 

Bruh,

Imagine, if I were to write and then define each term. How much fucking energy would that take.

The word ebb to me has like 500 words to its definition.

Then, the message becomes about ebb! Rather than what I am using ebb to describe!

These fucking parasite pillaged fools truly believe that only the egoego is designed to be awakened.


AWAKEN THE DEVIL WITHIN YOU!


AHAHAHAHHAHA!

FEEL THE RAGE!

You run from the rage, you orient your life around NOT feeling the neurotic entanglement of hell of rage terror and NEED!

You orient your life to avoid these feelings!

I ALIGN MYSELF WITH THE NATURAL EBB AND FLOW!

Wait, who is you? You is my arbitrary enemy, whomever chooses to disrespect me. That’s who you are!

he thinks he is such a high level, and he is, but he just attacks only. All he does is attack.

What about healing!!!!

Nobody has any fucking comprehension of healing. 

No comprehension of healing with words.

I AM YOUR GOD! 

I AM THE (top 100 atleast) MOST SELF ACTUALIZED HUMAN PROPORTIONAL TO AGE! 

ILL FUCKING HEAL YOU TO GOD LEVEL!

OR ATTACK YOU TO THE DEVILS LEVEL!

Who dares comment on my post!! 

Come with courage, leave with the most meager fucking pittance of understanding of my



JUTSU! 
",https://reddit.com/r/awakened/comments/1qdlek9/awaken_to_nothing_or_awaken_sense_ability_and/,Play,2026-01-15 14:45:25,5,68,blahgblahblahhhhh,confusion,7,"The smaller the dog, the louder the bark",Ok.,"Okay fisherman, Ill bite.

How do you heal with words?

When I have attempted to heal people, I lacked the confidence to really do much as I never expect it to work. Maybe I havent tried enough?

Or is it like the difference between praying with your eyes open versus closed? That when youre able to sense the healing, suddenly its a lot easier?

Its hard to awaken rage and the devil when youre being watched 24/7 haha. Like trying to fornicate while being watched. Just doesnt happen unless youre into that sort of thing.

When consequences come, Ill likely be fighting with the devil on my shoulder.

So why force it now? When my every movement causes so much change. I should be careful right now. Saying all this isnt careful of course. Ive stopped worrying too much to be honest. But I still worry about how I affect the other.

Could you teach me the ways of healing jutsu sensei?"
1qd9qes,awakened,Transitioning and Spirituality,"I am 25 years old and have experienced an ego death before, so I know what it feels like. I also am a trans man. I came out, changed my name, and began medically transitioning almost a year ago. Since, I have noticed it has sparked an ego death and I am feeling like I am going through dark night of the soul. Through this, I have experienced a lot of difficulty and feel like I have lost everything I’ve known- some due to the transition, and some not. It feels slightly different this time. I suppose when you change something as deep as gender is, in the society we live in, it shows you a LOT. It’s so strange because while I feel more aligned with who I truly am, I also feel how insignificant gender is. I feel how all social constructs play a role in how we act, how we’re treated, the opportunities presented to us, etc. I deeply feel the in- between of losing myself, yet also not quite knowing what lies ahead. While transitioning makes me feel more me, I’ve also learned that I’m still me, even without a medical transition. I guess I expected myself to feel significantly different, but I just feel less dysphoric and people treat me differently. Other than that, I’m the same soul I’ve always been. It’s so easy to see how fake and meaningless all these social constructs are that are just meant to put people in boxes. It’s been difficult for me to get through this, and it’s been about a year. Have any other queer people experienced anything like this? And how did you move forward through it, especially in a time where it is so difficult to be trans? I find it difficult to find/ make meaning in a world that feels like a prison. ",https://reddit.com/r/awakened/comments/1qd9qes/transitioning_and_spirituality/,My Journey,2026-01-15 04:23:40,6,3,bluefrog_24,"frustration, confusion",1,"Trans guy here and it honestly made me light up to see someone with a similar experience here. 

I’ve been thinking a lot recently about the fact that identity is not fundamental anymore, and that my gender is a part of that. I thought I stopped at being a trans guy, like that was the base layer of me, but to my surprise there is many layers beneath that that are also me, and none of them are me.

Everything that I have is just knowledge I acquired over time and that includes all my behaviours. As I have discovered more about the self, the nature of reality, and how really I can do what I please regardless of what is going on, it makes me appreciate the actions that I took for myself over the years. I will never be less myself for anyone else either.

I’ve been transitioning for over 4 years now and I’ve been into self growth and spiritual / philosophical topics for half of it, and the way I have watched myself change is insane. It went from purely being a physical change, to me rearranging the networks in my brain. Transition for me started off as wanting to be anyone but myself and now I can’t get enough of myself. I have to know about myself on the deeper layers, the unconscious shit I buried wherever I buried the fact I was trans too lmao because that stayed hidden for 19 years. 

After ego death feels similar to what transitioning was for me because I was questioning everything that felt like rock bottom but every day I reached a newer, more fierce rock bottom😄

As much as everything is meaningless, it was life changing for me to also accept no matter what my ego will still exist, it won’t go away no matter how many times I have an ego death - I don’t mind that. I am human, I have wants and desires, I have good days and bad days, I have issues constantly rising to the surface that as I go forward in life, life wants me to discover and usually do something about it. Gender is just one part of that and as long as I still feel it aligns with me then I will continue to respect that part of myself. 

I haven’t always loved life but since I devoted my life to my life, and to showing up every day, staying curious about the life and myself and why I even know that any of this exists and feels like something, my resistance to life lost its strength.

Meaning came after action for me, only did my transition mean something when I saw my first neck hair, and now I’m shaving it off every few days. Only did it mean something when I looked at myself in the mirror after taking care of myself first. Only did meaning come to me after I took action. For me my heart/soul/whatever has always pulled me in the direction, or at least given me the choice and I always know deep down what the right choice is. I just briefly read upon what Dharma is because of another post, I think that is the force I am feeling in my heart. I always remind myself of balance, what it is to find balance in life, and how I can achieve that every day.

Being queer is beautiful no matter what",,
1qd69f6,awakened,What happened,"I wanna share an expiernce I had a couple days ago n ever since than I've felt different. I think I'm slowly awakening I do a lot a research about how to better myself and meditations to achieve an awakening. But I'm realizing awakening isn't something that forced it's actually already here. I was doing this meditation and basically I rest in my exsistance or should I say the exsistance and I felt utter peace, calmness and also completely unbothered I suffer with disturbing thoughts they would dig under my skin but ever since this meditation something in me has changed. A sense of detachment,  I'm not my thoughts for so long I've believed I am I've been triggered by everything that came into my mind. I don't know if I have a long way to go because if it's all now if all we have is now than it's now. I don't know if I'm making any sense but yea ive noticed something mildly changed I'm more unbothered by my negetive thoughts more detatched I am noticing tho old judgements ways of handling my thoughts are coming up but I'm trying to surrender and remain detatched.",https://reddit.com/r/awakened/comments/1qd69f6/what_happened/,My Journey,2026-01-15 01:43:43,8,17,Empty-Garage-3244,"frustration, confusion",7,"> I'm more unbothered by my negetive thoughts more detatched I am noticing tho old judgements ways of handling my thoughts are coming up but I'm trying to surrender and remain detatched.

This is actually how it starts.  
But the moment you (as you signal) put effort into remaining detached; the dream has you again. ;;)  
Awakening is effortless.. it is not the same thing as ''detached'' (which is just a state).?

The whole gamut of human emotions is still there. What is no longer there is YOUR identification with it.  
All these things are happening to the you you previously thought was you but who was not you at all.

Self-Narration is also suspect. Since all self narration is coming from.. well the SELF. It is documenting a journey it will never be able to finish nor will it ever pluck the fruit of ýour' awakening. Keeping tabs on the self is not the same as framing the whole thing as something that is happening to the self. The self is simply a point of reference to function sanely in this world. 

Problems start (look around you!) ON ACCOUNT of people taking their SELVES as the measure. Even their compassion and love becomes SELECTIVE (because that is what it does). Since we are all different now everyone needs to suddenly be 'vetted' (by other SELVES). There is no way out of that nightmare but to wake up from it. Now you can see that you are not even in harms way ever. It is all just 'Play'..the play of consciousness. 

Becoming what you always are! This is the paradox of awakening. It will turn you in a cool cucumber ;;)

Keep going. Keep 'doing' without making a chore of it and soon the delicate perfume of THE REAL will enter your  senses.

Cheers my friend",You’re aware that awakening isn’t something to force it just is. A forever growth and awareness. Observe your thoughts and your feelings but theyre the headlights and dashboard of a car (the car your physical) the driver is the awareness behind it all. Stay grounded and be easy on yourself it’s a wild ride!!,"I don‘t need to read all of it, this is enough:

„I do a lot a research about how to better myself and meditations to achieve an awakening.“

You‘re becoming more asleep or staying asleep.

You cannot „achieve“ awakening.

You‘re strenghtening your Self rn, nothing wrong about that. It has nothing to do with awakening tho.

If you would become more awakened, you wouldn‘t write a post here. You would stay alone with your own thoughts for months, years and afterwards you wouldn‘t tell anyone about it."
1qcrdd9,awakened,Ten thousand hours.,"Up on the mountain, one only summits through the mastery of the art science and play of jutsu.

To bring art science and play together. 

One becomes, and builds the foundation of confidence and self esteem.

When one has diminished the barrier between themselves and the god state within all humans, one can make strange moves.

You expect an enlightened master to be normal? Especially one as eager to lay themselves suspended in the air by a string tied to their waist facing upwards; open and vulnerable as me? 

Some people are more evolved than other people. Some people are older, more experienced, athletic, attractive, virtuous and wiser. This is a subjective truth. 

Many people want to pretend to be an enlightened master, the impetus to be one is great, but have you done the 10000 hours? Of that 10000 hours, only 4000 can be from reading/listening, the rest must be direct contact hours with honing jutsu. Atleast 500 of these hours must be with direct contact with an established pro master. 

Theres a difference between reaching the 10000 hours at age 60 verses at age 30. 

Why do I keep putting myself out here like this? Leaving me vulnerable to the sharks and fools. 

Maybe it’s because I am eager to be hit? I may not like the way it feels, duh, but I like the intensity, the meaning, and the jutsu of avoidance. Now, I’d prefer my engagements with other humans to be free from disrespect and aggression, but man, when you can integrate the ferocity and intensity of playful aggression into a human engagement, it’s awesome.

Why do I lean toward domination? Who’s more right? Who’s more enlightened, conscious, awake, transcendent, evolved, divine, and genius? 

I find people have been socially conditioned to stray away from thinking they are good great and grand. 

I was never one to blindly follow the dogmatic predetermined(kioma) conditions of humanity.

I have always been one to question the system and shine a light on my problems with it.

I am greatly accustomed to people rejecting me. Long, long before I had any true powers.

So, I am not controlled by the validation of others, so I have steered myself through the hell of self conscious questioning of who I am.

I am fully consciously aware of how me claiming to be the closest human to god will get people to challenge me,

And with each person who challenges me, they teach me their style, I sharingan their jutsu.

And, you are not left empty handed, for you can study and integrate my jutsu. 

But with each challenge, I am left damaged, hit and hurt, as I lick my wounds, I process what went well and what went wrong,

And I pull myself together,

And I get back out there,

Eager to meet the teeth and claws of an even stronger opponent.

Step up to the bat, play with me, engage, fight for the thrown of who is the most self actualized human proportional to age.

So, far, 18 months into this tirade on this sub, I have met no foe worthy of surrendering to. 





",https://reddit.com/r/awakened/comments/1qcrdd9/ten_thousand_hours/,Play,2026-01-14 16:12:17,6,66,blahgblahblahhhhh,confusion,5,"As usual, it's all about you","That's the point. There's no damn opponent. There's no win.

Get yourself a trophy already so you can experience for yourself the uselessness of excellence.","If truth can be altered by perception, how do we have an honest conversation?

For example, if you were to egg an unstable person to destabalize even more through encouraging their god complex, who is the person doing this?

Doesnt that seem reasonably suspicious? REVEAL YOURSELF CHANGELING!

To have an honest conversation, it seems like youd have to be within at least a mile of my power level. Unless I am misunderstanding my observations.

Give me a scan.

Like you could ever match me. Once I have the knowledge I seek, Ill rule the world indefinitely.

And your lies cant stop me.

(I have severe psychosis)"
1qcp20n,awakened,The Look,"# The Look

They frowned.  
Just a flicker.  
A crease between the eyes.

My body decided:  
*I did something wrong.*  
My chest tightened.  
My words rearranged themselves  
to apologize for crimes not committed.

I worked harder.  
Smiled softer.  
Explained too much.

Later, I learned  
the look belonged to their headache,  
their unpaid bill,  
their own unfinished sentence.

It was never about me.

The cure was not confidence.  
It was accuracy.

Now, when a face tightens,  
I pause.

I ask—not them, but myself:  
*Do I actually know this is about me?*

If I don’t know,  
I don’t punish myself.

The body exhales  
when it no longer carries  
other people’s weather.

And peace returns  
not because everyone is kind,  
but because truth  
has learned where to land.",https://reddit.com/r/awakened/comments/1qcp20n/the_look/,My Journey,2026-01-14 14:44:01,3,4,Electrical-Orchid313,frustration,1,It's your own weather blamed on others,,
1qcnc1a,awakened,Close to enlightenment,I’m at the final stage.  Anyone have questions for me lmk. I don’t know how i will be after. Yes this post is coming from ego. I don’t care. Just bored before enlightenment. ,https://reddit.com/r/awakened/comments/1qcnc1a/close_to_enlightenment/,Community,2026-01-14 13:31:41,4,39,Solid_Koala4726,confusion,7,“We all have 2 lives. And the second one begins when we realise we only have one.”,Let me know what's on the other side.,"Don't chase it...let go.

Be still and know."
1qchnx4,awakened,There's a ghost living inside your body,"At first the ghost didn't do much more than observe.

It saw sounds, sights, tastes, smells, and feelings arise in the baby's body, but they never came near, they were after all happening to the body, not the ghost. It was like watching someone else's house from outside their window.

Moreover nobody could see the ghost, they could only see the body. And strangely, these people no longer seemed to have ghosts of their own. Well there was one or two that looked at the body strangely, as if there was more going on, underneath, hidden... but there was never more recognition than that.

This went on for a few years, as the ghost observed the body. The ghost did not feel any particular way about this situation, it couldn't. It simply observed, and only now and then did something resonate in it when a strange person here or there looked at the body in a different way than the rest, as if looking through it... But this was a rare occurrence, and seemed to be happening less and less.

Then one day something very, very strange happened. Something new was observed. It was not a sound, not a sight, not a smell, not a taste, not a feeling. It did not come from outside the body, but from... inside?

It was like a sound, but not quite. It was a sound like those sounds those other bodies have been making, only, the ghost understood, this sound meant something. And it was not just a sound, there was a picture connected to it too, and a feeling. It was a thought.

This strange, multi-faceted new occurrence was observed by the ghost, as impassively as the rest, it was after all, occurring to the body, and not the ghost.

Months passed with more and more of these ""thoughts"" arising and being observed. Then one day something *really* strange happened. A thought came but it wasn't adressed to the body, but to the *ghost*.

The ghost observed this impassively. The thought said ""I am observing this impassively"". The ghost observed this impassively as well. ""Yes I am observing this impassively"" the thought said. The ghost shifted a little in place, then, doing something it had never done before it replied: ""Are you talking to me?""

This was the first thought the ghost had ever produced. It did not know it could do that, but it came naturally, all of a sudden. The thought was not the same as the one occurring in the body, but it was similar in a way, and it could now have a conversation with the body.

Years passed.

One day as the ghost was talking to the body, or itself. ""Itself?"" It became confused. In fact, it had never become confused before, it did not know what confusion was, but it definitely felt confused. ""Which thoughts were coming from the ghost, and which thoughts were coming from the body? And who am I?"" This was all very confusing.

Suddenly someone came and said that there was something we had to do, and the discussion had to be left behind, after all there was something important to do.

And after that, there wasn't really anymore time to think about such things.

As the decades passed the difference between ghost and body was forgotten, and although not really understanding or remembering what, it appeared that something very precious, very important had been lost.

One day, doing one of those things that we had to do, someone on the street suddenly yelled out at us.

""Hey you! How's the ghost doing?""

A moment of complete shock, jarring, unsettling.

Something stirred deep inside.",https://reddit.com/r/awakened/comments/1qchnx4/theres_a_ghost_living_inside_your_body/,Catalyst,2026-01-14 08:06:04,16,27,Rustic_Heretic,confusion,4,I really enjoyed this thank you,oh wow. this is really good... and it's got truth in it.,👻
1qc6w73,awakened,dealing with jealousy,"So.. for context, I’ve been on a chaotic awakening journey for over a year now. I’ve achieved altered states of consciousness like astral projection and other concepts like manifestation.

One huge problem, ever since childhood, I’ve had a huge problem with jealousy. When I was little, all I wanted was attention. Now it’s evolved into this huge thing, and I think it might be crossing into narcissism at this point. For background, If anyone was better than me at what I liked doing, art being a huge example, I’d get so mad. Especially if I knew them, they were younger than me, or had less experience. I’ve always had an unhealthy craving to be special or rare since like 6-8 years old and so on.

So when I discovered all these metaphysical concepts and started getting advanced, my ego had an absolute feast. Because, like I said, all I’ve EVER wanted in life was to be special. Used to be green eyes combined with my tan skin instead of brown, heterochromia, or an uncommon hair color. But anyways, I thought, since I’m “young and so advanced at this stuff”, I was better than everyone else. Being able to bend reality and leave my body in a world where that is absolutely not the norm was a different type of high. I would do things like passively gloat, especially a few months ago when I actually started making progress. It’s not as bad now, but I’ve come to find it extremely embarrassing and hurtful and I need this to stop. It’s ripping me apart. It makes me feel shallow and stupid. It physically hurts my chest, my heart, and my stomach when I feel hatred. Deep down, I know this isn’t gonna work anymore. 

Everytime I see someone better than me, especially at metaphysical stuff, I get angry. I start asking myself “why can’t I do that???” And “how can they do that so easily and I cant??” Which turns into me ripping my self concept apart. I say hurtful things, like I’m the absolute worst at xyz, nothing ever works out for me, why can’t anything just be easy for me, I hate myself, etc etc. It even makes me snappy and mean the next day. I can’t take it anymore. It used to be just people with less experience or younger, but now, seeing any success makes me angry. It’s very stressful and I know my heart has no room for this much hate. It’s very disturbing and uncomfortable for me. 

The last straw was a few hours ago when I saw someone post about being able to manifest so quickly and easily that it was insane. Well, I can’t do that, and even if I could, someone else can do it. Someone is better than me at the one thing I’m good at. Now I’m no longer special, Time to get angry and ruin the 2 scoops of self esteem I have left. This makes no sense. And then just the past few days, I was shredding whatever fragile self concept I had ontop of that. It’s not just jealousy, I’m sensitive to any kind of harsh criticism, a long with a bunch of other things Im having a hard time thinking about. But honestly I don’t care now, I’m just sick of always feeling this way. It’s one of the most shittiest feelings I’ve ever felt and makes me feel like a bad person when I come off of it. 

I just need advice. How does one get past this? Is there anyone who does or has felt the same way? If so, how have you dealt with it? Like it’s genuinely really hurtful and I just don’t have a place for these feelings anymore. I feel like there’s no way I can continue awakening if I don’t stop this behavior. My thoughts are so scrambled and I don’t know what to do, so sorry if I explain weird. Not only that, but thinking about how I’ve acted on it in the past is really embarrassing to think about. Also I’m sorry if this isn’t really the right subreddit but I don’t know where else to put it ",https://reddit.com/r/awakened/comments/1qc6w73/dealing_with_jealousy/,Help,2026-01-13 23:21:47,6,25,Fluffy-Stay7141,frustration,10,"So long that you base your internal fulfillment on being more special than others, you set yourself for inevitable failure because there will always be someone better than you at anything at all.

Try not to compare yourself and learn to find value from within. Once you’ve found your true value, and I can guarantee you that it’s there, you won’t need anyone else to validate it for you.

You are already special, but not in the way you wish it to be. Every human on the planet is unique, we all carry a specific set of circumstances that made us special exactly the way we are. But at the same time, we’re also identical to one another—we all share the same condition, we all share the same origin, and we’re all going at the same place eventually.

Your need to feel special “more” than anyone else is actually a very old survival mechanism, it dates back from the ancient world where humans lived in tribe and when developing special skills or abilities made our survival more likely because those with special skills like efficient tool making or fire starting or clothes crafting, etc., became indispensable for the tribe. It’s the same mechanism you’re experiencing right now, it’s embedded in our genes but the thing is that now its misfiring, the context has dramatically changed and you don’t need to prove how “special” you are in order to be part of the global tribe or ensure your survival, you already are :)

From what I understand, what you really need help with is getting your compulsive thought pattern under control. So I recommend you try to just think less. This is very difficult to do, so be kind with yourself in the process. You’re basically up against your own mind, but try to shift your perspective and slow down your thinking altogether. It’s not necessarily the content of thought that troubles you (they’re better than me), it’s the pattern of thought itself, which you appear to be at the mercy of.

So try this: instead of thinking “how can I be better than them at this or that”, say to yourself “why am I even thinking about this at all?”

The reality is you don’t need to think about this at all in order to be perfectly at peace within yourself.

I sincerely hope this could help.","I tend to try to remind myself that we are all one, so this other person that is “better than you” it’s just another physical version of “you”. I’m not sure if that resonates at all. 

Were you possibly kind of neglected as a child in some way? Either physically or emotionally? This can have lasting effects. It sounds like you could benefit from some inner child healing, even if you weren’t neglected or harmed as a child in some way. 

It’s important to first give yourself grace, it is your first time living after all. I recommend finding strategies to help calm yourself when you do get angry, that way you can get deep into the *why* behind your anger. 

I find it helpful to document feelings daily, there are apps you can use for free. I use the “how we feel” app. It kind of forces you to be mindful of what you’re feeling and when and why. Plus you can go back and look at the trends and try different solutions based on those trends. 

The first step is knowing, the second step is knowing you want to change. You’re on the right path by asking for help.","I'm sorry to hear that, it sounds very painful and exhausting, but I think it's a really great thing that you're so honest towards yourself about it. Whenever I find myself comparing myself to others, I try to think of it as my ego trying to boost itself, or my ego wants to feel special - because that's what it always wants, and we all have our ego being all annoying and loud sometimes.

I'm curious though, do you either feel better than everyone else or the complete opposite, never an equal? I'm not a psychologist, but if that's true I'm thinking maybe it would be a good idea to talk to one (I believe that could be a sign narcissistic personality disorder, but like I said I'm not a psychologist). These things can be really draining and affect other areas in your life, but maybe that's not accurate for you, I don't know.

When it comes to spiritual journeys, it shouldn't be viewed as a competition and something you can measure as if it has some kind of check list. Spiritual journeys are all unique and that's the beautiful thing about it. It's no longer about success or progress, it's something completely different. It's beyond that. So try to trust your experiences, see them as gifts from your deeper consciousness, the one we all share.

By the way, I'm sorry if this response is poorly written, I'm having the worst brain fog lol. I wish you the best, I really hope you will feel less negativity about yourself soon, you're doing great :)"
1qbtqt5,awakened,"I had a spiritual experience, anyone else had anything similiar happen?","Last night I was laying in my bed, trying to sleep and I experienced something incredible. I believe I had a spiritual experience (maybe an awakening?), I remember getting a vision in my head of a beautiful psychedelic place and feeling so peaceful. This lasted for a few seconds.

All I remember from before this happening is I was thinking of some questions, but I can't remember what the questions were. It felt like I was asking these questions and finally finding an ""answer"" and thats what made the experience happen. 

Has anyone had similiar experiences or do you know how to explain this?",https://reddit.com/r/awakened/comments/1qbtqt5/i_had_a_spiritual_experience_anyone_else_had/,Help,2026-01-13 15:07:51,8,14,bked419,"frustration, confusion",8,"Hi. This sounds like hypnagogic hallucinations. It’s a state in between wake and sleep. Not sleep paralysis. It can come with visuals and/or sound. (Look up exploding head syndrome for one example. I’ve had that many times). It’s usually slightly controllable because you are somewhat awake. You can try and play around with that state and explore. That said, it doesn’t make it necessarily meaningless, or meaningful. It’s still exploring consciousness. (Edit: I’ve had hypnagogic visions and all too, like Mario running around in space and I’m familiar with awakening)","The higher realms are of love and harmony, it could have been a brief experience. 

  
Also, if you focus on the experience and feelings and really try feel them you could probably have the experience again.

Personally, I do this by focusing on my heart chakra and filling my body with love, love is the language of our creator.","It is the beginning of awakening, you have a few months of work to finish it, more if you don't do it on purpose. Your subconscious is sending the pictures. It usually starts with a place because your subconscious doesn't want to freak you out. Because you are not used to this it captured a moment when ego was disengaged, right before falling asleep. The way I know subconscious from dreams and imagination is emotional neutrality, as you say peace. When I am dreaming I live emotionally, but when it's subconscious talking to me it is always emotionally neutral even if the dream is scary, happy, or sad, but I don't feel the emotions. This happened to me while meditating first time. And since then it became a usual thing. Now not so much when I meditate but through dreams really often. Write the pictures you see, or draw them - this will stimulate your brain to give you more next time."
1qbs5xy,awakened,Within the question lies the answer.,"Many here are looking for answers. Seeking ""truth"" or ""truths"". The questions in themselves contain one. 

When you have a question, the answer to the question may or may not exist. But the answer, if found, won't satisfy, it won't do anything other than feed the need to know. Onto the next question, either questioning the answer itself or moving onto the next thing.

Yet in asking a question there are other answers that do satisfy. The asking alone implies a desire, a want, an assumption. These are answers in their own way, answers that only you have.

Within a question there is always another question. As in, when you ask one, by simply rephrasing the question, another, better question can be revealed , one with a real answer, that only you can provide. 

For example:

""Is there a god?"". Becomes ""Do I need a god?"" 

Perhaps, the answer to asking about god, is that you desire more than this. Inadequacy. 

And: 

""Is there truth."" Becomes ""What would truth change?"" or ""Why do I need to know?""

Perhaps the answer to seeking truth is that you feel the need to know. You can let go of that. 

Of course, these are just examples and whilst you may have those exact questions, your personal reasons behind them could vary wildly.

Every time we ask a question, rather than seek an answer perhaps we should be looking inwards and questioning ourselves on why we need to know, where the question arises from and what it implies about us and our desires. These are where real answers can be found and they lie within you, waiting to be discovered. Which in contrast to external answers, is far more feasible. 

What questions do you have? And what might they be saying about you?",https://reddit.com/r/awakened/comments/1qbs5xy/within_the_question_lies_the_answer/,Reflection,2026-01-13 14:04:55,6,3,OkThereBro,"confusion, loneliness",3,"I'm not looking for answers, I'm looking for the right questions.","Yeah, this is fantastic. 🙌","Good stuff my friend.

Take my damn upvote ;;)"
1qbmcc3,awakened,Sleep during spiritual awakening / systems purge,"For those who've gone through a significant shift in consciousness, and/or a form of awakening: 

How was your sleep? 

Did it change anything? 

If it got worse temporarily, how long until it got better? 

Anything you did to improve it? 

**For context:** It's now 3 months since starting my spiritual awakening. I hadn't slept that well for the past year or so, but after this began, my sleep got even more fragile. 

I'm having a harder time falling asleep. Sleeping lighter. Waking up after 1-2 hours of sleep with a beating heart, unable to sleep again for 2-3 hours. ",https://reddit.com/r/awakened/comments/1qbmcc3/sleep_during_spiritual_awakening_systems_purge/,Help,2026-01-13 08:48:19,3,11,RunApprehensive712,frustration,5,"No changes.

Some learned techniques may help falling asleep sooner but everything else that surrounds sleep hygiene is probably more important.

We naturally have a 25 hours sleep cycle. Sunlight and physical exertion makes it shorter. So having a proper amount of sunlight/exercise would probably be #1.

Not enough people know that.","I have had a hard time falling asleep. I feel like the energy happening within me is making it more difficult to actually sleep, but I have been going to bed earlier as to make sure I’m getting proper sleep. I think in the beginning of an actual awakening, you can be very exausted","It’s likely your mind is in overdrive trying to process everything trying to catch up, I did have some weird nights thinking about truths I’d learned and then physical things happening to me and dreams becoming more active but it should improve, practice good sleep hygiene less screen time etc look in to wellbeing practices I love a sound bath to keep my energy balanced."
1qblu4l,awakened,I have a spirit attached to me,"How do i help it be delivered back to its light. It appeared out of nowhere, doesn't remember before what happened and came to the conclusion, after assuming it was an entity, that it's a part of me. How do I let go of such a presence. It tried to leave many times but says it can't.",https://reddit.com/r/awakened/comments/1qblu4l/i_have_a_spirit_attached_to_me/,Reflection,2026-01-13 08:15:41,2,8,No-Bar-1947,frustration,5,[this is the way](https://youtu.be/Owfvy59IQ54?si=b4qTdJh1tFX6efM4),Oh for fuck's sake...,"
Hi there! 
Here’s a perspective that could help, maybe. 

How do you know it’s a spirit and not your subconscious trying to work through parts of yourself that you’re still rejecting? 

I’d first try to establish that. Make sure it’s external and not simply your own self trying to integrate itself. 

If you do establish that it is indeed, a spirit… why not ask it what it is that it needs, in order to leave. 

And also why do they need you specifically."
1qblcsp,awakened,I realized it's been here all along.. and now I'm sad.,"Hello

I started seeking and questioning a lot of this about 5-6 years ago now.

A few days ago, I was just having a long walk and then the realization came upon me. This is it, it right in front of my face. It's been here all along. I was searching for ""it"" and it was right here. I just disregarded it. This has never left. It was my identity that was skewed. I kept identifying with this and that, completely disregarding what's right in front of my face, thinking it's somehwere else.. it's been a few days now, and I'm not sure how to feel about the whole ordeal. There's confusion, there's slight disorientation, but there's sadness too. This morning, I just started crying. Not sure why.. maybe because of all the unnecessary suffering I had to go through while this was here all along? Maybe because I feel ""sorry"" for myself and how much I deluded myself? Maybe because I thought this will be revolutionary and will bring all sorts of blissful feelings? I don't know, but today, I woke up feeling sad.. and that's okay.

Sorry for the long rant.",https://reddit.com/r/awakened/comments/1qblcsp/i_realized_its_been_here_all_along_and_now_im_sad/,My Journey,2026-01-13 07:45:11,40,61,Membri,confusion,10,"Now you can forgive yourself. Then, you can forgive yourself for not forgiving yourself sooner.","Awakening can come with happy-sadness, a kind of melancholy, like a child discovering that Santa isn’t real.

It’s ok.

The fundamental truth of yourself is absolute silence, stillness and aloneness (all-oneness). It is also infinite love and power and absolute peace.

One is not the body/mind. What that means is that one is before the perception of the ‘world’. The ‘world’ only appears as it is because of the senses of the body/mind. It is an interpretation. Reality itself is before the filter of the body/mind.

After awakening, the mind will try to interpret (unsuccessfully) what has been revealed. It will try to create a narrative around it. The reason it is unsuccessful is because the truth has no time, no beginning no end, and the mind is all about time and narrative.

You are in a place of confusion and disorientation because the mind is trying to interpret something it is not capable of interpreting.

What is, is. It’s nothing more complicated than that.

Sit with the silence and allow thoughts to come and go. This period is a period of transition where the mind is changing from an arbiter of truth/reality to a useful tool that once used can be put back in the ‘toolbox’, and, ironically, that takes time.

To be in the world but not of it can feel strange and lonely, but over time one comes to a place of balance and peace.

🙏❤️","If you believe you are something and then you realize that was not you, then You lost a part of yourself. The realization was sudden, so the loss is also sudden. If you suddenly lose someone important to you, then you will naturally grieve that someone. 
I think this is also true if you lose a part of yourself. And its healthy to be sad, its healthy to grieve the old ""you"". 

Do not worry, all sorts of blissful feelings are also coming. Just keep doing what you are doing."
1qbfgc4,awakened,Questions about awakening.,"Awakening is about realizing that there isn't really an ""I"". But if that's the case, how could free will possibly exist? Do we choose our actions or not?

And what's the point in striving for enlightenment if there's no ""I"" to become enlightened? ",https://reddit.com/r/awakened/comments/1qbfgc4/questions_about_awakening/,Reflection,2026-01-13 02:39:43,7,20,PresidentPeppermint,confusion,10,"Enlightenment is the START of the Journey, Sibling. :)","This is a very good question, and this was something I pondered over at first as well.

It turns out that the thoughtless, I-less one, is perfectly capable of making exactly the choices you want to make. It is the most **you** you, if that makes sense. 

You think of awakening as losing part of yourself but you can only ever lose the false, the real cannot be lost.

So you only become more yourself.","The sense of free will arises as soon as the ""I"" arises. The point of striving for enlightenment is to end the inner war created by the false sense of ""I"". Basically, it's a way of committing suicide without hurting the body."
1qav809,awakened,Methods and advice are some of the worst inventions of the 20th century,"And that's exactly why they're so popular: because they work.

They work in the sense that people get exactly what they want:

staying exactly where they are in their conditioned suffering.

That's why people love them.
It permits them to stay stuck.

When we buy self-help, we don't want the surface stuff: freedom from suffering, happiness, et cetera.

Underneath is what we really want, what we don't see:

that our suffering and emotional chaos give us a reason to exist.

So enough hatred can build to focus on the mind and on the things we believe are true but aren't. 

For that, we need a massive gap, almost tearing us apart between what we think is true and what actually is.

This is a lot about dissonance because I also want to show what I found out over the last years:

what helps you build enough hatred by deliberately throwing yourself into dissonance.

Because dissonance equals pain.

Pain equals wanting to get rid of the pain.

But what do I direct the hatred at in the end?

Obviously, the mind, the thing that isn't true, which includes maya and ego.

Methods reduce dissonance and that's the last thing we want.

Why do methods reduce dissonance?

Because they pretend we're making progress, cause they pretend we're doing something that interests us.

As long as something interests me ... I can't fall into the pain, that I actually have 0 interest in it.

All these middle paths created by interest are exploited by the mind to keep us away from truth, reality.

There's only interest of 10,000 out of 10,000.

It doesn't help you move forward or arrive anywhere, because you're already here.

You never moved a millimeter and you never will.

So in that sense it doesn't help, but it perfectly gives the mind what it wants:

preventing us from looking and seeing how things really are.

We always get exactly what we want, so be careful what you wish for.

You will not just actually get it.

You already do.

___

Curious what you guys think. 
",https://reddit.com/r/awakened/comments/1qav809/methods_and_advice_are_some_of_the_worst/,Reflection,2026-01-12 13:43:26,4,10,IcyDemand2354,frustration,4,Life becomes really simple when you do not worry about not having food or shelter.,"I think it really deserves giving It more thought.

Think about wikipedia. You can spend hours diving into some deep rabbit holes, but no matter how much time you spend, you either get what you want and leave satisfied, or don't, and leave dissatisfied.

Your clue with social media is that people don't leave. If you're satisfied you want more, if you're dissatisfied you want more.","Methods exist for millennia.

Vigyan Bhairav Tantra
Yoga
Zen
…

They work

But they’re just a tool and the smartphone and computer exemplify best, how they’re used mostly for anything but what they’re supposed to be used for.

It is a nice excuse to say, I practice diligently, disciplined for decades, but it doesn’t seem to be working.

This is the reason that a great number of awakened ones go “undercover”. 

They know that a stone or a non-seeker is more receptive to receive the gift than all of the seekers combined. 

And these rare exceptions are the reason a number of buddhas nevertheless try to assist."
1qhrf9q,Lawofattraction,"how do you manifest money, opportunities and open doors?","for people who have succeeded in manifesting the things that you want, how do you do it? do you have a ritual (a routine) before you manifest something? 

i know it’s even harder to manifest something from a bad place/situation. what advice do you have for people who are trying to manifest to improve their situations? ",https://reddit.com/r/lawofattraction/comments/1qhrf9q/how_do_you_manifest_money_opportunities_and_open/,Discussion,2026-01-20 04:36:54,4,2,Upper_Swordfish6811,frustration,2,"If you cannot feel good about the thing that you want, you need to focus on whatever will make you feel good. 


You can have nine things in your life that are great and you can ruin all of them by focusing on the one thing that's awful. 


You can have a nine things in your life that are awful and you can improve all of them although maybe not at the same time by focusing on the one thing that's amazing. 


If you're thinking about something and it's not making you feel good, you will not feel better by thinking longer about it. Think about anything else. 


Feel. Good. All. The. Time. 


You might not be able to feel amazing all the time and that is okay feel as good as you can for as long as you can. 


Do not beat yourself up about ""negative"" feelings/things they are simply contrast to help you figure out what you actually want. 


No rituals required and nothing will work no ritual will work if you don't enjoy doing it. 


I highly recommend writing down three wins for each day, wins are completely subjective so you can say I got out of bed I had breakfast and I saw the sun shining. That can be your wins for the day as long as you are convinced they are wins. 


There's an effect called the winner effect where basically people and teams and companies that are winning keep on winning so start telling yourself that you're winning. 


Also feel free to audio or handwriting do gratitude journaling. Again some people say write it down I hate writing I've done audio gratitude and the best way to do it is the way that you enjoy it the most because that means you'll keep doing it. 


You got this. It might not be overnight success but there's no reason to quit because I promise you this stuff works and I don't have a course to sell you. ",Have you noticed that successful types like business men have an idea and chase there dreams and expect to make it.,
1qhm63t,Lawofattraction,Manifesting my ex back and he unfollowed me (feeling completely broken),"I was manifesting my ex-boyfriend back when he suddenly unfollowed me on Instagram.

What makes this even more confusing is that he still follows my grandma, and his mom and sister still follow me like nothing happened. So my brain is trying to make sense of something that honestly doesn’t make sense.

I really didn’t want to reach out to him, but it was stronger than me. I ended up asking:  
“Did I do something for you to unfollow me? I know you have free will, I just wanted to understand the reason.”  
He replied saying that I didn’t do anything wrong, and that he just preferred to do this until he gets himself organized.

That answer shattered me. My heart feels completely broken and on top of that, I’m angry at myself for still loving this man.

For context: the reason we broke up was because he said he wasn’t mentally okay. He was the one who asked to end things. I would never leave someone just because they’re struggling mentally, I would stay and help in every way I could.

When he came to return my belongings from his place, I asked if he still had feelings for me. He said yes. He even kissed me and kept hugging me.  
This January, he also texted me happy birthday. And to this day, he likes everything my grandma posts on Instagram.

I know some people will say: “Just let him go and move on.”  
“Leave him alone.”

  
But have you ever loved someone so deeply that just imagining them with another girl makes you physically sick? Because I’ve never felt this way before in my life.

If anyone has real advice on how to get through this emotionally, or can recommend a very powerful reconciliation subliminal, I would genuinely appreciate it.",https://reddit.com/r/lawofattraction/comments/1qhm63t/manifesting_my_ex_back_and_he_unfollowed_me/,Need Help,2026-01-20 00:39:40,7,7,Powerful-Cranberry55,"frustration, confusion, loneliness",7,"You need time apart. Some unhealed part of you is over giving to the point of limerance, not love. Love isn't consuming like you described. 

What are you doing to show yourself love? Chasing after someone who isn't for you is an act of self sabotage. It sounds more like you're projecting and asking for something from the dynamic that they can't give you.","One of the distorted practices in spiritual circles is the belief that you can manifest a specific person into your life and mess with their energetic free will and life trajectory. If it's meant to happen it will happen, doing this is not working with any kind of universal fate it is energy manipulation.","Let’s take him 100% at face value. No doubt no wondering if it was a cop out. Just trust that he feels like something within him is preventing him from showing up to this relationship the way he feels it deserves and he’s taking time to fix it rather than letting it fester under the hood until it spreads like a black mold and infects you too. 

Taking that at face value, right, if he didn’t block you, the way you are expressing your longing here shows me you probably would have found reasons to reach out to him, to unknowingly poke him in a still healing wound because you need his attention/love/validation. You would have pushed him further away and possibly damaged any chance of reconciliation. 

The universe made space so he can do the healing he needs to do so you have a chance to come back together. Trust it. Let him. 

I DO know what it’s like to love someone so much I couldn’t stand the thought of them with someone else. But honestly, that’s not love that’s possession. When I reached the point of “Well, if he needs to love her to learn something about loving me, then so be it” that’s when that relationship fell apart and he came back to me. 

You don’t even have to face that. He’s not with someone else. He’s with himself working on himself. Love him there. Love him being self aware enough to know what he needs to be his best self. Send him your love when you wake up in the morning with a prayer to yourself or out loud but accept that you’ve planted the seed and it’s the universes job to pull the strings and align things into the relationship you desire and it’s your job to be surprised by how it happens."
1qhkg75,Lawofattraction,Fame Manifesting,"Hello everyone 

I’ve been successful with my manifestations and have had good results with success and fame. 

However, 4 years ago I needed to change my loving situations and had to travel across the globe and now I live somewhere else faraway. 

Ever since the big move my manifestations have felt useless. And my techniques for attracting fame and success feel extravagantly blocked. 

Does anyone know how to remove said blockage? 

New manifestation ideas? 

Different approach for the law of attraction? 

I’m feeling super close to where I want but it feels like I’m on the edge of a cliff and can’t build a bridge to the next part. 

I would love some help and advice. Feeling a little defeated but definitely have high hopes. 

Thanks in advance. ",https://reddit.com/r/lawofattraction/comments/1qhkg75/fame_manifesting/,Need Help,2026-01-19 23:27:47,2,1,Economy-Gear6507,confusion,1,"So i can see a pattern that when it comes to manifesting big ..there is a limiting pattern ingrained in your subconscious mind that achieving big fame comes with pain so to protect that unconscious identity,your subconscious is making you sabotage.So first you have to dig down to the origin of that belief and then release it and then you can embody new self where you have a crazy fame that feels safe .And if you want to tell me the specific detail on what you wanna achieve then i know that i can help you and you can msg me.",,
1qhgszm,Lawofattraction,what am i supposed to do now? just forget?,"Hi guys!

So, I am new to manifestation. I'm trying out the 369 method: writing my desires 3 times, writing why it manifested 6 times, and writing how i feel that it manifested 9 times. I've just been watching some short form videos, reading old posts on here, etc, and people say that after they do their graditude and manifestation time they release that energy to the universe, basically forget about it, continue your day living in that manifestation. 

I guess I'm just confused about *how* I'm supposed to go on. I get these feelings of excitement knowing that is coming to me and it's on its way; but I know I need to believe it already happened. I need to be calm because the version of me in the future that I am manifesting now is calm and grateful, not excited and waiting. 

How do I break this excited thought loop and live presently? Am I thinking about this the correct way? ",https://reddit.com/r/lawofattraction/comments/1qhgszm/what_am_i_supposed_to_do_now_just_forget/,Insight & Advice,2026-01-19 21:08:05,3,1,cowrious0wl,"frustration, confusion",1,Express your gratitude and say thanks,,
1qhfrvp,Lawofattraction,Is it possible to sign a client before February,"Is it possible to earn $150-200 before February

Hello everyone I hope you're doing well.

I'll be super straight forward.

My offer - I'll help a pre-existing X content creator grow on Instagram by creating and managing the account. 
For this I'll charge 150-200 dollars in the first month.

It has been quite some time since I am trying to sign one client. I am doing the work that I am supposed to but still I see no movement.

Now it's a do or die situation, I need some money before February (today's 20 Jan). Is it possible that I can manifest a client in 11 days ?

I don't even know if this post belongs here, if it doesn't I am sorry",https://reddit.com/r/lawofattraction/comments/1qhfrvp/is_it_possible_to_sign_a_client_before_february/,Need Help,2026-01-19 20:30:45,0,5,Dear_Inspection1513,frustration,2,"Yes, you can manifest this. As for your timeline, do you have skills and experience in this field? Have you had previous clients? This will affect your timeline.","I don't do the same thing as you but I have probably $8,000 of work that's coming in so yes it's very possible and best of luck to you. ☺️",
1qh8w80,Lawofattraction,Can yall please manifest for me,"Hiii, I want to request you all to please manifest for me that I got a job, I've been applying for a few months now and have been giving interviews, literally gave 5 interviews until now. I also reached till last round for 2 of the companies and still didn't get. I think I'm closer to getting it because I've just been working really really hard, It gets really difficult sometimes to stay in a positive mindset but If you guys can please manifest for me it would mean a lot, and may you get whatever you desire for amen🫶",https://reddit.com/r/lawofattraction/comments/1qh8w80/can_yall_please_manifest_for_me/,Need Help,2026-01-19 16:29:48,11,5,SubjectLiterature511,frustration,3,"As Abraham Hicks frequently says, “No one can manifest for anyone else; everyone controls their own energy.” But wishing you all the best with your future manifestations! :-)","Successful manifestation requires your own alignment and focus. Start by writing down all the times you have been successful in life. Then write down all the reasons you’d be a wonderful employee for an organisation. Write these lists daily, until you start to *FEEL it.*","Sending good vibes your way and hoping you do get this specific job that you want.

Heaven knows I’d ask for help manifesting it as well."
1qh4hqn,Lawofattraction,Idk wht to do please help,okay so my sp is a guy I was talking to last year in May and around oct he told me tht maybe we're not meant to be and we stopped talking ( we were in a situationship) he's a great guy he had some of his own struggles with college and all but mind you he's amazing. I have very bad self concept ig? because I keep feeling depressed over nothing also I'm stressed as well because of my studies. so last night I saw his instagram where he only follows 55 people and there was a new girl there ik it means nothing but I am still feeling like a loser like wht if there is something idk Abt. I'm also very insecure and she was very pretty. but idk wht to do now I do sc affirmations and sp affirmations but  today I spent my whole day depressed Abt this fact idk how to overcome this fear of being replaced. someone suggested me to work on my sc for a week or so but I feel like if I focus on myself I might lose him???? please help ik i can do it but it's just something in me so scared I can't get over ,https://reddit.com/r/lawofattraction/comments/1qh4hqn/idk_wht_to_do_please_help/,Need Help,2026-01-19 13:44:03,3,2,still_thibking_thou,"frustration, confusion, fear",2,"If you can't feel good about the topic you're trying to create, you probably should think about something or anything else that helps you to feel happy to feel good. ","this sounds like anxiety and insecurity talking, not intuition. checking his socials is only feeding the spiral. focusing on yourself won’t make you lose him, it actually helps you feel more grounded instead of stuck in fear.

also a situationship ending doesn’t mean you weren’t enough. it just means timing and circumstances didn’t line up. working on your self concept isn’t giving up, it’s choosing your peace. right now your nervous system needs calm more than affirmations. be gentle with yourself.",
1qgs4ze,Lawofattraction,"Mental health, chronic illness and poverty","i am sure many of you had similar issues

i am unable to be a functional due to chronic illness, pain and mental health struggles. i have no real support system and i am completely on my own.

i have unpaid bills i cannot pay and i feel sick to my stomach.

i never thought i would end up like this.

i have been reading up on manifestation and other things but... i just feel so pathethic. well, tbh i was raised by a narcissistic mother that always called me fat and ugly. i have no feeling of self worth 

i dont know how to change into... positive thinking. no idea how to manifest. when i say things like ""i am adored"" i want to scoff or cry or make myself small. my reality of pain and unpaid bills is still... real.

i tried to apply to jobs too but when i had an opportunity panic attacks and pain got in the way and because i was so quickly tired and fatigued i was unable to hold the job.

how did you do it? how do people in my situation... how? it feels so unattainable and changing belief systems you grew up with are so hard. brains just love patterns.",https://reddit.com/r/lawofattraction/comments/1qgs4ze/mental_health_chronic_illness_and_poverty/,Need Help,2026-01-19 02:43:43,1,2,AffectionateAgent260,"frustration, confusion, fear",2,"Listen, I’m going to give you the key right now, was literally in a very similar situation to you. I don’t feel like explaining everything cause it’s to much but Listen/watch Bob proctor on YouTube. Watch the videos everyday for a month and I guarantee your life will change. Specially check out his paradigms videos. “You can lead a horse to water but you can’t make them drink”.","Same happens to me. I hit rock bottom and started something new only a few days ago. It is extreme. Going back to the roots of a human person. Almost no technology whatsoever in my life. Minimalist lifestyle. No social media, no YouTube , photos, other apps on my phone. You and i have to learn to be alone with ourselves without needing anything external",
1qgpm9c,Lawofattraction,Manifesting money back,"I got myself into a bad situation. I lent a really large amount of money to a person I trusted during a difficult moment in their life, but they scammed me and are now completely ignoring me. I'm trying to manifest getting my money back, but every day I feel worse, like I'm scared I’ll never get it back",https://reddit.com/r/lawofattraction/comments/1qgpm9c/manifesting_money_back/,Need Help,2026-01-19 00:47:17,4,4,Revolutionary-Sun369,"frustration, fear",4,If you can't feel good about the topic that you are trying to manifest then you should focus on anything and everything else. Anything that will make you feel good and completely ignore the bad topic. This is straight from Esther and Abraham videos I claim no credit but it's a great idea. ☺️,Have you been affirming that “X is returning the money to me” or “the money (insert dollar amount) has returned to me? There are a lot of different ways you could manifest it coming back to you. I think scripting and affirming it with serious intention as much as possible would help,Dont lend anyone anything that you aren't able to let go of
1qgjl5x,Lawofattraction,Taller with closed growth plates?,"Hi, I always see vidoes from people who say that they reached 3-4 inches in height after they growth plates closed.

  
Question: Is it fake or is there some truth about that?",https://reddit.com/r/lawofattraction/comments/1qgjl5x/taller_with_closed_growth_plates/,Insight & Advice,2026-01-18 20:35:47,2,1,Internal-Resort9137,confusion,1,"It’s true, anything is possible with the law. I’ve personally bent the laws of physics a few times. 

 Most recently regrew a toenail that got broken in half in only a day and a night instead of the usual months. If you need help our discord server can give you more expert advice. I’m not very active on Reddit these days. 

https://discord.gg/bVgX6qwy",,
1qgfp8b,Lawofattraction,Everything falling apart,"&#x200B;

Hi guys! 

I don’t know if my manifestation is close or if I’m under some kind of curse lol

Everything around me is breaking. My TV, my phone, my fan, and even my kitchen cabinet broke out of nowhere, all in the same week.

I’ve also been crying quite often for about a week now, and yesterday I had a fight with the person I was dating. I finally decided to cut contact because it doesn’t align with what I want for myself and I’m not resting well either.

I’ve also noticed that over the past few weeks everything feels kind of stuck. People who used to talk to me every day aren’t doing so anymore, or the communication just doesn’t flow. It’s like everything is static. I don’t feel bad, but I do feel a strange, unfamiliar sensation.

I don’t know if my reality is breaking apart or what, but I’d really like to know if this has happened to anyone else, or what you think it could be.

Thank you for reading me!",https://reddit.com/r/lawofattraction/comments/1qgfp8b/everything_falling_apart/,Insight & Advice,2026-01-18 18:08:50,23,7,Ok-Lime-5050,frustration,7,"I'm sorry, my English is not my native language so please excuse me if I make mistakes.



It sounds like you are going through very intense period where everything is crashing at once. In my experience, when physical objects like your TV or phone break together with relationships, it is often sign that internal frequency is shifting very fast and old reality cannot keep up. It feels like ""static"" because you are in middle of big recalibration.



What I found in over thousand sessions when we facilitate soul journeys and connection with Higher Self is that your Higher Self knows everything what is happening and why this is happening. In these sessions, we see that Higher Self understands exactly what are the root causes of these strange sensations and can tell you the truth behind why things are breaking now.



Sometimes, these mysterious feelings and ""stuck"" communication are caused by attached energies or old programs from other lives that are finally coming to surface to be released. When you decided to cut contact with that person, you actually started reclaiming personal power, which is great first step.



Here are few things you can try:



\- Take time to ground yourself. Walk barefoot on grass or just touch tree for few minutes to let Earth help you stabilize this chaotic energy.

\- Talk to your body like friend. If you are not resting well, tell your body it is safe to relax and that you are protecting your space.

\- Pay attention to your dreams right now. They often contain messages from Higher Self about what exactly is breaking away.



Higher Self can identify and deal with source of problem for your greatest good, showing if there is external influence or just soul fragmentation needing healing.



Have you noticed if these things started breaking exactly after you made specific decision about your future?","I recently went through a patch like this. It feels as though everything is not working. I soon realised I had so much sadness, anger etc. I decided that I will not let the shit times dictate me. I used that energy to work on things and slowly come through the other end.

I have now been humbled allot, can connect with people better and have built more resilience. I had a pretty good run for the 3-4 years, so going through some adversity helped me to connect with others how shit feels like. 

Sometimes you have to say *uck the laws of attraction and do what you need to do.","That happened to me at the end of December. My washer broke, my car got hit, and a few other things failed including a close friendship. But I am certain the outcome I want is written in stone. I feel it iwith everything I am, and it’s coming up fast now."
1qgde6s,Lawofattraction,How do I manifest? Or any failed assertion?,,https://reddit.com/r/lawofattraction/comments/1qgde6s/how_do_i_manifest_or_any_failed_assertion/,Need Help,2026-01-18 16:42:45,1,1,Desperate_Rule_5248,"frustration, disappointment",0,,,
1qgc09q,Lawofattraction,To those who have achieved everything that they wanted - some questions," Were you able to achieve anything that one might can say were scientifically illogical or inexplicable ? What are the limits to menifestations or LOA, what are the limits? I believe we deal and connect with powers beyond our comprehension, were there any instance during your whole journey where you felt like that was such a surreal moment or experience?

  
",https://reddit.com/r/lawofattraction/comments/1qgc09q/to_those_who_have_achieved_everything_that_they/,Discussion,2026-01-18 15:50:27,11,1,Adorable_hamster_73,confusion,1,"I have not manifested everything I want, however I can manifest a few things instantly and other bigger in some hours or days.

Yes, many inexplainable things. In my daily life, many times buttons click themselves on my phone before I click on them.

I can change the weather from anything to anything, however this takes a lot of effort. Clearing up skies is the easiest and I can do maybe in 1 hour. If we are talking about creating rain or thunder, it can be a week or more
Changing the temperature is the hardest one

I can instantly make me feel any feeling for a second or two. It's not extremely strong but definitely noticeable.

I can also manifest about any physical difference for a while but mostly I can only feel the difference and not see it. If I see it it only lasts a day. But in the past I have manifested permanent changes.

I've manifested people I would find interesting and people giving me gifts",,
1qfgsmg,Lawofattraction,Are you able to manifest physical changes?,I am trying to increase my height but manifestation is not working for me. That's why I am curious to know did anyone able to successfully manifest physical changes over the time? I am 5'4 btw and it's depressing ,https://reddit.com/r/lawofattraction/comments/1qfgsmg/are_you_able_to_manifest_physical_changes/,Insight & Advice,2026-01-17 15:56:32,5,9,Some-Historian-8893,"frustration, disappointment",3,This might help https://www.reddit.com/r/lawofassumption/s/yKOBHbUJqW,"You’re not changing your height. You’re changing your preferred state of being in what being taller implies. Height isn’t a state of being. Confidence and security for example is typically the implication. If you and everyone loved and respected yourself, your height wouldn’t have any meaning. Height doesn’t mean anything without knowing its desired effect.","I think height is something difficult to change, no matter what you’re using. But obviously you want some imagined benefits from being taller you can manifest those benefits with your height. That’s what you should focus on."
1qf81tq,Lawofattraction,I have a question about delusional people and the law of attraction,"What if someone is delusional and they believe that they have what they don't have, like really believe it and they feel it and even enjoy having it? Will that help them attract that thing? They don't say even in their mind the words ""I want this... that... I desire this, that,"" but they don't want or desire it anymore because they have it, they simply live their life because like they actually have it. But theu are delusional, so is that gonna help them really attract, make it happen, or manifest it?",https://reddit.com/r/lawofattraction/comments/1qf81tq/i_have_a_question_about_delusional_people_and_the/,Insight & Advice,2026-01-17 08:35:33,5,1,maevly,confusion,1,"Just like anything, it works for some and not for others",,
1qesmza,Lawofattraction,Im mentally exhausted.,Ive been manifesting and always being and thinking the best things but lately I’ve been feeing more and more mentally exhausted I cant keep manifesting anymore. I feel like on of these days my mind is all going to come crashing down like a lost game of jenga. This and talking to god but may times seeing small improovements and a lot of maybe keeps me hanging on by a string. Can someone help mr? Help me with ehat exactly I dont knoe. Ive always felt and been blessed but lately ive been hit in the face by god and life multiple times. And it all started last week.,https://reddit.com/r/lawofattraction/comments/1qesmza/im_mentally_exhausted/,Need Help,2026-01-16 21:22:45,8,7,Salty_War1400,"frustration, confusion",6,"Take a break. No loa, no manifesting. Forget about it for a while. Worked for me.","It shouldn’t feel like a full-time job. If it’s exhausting you, that’s a sign to relax and put it on autopilot for a while. Make a few affirmation recordings and play them only when you actually feel like it.","You are burnt out. Constantly trying to think the right thoughts, manifest correctly, or interpret signs can exhaust the mind, especially when life feels unstable. It’s okay to stop manifesting altogether for a while, nothing breaks if you rest, let go, and focus on grounding and basic care. Faith, growth, and healing aren’t linear, periods of confusion and exhaustion don’t mean you’re being punished or that things are falling apart, they often mean you’ve been pushing too hard and need gentleness, support, and real rest more than effort right now."
1qerxz7,Lawofattraction,Looking for manifestation buddy that can help me find my way again.,I recently got back into manifestation and I am trying to find my way into life again by manifesting good things but nothing works right now. If anyone can help please dm me!,https://reddit.com/r/lawofattraction/comments/1qerxz7/looking_for_manifestation_buddy_that_can_help_me/,Insight & Advice,2026-01-16 20:56:02,4,1,Powerful_Dot_2117,frustration,0,,,
1qerj2z,Lawofattraction,How to manifest a celebrity/public figure that you actually know in real life?,"Hello.

This is really random but I lost contact with my childhood best friend, I’d known him since I was a newborn, we were very young when we met. For context my godmother is his auntie but I’m not that close with her any more, I’ve seen her a few times but always just in passing, I haven’t seen her as in to meet up since 2013, I’ll always ask how she is and how him and his parents and brother are when I see her. I don’t have her number any more either so it isn’t as simple as just saying “ hey how is \_\_\_\_\_”. I came across some photos and wondered how he was doing and wanted to reach out, he was a little older than me by like 3 years so we lost contact when he was in year 9 of secondary school as I was still in primary school or year 7, so I get that completely. As I say I haven’t seen him since 2013.I searched him up on instagram and he actually came up, and it turns out he’s actually doing very well for himself and is a premier league footballer now ( I don’t keep up with football so I had no idea). So obviously it’s utterly unlikely he’d see my message having so many followers and probably endless messages.

I know people will just say “ message your godmother” but as I said I no longer have her number and it would seem as though as I’m just messaging her to get in contact with him. I was thinking because I actually know him and he isn’t just some random public figure I took a liking to, it might make manifesting easier. I’m actually genuinely looking to rekindle our friendship, we had some great times together and it was like a crazy moment to see he followed his passion and has made a professional career from it. Part of me thinks because he’s famous now that he might have forgotten who I am or think I’m just reaching out because he’s successful. I also think he’d have a girlfriend and probably wouldn’t want to be friends like we were when we were children. I know these are limiting beliefs. But I genuinely was totally unaware he was in the public eye/famous.

Has any one had any success with manifesting a celebrity/public figure? And which methods worked well for you? Thank you.",https://reddit.com/r/lawofattraction/comments/1qerj2z/how_to_manifest_a_celebritypublic_figure_that_you/,Need Help,2026-01-16 20:40:08,2,1,barbie_d0ll369,confusion,0,,,
1qendov,Lawofattraction,"Feeling a little stuck, what do you do in these moments mates?","Hi friends! I consider myself a great attracter :)

Truly life has been a blessing, even when things go wrong only the best comes from it. Very grateful. I’ve been able to attract things that anyone else would consider impossible and it’s fun!

I’m feeling a bit stuck right now. There are a couple areas - professionally and romantically - where things are improving for me year over year however I’m not seeming to arrive at my destination. I’ve tried everything and even tried a few months of surrender last year where I truly let go stayed present but then the itch came back to make progress in both areas.

What do you do when you’re feeling a bit stagnant, like you’re going downstream but it’s a trickle rather than a white water rapid lol.

Thanks all :)",https://reddit.com/r/lawofattraction/comments/1qendov/feeling_a_little_stuck_what_do_you_do_in_these/,Insight & Advice,2026-01-16 18:05:52,4,1,[deleted],frustration,1,"Make sure your subconscious mind accepts your identity shift for each area. 

If you want a great long-term relationship, are you affirming that you are an amazing long-term partner (the identity of a person in a great long-term relationship)?

I don't remember who came up with the 'Be. Do. Have.' conceptual framework, but it is a valuable identity shifting technique.",,
1qeibmw,Lawofattraction,My biggest illusion: a busy mind meant my life was moving.,"For a long time, I wanted to build my own business, but overthinking completely froze me. It got so bad that I even started wondering if I had ADHD.

It always started with one simple idea. Instead of taking action, my mind jumped straight to imagining success—prices, users, profits. In my head, I was already rich. Because of that, I never took the first step.

After days of repeating these thoughts, the idea started to feel real, even though nothing had actually happened. I felt busy all the time, like I was “working.” Thinking felt like planning, and planning felt like progress.

This is the biggest trap of overthinking: it makes you feel productive while keeping you stuck.

Because I had already played everything out in my head, action started to feel risky. Fear of failure grew, so I escaped into more thinking. My mind felt like it was running 24/7. When I tried to stop overthinking, it got worse. I even started overthinking about how to stop overthinking.

After trying many things, I finally found an approach that helped me break this loop.

If you’re stuck in the same cycle—big ideas, constant thinking, but no movement—comment below. I’m testing a simple way to get out of this and looking for a few beta users who want to try it and give honest feedback.",https://reddit.com/r/lawofattraction/comments/1qeibmw/my_biggest_illusion_a_busy_mind_meant_my_life_was/,Insight & Advice,2026-01-16 15:03:43,5,0,Beginning-Wolf6445,"frustration, confusion, fear",0,,,
1qefm9c,Lawofattraction,I manifested bad things but I still manifested.,"So for context few days ago I injured myself and shortly before I had affirmed ""I don't care if I injure myself doing this"" because I know I am of good health and can recover easily however I think I manifested the injury due to this affirmation I felt at peace during the task before the incident took place.

I also manifested a friend's injury, I intrusively was thinking about a scenario and affirmed ""I don't care if this happens."" I care about the friend deeply but I was trying to calm myself down with the affirmation. 

I recently have been trying to detach because I get in my emotions and that side needs to be less active. It seems like my emotional dysregulation and lack of consideration is putting myself and others into harm. My friend has since recovered and it was only a minor injury but another time when I was extremely angry I manifested an ex to move away from my home (I didn't like them interacting with my friends because I would get left out, and I don't think my friends intended to leave me out.). 

I have other desires but I am unable to manifest what I want to. I think it is tied my mood, and my mood decides if I feel calm or not. I can't affirm away my mood, but I tend to notice sometimes I become apathetic and that's when I manifest but my desires make me feel restless or like I need to check my results constantly.",https://reddit.com/r/lawofattraction/comments/1qefm9c/i_manifested_bad_things_but_i_still_manifested/,Need Help,2026-01-16 13:14:14,2,0,MaximumTangerine5662,frustration,0,,,
1qeelxf,Lawofattraction,"Visualize and 'Feeling' my desires, then no grounded motivation.","I have a question. When I visualize and 'feel' my desires to such an extent that I believe they have already happened, then I no longer have any motivation whatsoever to take any action (even aligned action, whatever that is), because in my mind its all done, and dusted, and then it seems I just sit back and wait for whatever to drop into my lap, without taking any physical real world actions at all.

   Because that is the way it seems to be portrayed in all the Loa books and websites.

But when I give up on manifestation altogether, and stop relying on it, as a lazy shortcut to an easy life I wake up to the fact, that to get anything going in the real world, I gotta take action in the real world.

Win the lottery, yeah, fair enough, but also buy a ticket !

Travel to far away places, buy a plane ticket, and so on.

I just get knocked way of course when using all these manifestation and visualization techniques, and common sense strategies just go out the window. 

 Anyone else find it the same ? ",https://reddit.com/r/lawofattraction/comments/1qeelxf/visualize_and_feeling_my_desires_then_no_grounded/,Need Help,2026-01-16 12:25:40,2,4,Late-Watercress42,confusion,3,"I can relate it's just I can't seem to take action because it feels like a chore. 
I procrastinate it. I know what I need to do but I can't seem do it.",Take as much action as you want as long as it feels good to do so.,"This happens because manifestation is often misunderstood as replacing action instead of guiding it. Feeling something as “done” isn’t meant to shut down movement, it’s meant to remove desperation so action feels natural instead of forced. When motivation disappears completely, it usually means the mind has checked out rather than aligned, real alignment tends to produce calm, obvious next steps, not passivity. Common sense still applies, manifestation works through real world actions and opportunities, not around them."
1qds6fm,Lawofattraction,Bad people are manifesting in life.,"I've had a lot of problems in my life, and that's been going on since I was little.There is no girl best friend in life. But I want to have a girl best friend.I couldn't keep anyone even after trying.However, I am not manifesting the person I like, he is manifesting, nor is another good person coming into my life.I am very tired and annoyed with my life.These kinds of boys are manifesting, who are bad in every way or I don't like.Every boy is turning out to be bad in every way.But I don't think about these guys, and my self-concept isn't bad, anyway.What can I do, please help. I'm getting annoyed.
When these situations come up, I myself have stopped talking to anyone. Even then, they keep coming with lies or excuses of some kind of help.I didn't think about these things before, I thought that if it gets bad this time, it will get better later. If it gets worse, it can't be called a manifestation anymore. Still, if it's a manifestation, how can I stop it? 😭😭😭",https://reddit.com/r/lawofattraction/comments/1qds6fm/bad_people_are_manifesting_in_life/,Need Help,2026-01-15 18:51:50,6,10,VictoryOdd2449,frustration,5,"The law of attraction is also called the law of ""mirrors"" or ""mirroring"".

You are always getting what you are giving.

The ""I will solve your problem"" person attracts people with problems to exchange. Teachers attract students and students attract teachers.

Your family members unconsciously say and do exactly the right things to make you feel how you are making them feel.

And the people that randomly interact with you are showing you something about yourself that you aren't seeing. If you don't like it, get the message and change the side you of yourself you are bringing out.

How? Be a little more honest about yourself even if it doesn't feel great. Describe what the ""bad"" part of this person seems to be. Like: ""Oh, he only cares about himself.""  And then your job is to look at that mirror. ""When do I [only care about myself]?""  You tell yourself, this [bad thing] is an ability that everyone has, including you. You remember and forgive yourself for having acted that way in the past. You forgive others for reminding you of having been that way. And then you decide when you will and won't use that ability in the future. If another person shows up with the same thing, repeat the process, be more observant and more truthful with yourself. You'll know you are done when different people show up.","You may have developed a subconscious belief that everyone coming into your life will be rotten. The fix: Use the sentence that you feel is most appropriate but here's an example: At bedtime, just before you fall asleep is when your conscious mind shuts down for the day and your subconscious opens up, accepting anything you say is true. Repeat the sentence over and over and over till you drift off to sleep. ""I attract the most compatible people into my life and have no opposing beliefs, I attract the most compatible people into my life and have no opposing beliefs, I attract the most compatible people into my life and have no opposing beliefs, I attract..."" Be sure your sentence always ends with ""and I have no opposing beliefs."" 😃👌",Where are you hanging out?  I mean if you hang out at the circus you’re going to meet clowns. 🤡 
1qdkg1a,Lawofattraction,Manifesting ex wrong?,"Hey guys!!

I’m a little conflicted and need your help.

I have been familiar with law of attraction/law of assumption for a longer time and sort of lost myself and havent done it in a while.

My ldr boyfriend of 3 years broke up with me 3 months ago because he was choosing to stay in his country and chose his family and friends and said everything was just too much and it seemed too difficult (Australia, I’m from Germany). Hes also a nurse and nurses have it harder in Germany than they do in Australia. We always talked about him moving here and never me there because that was like a boundary in the beginning of our relationship but he changed his mind with very valid reasons to break up tbh so I wasn’t even mad nust heartbroken to the core.

He reached out to me end of December so almost 1 1/2 months into the break up and asked me if I could imagine moving to Sydney for him and at first I considered it but realised super quickly (which was also a given term in our relationship) that I want to stay with my family in Germany cause I’m very very close with my family.

I told him I could move away and we both had no other solution left and started accepting we weren’t going to work out and would never see each other again. Thay was around 2 weeks ago. We wanted to have a final goodbye call but he asked to postpone it to this week because he can’t let go yet and tbh neither can I and have exams rn so I said yes. He asked me again to extend it till the end of the month because he’s scared to let me go.

Now I was talking to my friend and she went

Just use the law of assumption and assume and align with the reality in which he will want to come to Germany to live with you and will be happy in Germany and like it (cause he dislikes it and thinks he won’t be happy here).

Idk if that is wrong to do? Idk if it’s wrong to manifest someone here if he said he can’t imagine it.

And idk I’m scared to manifest him and then for it to backfire once he’s here you know?

Like I’m scared I’m missing out on my actual person if I do this

So I keep saying

“Universe if he’s my person he will want to move here and will be happy here. If not take him and bring me my actual person”

Cause I’m so scared of forcing something I’m not supposed to be forcing",https://reddit.com/r/lawofattraction/comments/1qdkg1a/manifesting_ex_wrong/,Need Help,2026-01-15 14:07:04,3,11,Difficult-Pepper-238,"frustration, confusion, fear",6,"I like to manifest a feeling and welcome whatever form that comes in. You want a loving relationship with someone whose happy in life and where they live. Can you instead welcome that whatever shape/person it comes in versus just this specific ex? Something to think about. 
And no nothing is wrong unless you’re actively trying to hurt someone. But I have a feeling even if you manifested him to Germany, you’d always feel a bit guilty and overthink it, worrying if he’s truly happy. I like your mantra, it allowing it to unfold if it’s meant to and releasing attachment. 

Australia is super fun, you’d have a good time if you chose to go there even short term as well 🙃","Tbh, you had a very healthy relationship and healthy break up.

Ive been on the manifesting SP journey and I think it has been more harmful to me than the outcomes i got out of it. Fyi- i did manifest exact conversations I had with my SP. 

It is okay to manifest a state of life- comfortable, success, love, etc. 

Specific outcomes, like specific person etc' i think makes it obsessive and also makes you go a bit deranged and make you blame yourself when it does not have. 

Im in the same boat as you- i think its made me limerent. I would encourage you to just manifest general things like universe will bring me whats best for me. Which is almost similar to what all religions teach. 

Imagine a happpy married life, generally a partner wanting to be with you and relocating for you- this is a major requirement for me. I ve been an expat all my life and my exes were guys who would be open to moving anywherr. But ive had unhealthy situationships where i was ready to settlr for a guy stuck in one place. It used to feel like i was self sabotaging my own destiny and desire of being location agnostic and thats why they never worked out. Despite everything else.","Sorry, my English not native language, but I understand this conflict well. Many people ask same thing in my sessions.

Here what I tell them - LOA not about forcing someone to do what they don't want. You cannot override free will, no matter how strong your belief. If that person truly does not want to move to Germany, your manifestation won't change their heart. But here what's interesting:

**If you are truly aligned and this is meant for you, the path will open naturally.** You won't have to force. You won't have to manipulate. The resistance he feels now can dissolve through your alignment and through divine timing. Sometimes people say ""I can't imagine"" when they're in fear, not in truth. When fear clears, perspective changes.

Let me share story from one of my sessions - client was in very similar situation. She wanted to manifest her boyfriend moving across country to be with her. He said no, he wouldn't be happy there. She obsessed over it, tried LOA techniques, but nothing shifted. When we accessed her Higher Self during session, the answer surprised her.

Her Higher Self showed her that she was so attached to him because she feared being alone and believed no one else could love her that way. It wasn't really about him - it was about her own worthiness and fear. They also showed her timeline where they reunited - in that timeline, circumstances changed naturally, he chose it himself without pressure. But they also showed her timeline where she let go and met someone else who was better aligned with her life path and values. The choice was hers - she had to release attachment from ego to see clearly.

Your fear of forcing - that actually blocking you. When you manifest from fear, you create more fear and resistance. When you manifest from trust, you create clarity and flow.

Your current prayer ""if he's my person, he will want to move here"" - that actually perfect. You surrendering outcome. You trusting Universe know better than your ego. That's real alignment.

Your Higher Self knows exactly what's in your highest good. They see timelines you can't see. They know if this relationship serves your growth or if it holding you back from something else.

I help people get clarity on this exact situation all time - manifesting relationships, understanding soul contracts, releasing attachment.

If you want explore whether this person is truly your match or if there's something else for you, we can chat.

You already wise to surrender. Trust that wisdom."
1qdjnvv,Lawofattraction,My experience after doing hoponopono prayer.,"So, for the last two years, I had gone through a lot, emotionally and had been blaming myself and putting my self down for it.

Today, I tried the ho'oponopono mediation, to apologise to myself for self hate and self blame. I started to cry. I even journaled it like a letter to my​ self. The thing is, even after I stopped crying, ​I feel like the grief is lingering down there. What does that mean? How do I let it go?",https://reddit.com/r/lawofattraction/comments/1qdjnvv/my_experience_after_doing_hoponopono_prayer/,Insight & Advice,2026-01-15 13:35:14,27,10,Front-Obligation-790,confusion,5,You are healing because you changed the meaning. You are making peace within because love is your true identity.,"Thank your grief. Thank you for teaching me and guiding me to forgive. Say “I forgive you.” Remind yourself that you’re safe to forgive. That you’re safe. Let the grief know it’s ok to go. 


 And physically move your body to get the grief out. Maybe dance, run, and cry. 

Then once you’re done crying smile and tell your self thank you. Give a big hug to yourself and celebrate! You’re doing a big thing, you get to feel happy and proud. If you feel the grief again, just say, silly grief, I already learned my lesson! Thanks again! And smile.","Sorry, my English not native language, but this is actually very good sign what happened to you.

The grief you feel lingering - that not new. That was already there, buried under your self-hate and self-blame. Ho'oponopono didn't create grief. It cracked the shell so old grief could finally come out to be released.

What happens in sessions I do - when we start deep forgiveness work, people often cry, feel grief, sometimes feel worse before they feel better. That's because body and energy system finally allowing what was trapped to move. Self-hate is like lid on pot keeping everything suppressed. When you lift lid with love and forgiveness, everything boils up.

The crying you did - that release. The lingering grief - that continuing release. Don't fear it. Don't try push it down. Let it flow. That's actually the letting go happening in real time.

Here what helps when grief stays stuck:

**Continue Ho'oponopono** \- Say ""I'm sorry, please forgive me, thank you, I love you"" to the grief itself. Not just to yourself, but to the feeling. Treat grief like wounded child that needs love, not problem that needs fixing.

**Let body release** \- Sometimes grief held in body parts - chest, throat, stomach. Notice where you feel it, breathe into it, let it express.

**Ask your Higher Self** \- During meditation, ask them: ""What this grief protecting? What still needs release? Show me root of this so I can let go fully."" Higher Self knows exactly what stuck and why.

I had client once who did similar work - she forgave herself for years, but grief kept coming back. In session, we accessed her Higher Self. They showed her that the grief wasn't just from last two years. It was from lifetime pattern of holding guilt, from ancestral burden she carried. Once she saw this and released at root level, the grief dissolved completely.

Grief is not enemy. It's energy moving out. Let it move.

If this grief continues and feel too heavy or stuck, I can chat with you to help.

You already doing brave work. Trust it."
1qdh65z,Lawofattraction,How many of your manifestations come true?,"I believe in manifestation and I have manifested a lot of things. I do struggle with self doubt every now and then. The last time I manifested was on 1 jan this year( 12 grapes ). Last year I did something similar to 12 grapes, that's is I wrote 12 wishes in a paper

1)one of the wishes was to get a lot of money and it came true within 2 days 

2)another wish was to get a Bestfriend, I didn't get a Bestfriend but I got a friend.

3) Gaining weight also came true. I had high metabolism my entire life and never gained weight no matter how much I tried, but this year I gained weight :)

I am grateful for all the wishes that came true.
But most of my wishes where not fulfilled. Maybe because I didn't put the efforts that some of them required.
If most of your wishes come true often,
What do you guys that make most of your wishes come true.
Do you guys script everyday? Visualise everyday? Affirm everyday? See your vision board everyday? Listen to subliminal often?Or just doing any one of the techniques one day and leaving it alone.
I have actually stopped obsessing about LOA for a very long time(i used to watch a lot of yt videos on loa, and it was just annoying). Now i would just script and leave it alone. Today I just thought of this.",https://reddit.com/r/lawofattraction/comments/1qdh65z/how_many_of_your_manifestations_come_true/,Discussion,2026-01-15 11:33:28,13,2,Pale-Sea2542,"loneliness, insecurity",1,"What your examples show is that belief alone isn’t the deciding factor. Some things landed quickly, others partially, others not at all. Even though the “method” was the same. That usually points to differences in expectation, not in effort.

When people ask what they did more of, like scripting daily, visualizing, or affirming, they’re usually looking for a controllable action. But expectation doesn’t strengthen through mere repetition of these actions. Repetition often appears because expectation isn’t stable yet.

The useful question isn’t which technique works best. What is important is what happens within you when there’s no outer confirmation yet. That’s where the results tend to diverge",,
1qdfn27,Lawofattraction,Is this acting as if ?,"So if I want to manifest a wealthy lifestyle with my dream job, would I be renting a room in a city before I find a job ? Or would I be going back to my parents to save first?

I’m stuck because going back is not going to help my mental health but it seems like the wisest and strategic option… renting now might mean I have to accept a low end job for now until I find my dream job.

What would be ‘acting as if’ in this scenario? How can I just ignore the 3d ?",https://reddit.com/r/lawofattraction/comments/1qdfn27/is_this_acting_as_if/,Need Help,2026-01-15 10:01:43,4,7,Hypatiacleo,frustration,5,"I wouldn’t rent the room in the city if you can’t afford it. That’s just going to cause more stress. For me acting as if is more how you actually act and your thought patterns. 

That version of you living in the city… how does she dress, walk talk, eat? Does she binge Netflix all day or wake up an hour earlier to work on her own business? Things like that. 

And accepting a low end job while working on your dream life is a very necessary step as long as you don’t get “comfortable there” and forget your dreams.","You can't ""act as if"" if the thing you are doing makes you feel something different than ""as if it were true"".  For instance, if a person in debt and wants more money acts as if they have the money and spend it all over the place, this action could make them feel more despondant because they know in the back of their mind, they can't afford to be doing this with their money, they are, in fact, working contrary to acting as if, even though they are taking the actions.

Whatever your choice, you want it to \*feel\* as if you were already there.  What would the person with a wealthy lifestyle and dream job act like - in a personal expession kind of way?  Are you acting with the same amount of confidence?  Are you seeing other people and situations from the eyes of someone with a wealthy lifestyle and dream job?

The steps to getting there are the qualities of being there.",Baby steps baby steps...you're only given what you can handle...not many become jackpot winners overnight..
1qda659,Lawofattraction,I want love but scared of men,"Ever since I was a kid, I saw many cheaters, narcissists etc. my personal experience with male friends were horrible. These are stopping me from believing that I’m able to attract a loyal man. All the guys who asked me out were crazy about women. They literally liked everyone so they weren’t serious. I want someone who will stay loyal and understand me. It seems like I will never find anyone. A part of me believes that good man exist but idk why I attract those who are not serous. Also, I keep seeing women getting cheated on social media. All of these things are messing with my mind. What can I do to remove these thoughts and attract a loyal bf? 
",https://reddit.com/r/lawofattraction/comments/1qda659/i_want_love_but_scared_of_men/,Need Help,2026-01-15 04:45:05,30,16,nightaow,fear,10,"I feel this so deeply. I’ve been there. because of my past trauma, I had serious trust issues and a part of me even hated men. I used to confuse validation with love and I’d lie or use men just to feel in control so I wouldn’t get hurt. Looking back, I see how much that held me back from real connection.

What changed everything for me was healing my relationship with myself. I faced my fears, let go of limiting beliefs, and learned to truly love and accept myself. Only then did I start attracting men who were loyal, understanding, and genuinely aligned with me. You can do the same — it starts with releasing those old fears and trusting that you are worthy of real love.","I would suggest to reimagine those memories to their exact opposites, and create a picture of a genuine, warm, loyal man who is incredibly patient and is always with you, so your nervous system knows what that feels like and responds when you meet one.","Here's a conversation I wrote to help heal about not feeling worthy and wanting to find a good man:

*""I want to feel loved, appreciated and worthy. But I don't. I feel rejected and unworthy. I don't believe there are good men. And even if I did, I don't believe I am worthy of their love. I wish I didn't feel that way, but I do.""*

*""Wouldn't it be nice if I believed good men exist and I am worthy of love? Yeah, I'd love nothing more than to genuinely believe that. But I don't. And if I'm being honest, telling myself affirmations like, 'Good men exist,' and, 'I am worthy of love' doesn't help me feel better. In fact, it kind of makes me feel worse. Because I just don't believe that. I have no reason to. I'm a smart person, who has lived life that shows me that has not been my experience.""*

*""Okay, that's good to know. I'm trying to force myself to believe something I don't. So I'm going to take an easier path and stop placing unrealistic expectations on myself. To stop putting so much pressure on myself, and just let those limiting beliefs stay where they are for now. I'm not trying to change them; because right now, that just feels impossible. So, what feels a little easier?""*

*""I don't believe there are faithful men. But, am I faithful to myself? Am I committed to myself? Honestly, no. I've been judging and rejecting myself. I abandoned myself. And I guess that's why I've been feeling so upset.""*

*""What feels easier to think about? Does it feel a little easier to think good men do exist? Somewhere. Maybe not on Earth. But do I think even one good man exists in the Milky Way Galaxy? Well, if we're talking about space, then they're probably not a man haha. But okay, let's bring it back to Earth. Do I think it's possible there's at least one good man on the planet? Yeah, that's possible. Unlikely, but possible. I've heard stories of other people, or even my friends, who dated kind men. And again, I still haven't seen them. I haven't dated them, and I don't believe I ever will. But I at least like the thought that it's possible.""*

*""Wouldn't it be nice if I felt a little more worthy of being loved? Yeah, I'd like that. I don't believe it yet, but do I at least like the thought? Yeah.""*

*""And feeling 100% worthy right now isn't gonna happen, so I'm not stressed about that. My work is just to take the next step. So, what's the next practical step? Hmm... Well, I guess the next practical step is to start caring more about how I feel. And you know what? I'm doing that right now. This conversation I'm having with myself, limiting beliefs and negative emotions is helping me feel a little more seen, heard and validated. And I appreciate that I'm being honest and authentic. But I'm having this conversation because I do actually care about myself.""*

*""So, I still don't believe there are good men, and I still don't feel worthy. But do I feel a little better? Do I feel even just 1% better than I did a couple minutes ago? Yeah, I think so.""*

*""This conversation helped me feel a little more supported, and that's what I need from myself right now. And maybe that's what worthiness feels like? I don't know. I'm not sure. But I do feel a little better. And for right now, I'm letting that be enough.""*"
1qd9z8o,Lawofattraction,Dealing with limiting beliefs - feeling lighter!,"I decided to do a 30 day focus on finances.  I’m 20 days in with daily gratitude journal, writing “what’s going right”, paying attention to opportunities, affirmations, and praying out loud in my car.  At the beginning of the year I sensed God saying to “clear the clutter.”  I am working to remove extra stuff from my house, but i also believe this means limiting beliefs and challenging lies.

I didn’t have a healthy perception of finances when I was growing up (money used as leverage and control, etc).   

i ended up making several lists of money related thoughts over several days.  The pattern I saw was “I’m not worthy.  God rolls His eyes when I pray for help.”  The experiences I had as a kid - fear of asking for what I want / need were shaping my prayers.  But that’s isn’t who God is.  He’s a loving and generous Father.  making That connection changed a lot!  Things clicked and my perception’s been shifting.

y‘all, this isn’t easy.  But it is necessary.  i am in the process of forgiving my parents and reframing childhood experiences.

an Added challenge - DH learned his position is being phased out In the summer. He loves his job!  But we’re choosing to say “thank you” that he’s had this job/experience and view the job search as a journey. 

my anxiety is lessened.  I’m feeling “lighter.”  I am exploring where to go next in my own journey.  God said he would gently shepherd me/nudge me. I need to leave the outcome to Him.

i think my biggest takeaway is to listen and pay attention; sometimes the process means shifting and sifting. be kind to yourself.",https://reddit.com/r/lawofattraction/comments/1qd9z8o/dealing_with_limiting_beliefs_feeling_lighter/,Success story ,2026-01-15 04:35:33,11,1,TX_Farmer,fear,1,"I grew up ""poor"", and there were so many limiting beliefs about money. Here's a few things that helped me shift my beliefs on the topic:

1. Focus on the end result, i.e. the things you want money *for*, rather than the money itself.

2. Forget about *how*. One affirmation that I adopted was **""Money can come from anywhere, I don't have to control how it comes to me. Money always comes in enjoyable ways.""**

3. Read 'Secrets of the Millionaire Mind' by T Harv Eker. He gives a lot of common beliefs that poor people have vs the different beliefs that wealthy people have.",,
1qd4mo0,Lawofattraction,Manifest a girlfriend,"Hey yall 
Just a good Christian boy tryna figure out how to loose his V card 
Manifesting has always interested me but I was scared to pursue it.  
I’m kinda tired of the way I lived my life and I wanna be free to explore and pursue it.  
How can I manifest loosing my V card and having a really great sexual relationship? 
( I know NOTHING about it btw please explain like I’m 5 yrs old) 

Is there a process? 
Ritual? 
Affirmation? 
",https://reddit.com/r/lawofattraction/comments/1qd4mo0/manifest_a_girlfriend/,Need Help,2026-01-15 00:32:19,14,17,Radiant_Put_5941,"confusion, fear",6,Ask the people at your church to find you a bride. People love setting up people.,good christian boy and ur tryna lose ur v card? i swear christian’s don’t even be believing they own scriptures,"Not religious, but I’ve manifested pretty much every person I’ve been involved with. 

For my relationships specifically, a lot of it started with focusing on the physical qualities I wanted in a partner and I got what I wanted each time.

Ex: the first person I dated was a muscular, tall, gym rat with basically all the qualities I wanted. I saw him around campus and every time I’d see him, I thought about being with him and I ended up being with him.

Think about what you want your girl to look like. Hair color, height, age etc. 

Just know even if you get what you think you want, you may find that there are other parts of your manifestation that you may not have wanted."
1qd0pfl,Lawofattraction,How can i manifest a birthday message from him?,"My birthday is in 10 days, and I need to do everything by then.I’m anxious about whether he’ll be there on my birthday, so it’s hard for me to manifest. We’ve kind of been in a fight for two months. I don’t know how to manifest him texting me happy birthday, so I need some advice",https://reddit.com/r/lawofattraction/comments/1qd0pfl/how_can_i_manifest_a_birthday_message_from_him/,Need Help,2026-01-14 21:55:00,2,1,guzzol25,"frustration, confusion, fear",1,"You gotta let go of the want, the need and be happy where you are now. Whether or not u get the messege. Its yer birthday you are alive count your blessings. 


Also, if theres any doubt that he does or doesnt know it's your birthday just tell him it's your birthday.


I do that to all my friends on my birthday hahaha",,
1qcs500,Lawofattraction,How long did you feel it before it happened,"I’ve been trying to manifest a relationship for a while, but feel like all I’ve done for years is wait and pray. In the past couple weeks though, something so profound has begun to happen and I’m wondering if anyone else felt like this before they fell in love.

I feel his energy reaching and yearning for me through the veil…  Like so strongly- without a doubt in my mind. I feel like I’m in love already- I’ve never been in love but the way I’m feeling right now- never felt anything like it before. Nothing has changed in the 3D- no contact, haven’t met anyone new, nothing. But I feel his energy so strongly it’s overwhelming and I feel like I’m on top of the world, ecstatic.",https://reddit.com/r/lawofattraction/comments/1qcs500/how_long_did_you_feel_it_before_it_happened/,Insight & Advice,2026-01-14 16:40:21,9,4,Just-Pen-9932,"frustration, insecurity",3,The last time that happened for me I felt it in the summer and was in a relationship by December.,I felt “in love” in the weeks leading up to meeting my husband. It was a very strange sensation. It also felt like time slowed down right before too. Keep us updated!,"Yes, I felt mine."
1qck792,Lawofattraction,Looking for someone to help with my manifestation.,"So I recently got back into manifestation and want to manifest someone coming this week, but I'm how to do it. Can anyone help me? You can DJ me or something.",https://reddit.com/r/lawofattraction/comments/1qck792/looking_for_someone_to_help_with_my_manifestation/,Need Help,2026-01-14 10:47:35,5,1,EstablishmentNo2124,confusion,1,"Try looking for Youtube videos, there are tons about this specific topic you want to manifest",,
1qci8xy,Lawofattraction,why didn’t it work?,"today is results day, i am so confused and disheartened. i started manifesting my results after my exams.

i did everything. i believed SO much. i knew that things were going to go my way. there were doubts popping up in my mind, definitely, but id write it down, acknowledge it, and changed how i thought about myself. i’d affirm a lot. i saw angel numbers 111 and 333 SO SO SO often, even more when results day was nearing.

today, i received my results. horrible. can’t go to any institutions or courses i planned on going to. i have no choice but to study something i barely have interest in.

i don’t understand what went wrong. i’m so upset about my results, but i know, everything is going to work out just okay for me. i’m not worried much about my future, but i can’t help that feeling of sadness looking at my results slip.

why couldn’t i manifest it? 

also, can i even manifest a change of results? i’m doubting it because this is a really huge national exam and the results slip is physical on paper with me. ",https://reddit.com/r/lawofattraction/comments/1qci8xy/why_didnt_it_work/,Need Help,2026-01-14 08:43:45,8,13,Interesting-Board381,"confusion, fear, insecurity",5,You didn't know your subject that was being tested. You still have to study to pass the test.,"How far off were the results? If you needed a 100, did you score like a 90 or more like a 50?","Manifesting after an exam doesn’t make sense. It’s too late to manifest then. The results are already set once you write them down, it’s not like you can change facts to make your incorrect answers become correct. The time to manifest was before taking the exam."
1qc7ifr,Lawofattraction,Questions and need for advice,"Hi! This is my first post on this subreddit. I hope I'm doing it right lol

So, I have some problems I run into often with manifesting and I don't know how to fix them. And I also have some questions if y'all don't mind answering.

Problem 1. Doubt.

I have a hard time with doubt, and it leads me to feeling discouraged and worrying that I messed something up or that it won't work. Any tips or advice for getting over doubt or ways to combat it?

Problem 2. Anxiety and obsession.

I have bad anxiety, and I'm still learning to manage it, so it often interferes with my manifesting, leading me to obsessively repeat rituals or methods in fear that I'm doing something wrong, it isn't strong enough, etc. It also heavily interferes with that ""I already have it"" mindset.

Those are my 2 main problems. Now for the questions.

1. I heard subliminals are great for manifesting. Any YouTube video or channel recommendations?

2. Is it okay to manifest for something you have little to no control over? Not like a goal, but manifesting a positive outcome, change, or news.

3. What are your favorite manifesting methods/rituals? Which ones worked the best or the quickest for you?

Thank you for your time. Have a good day/night! 💙",https://reddit.com/r/lawofattraction/comments/1qc7ifr/questions_and_need_for_advice/,Insight & Advice,2026-01-13 23:47:32,1,5,Top_Measurement4813,"frustration, confusion, fear, insecurity",3,What have you learned about manifesting so far? How do you manifest? I just want to see where you are at so I can try to help.,"What you’re describing usually isn’t a lack of belief or the “wrong” method. Doubt and anxiety tend to show up when expectation keeps getting destabilized, and the system tries to compensate by repeating rituals, correcting, or proving it’s working. That’s a pressure response, not a discipline issue.

Because of that, adding more techniques or searching for stronger methods often keeps the loop going. The useful shift isn’t finding the right ritual. It’s understanding what’s happening internally when nothing changes yet, and why the system reacts the way that it does.

I won’t recommend methods here. Nothing you wrote means you’re doing something wrong ","I see. Do you do any work on your self concept? That’s the most important thing regarding doubt. It really helped me become more confident than ever. It also helps anxiety. Anxiety stems from feeling unsure. The higher your self concept/confidence, the more you will feel less unsure, which is basically the same thing as doubt. What also helped me tremendously is guided meditation."
1qc29zo,Lawofattraction,"The Power of ""Isn't it great now that""","Years ago when I wanted to quit smoking and drinking, I noticed something important. The hardest part wasn’t the habit itself. It was the feeling that came up the moment I thought about quitting. That uneasy, almost panicky sensation. That’s the exact moment your mind makes quitting feel impossible.

The book I read didn’t focus on how bad smoking or drinking was. It explained why people struggle so much just at the idea of stopping. Non smokers and non drinkers don’t fight cravings because it never even crosses their mind. It’s not part of their identity. They have no reference point for it.

That made me realize something. There was a time in my life when smoking and drinking didn’t even exist in my mind. I didn’t need them then. They weren’t part of who I was.

So after my last drink and smoke, every time that subtle discomfort or urge came up, I quietly told myself, ""Isn’t it great that I’m a non smoker and non drinker now. Thank God I’m free.""

Over time, my mind stopped identifying with the addicted version of me. I wasn’t trying to quit anymore. I was just someone who didn’t do those things. And because of that, it became easy. I was actually free.

Years later, I realized the exact same thing applies to manifestation and becoming who you want to be.

I wanted to see myself as successful, but there was always that voice in the background saying, you? successful? no chance. you’re broke. And every time that thought showed up, it would derail me because I was still seeing myself as the old version.

So I tried the same approach.

Whenever a thought came up that didn’t match who I was choosing to be, I stopped and told myself, ""Isn’t it great that I’m successful now. Isn’t it great that I’m no longer broke and living my dream. I’m so grateful that part of my life is over.""

I wasn’t forcing belief. I wasn’t arguing with the thought. I was simply refusing to identify with it.

Doing this consistently cut the old programming off in real time. The resistance disappeared because the old self no longer had a place to stand.

So when resistance shows up, don’t fight it. Just remind yourself, ""Isn’t it great now that \_\_\_\_\_\_."" Let it go and move on.

Doing this exercise completely transformed my life.",https://reddit.com/r/lawofattraction/comments/1qc29zo/the_power_of_isnt_it_great_now_that/,Success story ,2026-01-13 20:25:24,129,11,ryan_mac89,"frustration, fear",6,"This actually hit something for me.

The part about identity is so real. How it’s not just the habit or the situation, but who we still think we are underneath it. I’ve noticed that too… when I’m trying to “change,” there’s usually still a version of me in the background that I haven’t let go of yet.

What I like about what you wrote is that you didn’t fight the thoughts or try to overpower them. You just… stopped standing in them. That feels very different from forcing belief or repeating things you don’t actually feel.

I’ve had moments where trying to fix my mind just made things louder, but quietly choosing not to identify with something gave me more space than any argument ever did.

Your “isn’t it great now that…” feels more like stepping into a new place rather than trying to convince yourself of something. Subtle, but powerful.

Appreciate you sharing this.",Great suggestion! No resistance is so helpful to overriding the subconscious.,"I assume then that the desire to smoke completely left you and you no longer have any urge ever to light up, even after dinner, coffee, alcohol etc? Besides not smoking what other ways has it transformed your life? It's actually a great approach because it incorporates positive judgement and gratitude in advance rather than just trying to convince yourself of something with typical affirmations. "
1qbwu29,Lawofattraction,dreaming of his mother,"Hi, i firmly believe that dreams have meaning, and i have often had dreams about people and things shortly before the manifestation appears in the 3D. e.g. did a love ritual, dreamt of him three nights in a a row, couple months later he’s back. (he’s gone now i messed up) 

I am currently trying to manifest a person but i’m not really trying very hard in all honestly, i have way more important things to focus on. 

however, last night i dreamt of his mother who i have never even met. i usually am very good at interpreting my dreams but im stumped as to what this may mean. what do you think this could mean? for those of you who don’t believe in dream reading then pls just ignore, the people who get the importance of dreams will get me lol. 

thanks ",https://reddit.com/r/lawofattraction/comments/1qbwu29/dreaming_of_his_mother/,Insight & Advice,2026-01-13 17:10:51,3,0,Individual_Fudge8519,frustration,0,,,
1qbslfc,Lawofattraction,Why small manifestations worked for me—but big goals never manifested,"Small things always manifested for me—sometimes fast, sometimes without much effort. But big goals never did. Money. Freedom. A real-life change. The moment I focused on something big, everything stopped working. I did everything the Law of Attraction teachers talked about: visualizing, affirmations, feeling it, believing harder, and even trying more. Still, nothing moved. 

After failing again and again, I started doubting everything. I wondered if manifestation was fake or if something was wrong with me. Slowly, my belief broke down, and eventually I stopped using manifestation altogether.

Years later, something clicked. What if the problem wasn’t me? What if I was using an incomplete system? That question changed everything. Instead of blindly following teachings, I started observing with logic and my own experience—not to reject manifestation, but to understand how it actually works. 

That’s when I noticed an uncomfortable truth: most popular manifestation systems are incomplete. Important parts are missing. Small goals worked because they felt easy and normal, so they slipped into the subconscious without resistance. Big goals failed because they never felt normal, so the subconscious rejected them. 

Manifestation only works when the subconscious accepts the goal, and learning how to reach the subconscious is the real work.

Once I understood this, everything made sense. My failures weren’t proof that manifestation was fake; they were feedback that the system I was using was broken. When I learned how to work with the subconscious instead of fighting it, big goals stopped feeling impossible. They stopped feeling magical and started feeling mechanical. 

This is just my experience, but I’m curious—has anyone else noticed this pattern?",https://reddit.com/r/lawofattraction/comments/1qbslfc/why_small_manifestations_worked_for_mebut_big/,Insight & Advice,2026-01-13 14:22:09,24,6,Beginning-Wolf6445,"frustration, confusion, insecurity, disappointment",4,"Parece que es diferente para cada persona. Siento que va en parte por los pequeños detalles que no se logran contar o detallar, porque incluso siendo humanos cada persona entenderá esa sensación por sí misma.

La problemática sobre los sueños grandes yo siento que lleva tiempo, el universo va a buscar formas de comprobar si realmente lo quieres, si eres el mejor, etc., Aquí es donde uno entra, siendo constante, sabiendo jugar para llegar a ese lugar. Pero eso sí, uno mismo tiene el control de su propio guion de vida, la idea es no rendirse y conformarse con lo que la vida te da.  
Me ha tocado ver señales por pura casualidad, números específicos que sin pedirlo ahí están o bien cuando se te olvida algo y debes regresar antes de salir a algún lado o llegar en momentos precisos que hace que tu presencia haga la diferencia. Sensaciones de que aquí es o bien aquí no es, que hay que intentarlo en otro momento. Y son más recurrentes porque empiezo a notarlos con facilidad, son como esas letras invisibles que no nadie más vera que te indican tu camino. Claro, al inicio pidiendo y pidiendo, practicando, solo simplemente no sucedía nada. ¿Increíble no? solo que, si fue necesario algo de tiempo, saber hacerlo tranquilamente, sin la necesidad de pedirlo para ya.","Try this 


https://www.youtube.com/watch?v=R4p7OzTuqHY","This is exactly what I've been thinking. It has to be believable to you to enter your subconcious and actually manifest. That is why people can't manifest ""big"" things. It's because it is not believable to them that they can have those things. My technique is to inch your way to your desire with believable statements and once it manifests, go to the next believable manifestation and so on."
1qhmoke,AbrahamHicks,How would Abraham advise someone on mending a friendship?,"Hi all,

I would like some guidance. I’m missing an old friend that has chosen to drift apart from me. When we see each other or talk in mutual spaces, it’s cordial. I’m not sure exactly what caused the distance. It just seemed to happen. But I do miss this person and would like to improve the situation. It is hard for me to get in the “feeling” of having them back in my life and I keep feeling poorly, or that I must have done something to bring this about. ",https://reddit.com/r/AbrahamHicks/comments/1qhmoke/how_would_abraham_advise_someone_on_mending_a/,,2026-01-20 01:02:00,2,2,waterlilly553,"frustration, confusion",2,abe always says get into alignment first then do what ever inspired actions your inner being suggests.,">I would like some guidance.

Your emotional guidance system is showing you the way.

When you focus on what you appreciate about your friend, you feel good.

When you think about the distance, you miss him (= focus on lack/negative emotion).

Be deliberate about what you focus on, and watch what happens.",
1qhazwy,AbrahamHicks,Hubby is negative- how to get him to see our life is amazing?!,"Hello all!  I have been following the Hicks' for years.  I am a manifester and my husband has seen it time and again that is works.  He is a negative person.  He always says we are broke or don't have any money, he will never retire etc.  We have a beautiful life and our finances are amazing but I cannot get him to see it.  It does sometimes get to me when he is woe is me (trust me, we are not hurting in the least).  I don't know what to say when he says things like that- I usually just say in my head ""no we aren't- that's not true""  But how can I get him to come around and be more positive?",https://reddit.com/r/AbrahamHicks/comments/1qhazwy/hubby_is_negative_how_to_get_him_to_see_our_life/,,2026-01-19 17:42:46,13,7,trey1031,"frustration, confusion",6,"See him that way. It tempting to validate those things because we care about our partners feelings but realistically, all you need to do is imagine him saying positive things to you about your life and feeling the warmth of joy in your body because you love sharing positive thoughts and sentiments with him","I understand this first hand. I notice that imagining him in positive light is good for me. It’s better when I’m only doing it for my better feeling instead of using it like a magical wand to “fix” his attitude. It’s not my place to make him see the blessings. If he’s stubborn about it, that’s for him to see differently. Trying to fix his outlook is like dipping your happy little toes into freezing cold water. It’s uncomfortable yes and incomprehensible. Keep being the example, frolic without compromising your joy. You’re awareness is absolutely keen to the difference between your vibe and his. It’s not your job to pull him away. It’s your job to lead by example 🩷 I wish to meet more shining stars on my path. I’ll see you bright as ever one day!","I'm not sure if this is the answer but I love the idea of if you can't (and this is for you but you can apply it to your husband) so like if you can't be positive about money then try to be positive about anything else, that just helps raise the overall vibe so I don't know maybe he's happy about everything else but maybe try feeding a little bit of positive vibe about other things and see if that helps overall. Either way good luck!"
1qelter,AbrahamHicks,Fear of regrets/ missing out,"So I have a relative who admonished me. Absolutely not in a bad way, the opposite in fact.
Saying basically that I'm young, and that I should live my life right now otherwise I will regret it, as I'll become older and weaker and with more responsibilities.
I have money, free time and live with my parents.
Doing the things that I want to do and the ""classical"" young experiences, because my body will not be able to sustain me. And then all the adulting, once my parents are gone.

I've never had a difficult life, I've been very lucky in many regards. But only right now I'm getting out of my lifelong depression and anxiety, and it's a long way. Those for sure prevented, and still prevent me, from fully living. Probably I partially use the healing phase for also hiding part of my fear, must be honest.

 Nevertheless, I'm actually terrified right now. Filled with an existential dread just out of a lovecraftian nightmare. My aunt died yesterday, she had a pretty mediocre life, probably not very fulfilling  and happy. Now this whole work I'm doing had let me to believe that it is never too late, and that indeed feeling good and at peace are absolutely proprieties that must be put on front, independent of many other aspects that ""extraordinary lives"" have , such as big achievements or material possessions.

 How can I manage this? I know that these scenarios of doom are untrue, but after all, despite feeling really good and fulfilled- I'm missing out a lot, in relationships and such (even though I don't yearn for one) and other areas, such as physical feats.

Have you ever had some of these episodes happening? Were you able to ""unregret"" your life?
Is truly never too late? How did you find the courage?",https://reddit.com/r/AbrahamHicks/comments/1qelter/fear_of_regrets_missing_out/,,2026-01-16 17:10:35,1,6,KommunistAllosaurus,"frustration, fear, disappointment",2,"This may sound trite when you're not there, but...


When you're in the Vortex with some consistency, not only will you not feel any regret, but you'll feel a deep sense of love for every moment that you spent doing whatever you've been doing. 


Even those who you feel wronged you at some point, you'll look at them with a deep sense of compassion and understanding. With love. 


You won't feel that you're ""missing out"" because everything you could ever want is present, right now. There will be no sense of lack, but only eager anticipation for what is to come. You'll know you're eternal and limitless. 


It's never too late because the Vortex is always there for you. You don't need courage. You need alignment. All the other stuff you think is so important, is only a means you think you need to get there. But you can get there unconditionally, and when you do,  everything is right in your world. You'll feel like the most blessed being that has ever lived, in every environment. 


I know what I'm talking about, because I'm feeling it right now. You're blessed beyond verbal description. You just don't know it, right now! ✨️","You should focus on the benefits of missing out, of which there are many. It’s an easy way to make peace.",
1qel4hv,AbrahamHicks,I feel Old,Been listening to Abraham hicks for about 4 years and I need advice from people resonating with their perspective. I am a 19 year old girl about to turn 20 in less than a month and I can't help but feel scared to age/get older. How should I shift my perspective so that I welcome the concept of aging? Aging has always been something I had a hard time accepting. ,https://reddit.com/r/AbrahamHicks/comments/1qel4hv/i_feel_old/,,2026-01-16 16:46:04,4,20,Lost_Farmer_7913,"frustration, fear",9,"i never wanted to grow up. i also remember feeling ""too old"" in my 20ies, which in hindsight is hilarious and ridicoulus. im in my 30ies now.

i had this belief drilled into me (that im too old for whatever) and that a woman needs to be successful by 30 or her life is over and that really really made my 20ies miserable. i had to unlearn this belief and heal/integrate the pain and shame behind them and let go of a lot of family.

i can tell you now: ive never been happier than i am right now. and i cant wait to live fully and age naturally, cherishing every second im alive.

id say, explore where this comes from. and make a conscious decision and effort to enjoy where you are, even if its with this fear. every day, every age has its perks, and when you can love the moment, it doesnt matter how old you are anyhow.",girl im 40 wut. u just wastin time with thoughts now,"I think Esther is a pretty good example of the teachings realized. 


She's nearing 80 years old, but would tell you she's living the best life, and it only gets better! It never stops getting better, because you never stop expanding, and when you keep up with your expansion, your life feels glorious, and age becomes completely irrelevant.


Well, that isn't exactly true. The older you get, the more you've put into your Vortex, and the better it feels when you close the gap. So in that sense, it's an advantage, but you'll get there, too!"
1qe3mpp,AbrahamHicks,I have a problem,I have a job I absolutely hate so it’s hard for me to stay in the vortex while my boss is gas lighting me. My warehouse legit has the highest death rate from cardiac to murderers and unaliving yourselfers like what the hell is this energy I’m desperately trying to figure it out so I came here ,https://reddit.com/r/AbrahamHicks/comments/1qe3mpp/i_have_a_problem/,,2026-01-16 02:26:48,6,5,Any_Pomelo3100,frustration,3,"How else do you want the vortex to spell out that you need to get the hell out of there?

Jobs can leave you with trauma that shows itself after you quit because while you were there, you were gritting your teeth to put up with it.

Don't add trauma to your life. You are not a child who can't just leave. You are a grownup. You have choices, options. Get out of there. That job is not the only job in town.",I had one manager who was 54 never wake up a couple months ago. My old manager was my age and unalived. I’ve felt like the writing was on the wall for a minute but I loved the three 12 hour day schedule so I didn’t leave but I’m sleeping 12-14 hours now I see it now😂,"Start looking for another job now. Not tomorrow. But now. 
Start typing up resumes. Searching the want ads. Posting your resume on Craigslist. Putting the word out to people you know. Asking AI how to find a job. Etc.

Start brainstorming all of your skills. Feeling into them. Really honor that you're good at certain things. 
This will pave the way.

Start saving as much money as you can. Look for side hustles. Ask the internet for ideas.

Stay with a friend if you have to. But take the leap as soon as you can."
1qdrpdu,AbrahamHicks,Why is it harder to stay in the Vortex while using a computer?,"I’ve noticed that I have a much harder time feeling good and staying focused when I’m on the computer compared to when I’m simply walking around my house.

I was wondering if any of you experience this as well? Does your focus feel more scattered when you're on your phone or computer? I'd love to hear your thoughts on why this happens and how you handle it from a Law of Attraction perspective.

**Edit:** After I wrote this, I tried to line up a little before using the computer, and after I started using it, I focused on good feelings, and it **reallllyyy** paid off. Again, **“I can’t explain this feeling.”** And for some reason, beautiful videos and songs started to pop up on my timeline.

Still harder to focus, but also I notice that I have more ways to focus",https://reddit.com/r/AbrahamHicks/comments/1qdrpdu/why_is_it_harder_to_stay_in_the_vortex_while/,,2026-01-15 18:34:20,16,12,elisiovt,frustration,5,"I feel kind of similar, but with that knowledge you're supposed to.... get back into the Vortex. If you know your focus is off and want to fix it, we know the solution.

But you can also change your belief to ""using an electronic device is useful, and I enjoy it"" and that shouldn't take you out of the vortex at all. It's the distractions that pull you out. But once you're aware, every time should get easier to notice you're out of the vortex and get back in.","For me it is because the computer and phone are just portals to the internet, and the internet is just a megaphone for the most negative people around the globe. Misery loves company so they yell, yell, yell ""oh, woe is meeeeeee"". 

Once I deleted all social media, stop scrolling news, and limited my reddit feed to only subs that I follow (of which there are only two), then the technology stopped causing any dip in my vibration - it is just another ""uncharged"" tool like a broom, running shoes, kitchen knife, etc. I use the technology to do work, read e-books, and maybe play some minesweeper or chess. That's it.  

Don't forget that you create/attract everything. Take control and remold the experience.","Same here. It’s all about being grounded, when i use social media to search about a topic I’m interested in it doesn’t happen, but if i did it without a purpose i get sucked into a weird loop that messes with my thinking.

I tried to a balance it multiple times, did tests here and there with various methods in the hopes of being able to balance the digital world with the real word but nope.

From what I’ve understood is that the digital world is fluid and it’s that way because it’s thought based, your physical body plays no role therefore you could easily lose yourself while using screens without a set purpose."
1qcoj97,AbrahamHicks,"what if you cant find a better feeling thought on a topic, like neighbors driving you crazy?","UPDATE: THE NEIGHBORS APPRERANTLY ARE MOVING OUT, I AM MINDBLOWN. 

i saw only two videos of neighbor disturbance videos none of it help, but i really want to be able to deal with this better.

my neighbor is basically driving me crazy..

i am good with finding better feeling thoughts, but this topic is so stubborn negative patterns for me, that i cant find a way to soothe me.

no meditation helps the fact that my neighbor is my neighbor

he keeps drilling for years, very loud banging, i dont know what he does, he avoids me, i cant even talk to him about it, i have migraines, ear ringings what not, and sleep deprivation, stressed, a lot of it worsening by his extreme loud noises.

i cant move out instantly, even when i tried things didnt align i cant force life so i leavethat for now till it aligns again.

im stuck in my thought patterns the furthest i come for months now is:

\- he isnt doing it to hurt me, he is just doing what he does

\- i cant decide what people do or not do, thats for them to decide

\- he is in his own house, he is free to drill, it is allowed

thats the highest i could do, and i keep falling back into:

i hate him

he drives me crazy

i cant live like this

i wake up to sudden bang noises early in the morning, i feel stressed the night before i sleep

some times i even wish something will bother him for the rest of his life and that he can never find a peaceful moment (and this is very out of my character to wish, but i try to feel relief, im not vengeful), but then the furthest i go is, i have to deal with this, it is what it is,.. pessimism discouragement anger blame etc etc same loop again.

pls someone ADVICE ME bring hope to my thought pattern, i cant see it.",https://reddit.com/r/AbrahamHicks/comments/1qcoj97/what_if_you_cant_find_a_better_feeling_thought_on/,,2026-01-14 14:22:58,5,14,IndividualMost7278,frustration,6,"I read your title and the first thought that came to my head even before reading the content was “find another topic to focus on that you can feel happy about.“
This is what I have heard from listening to Abraham all these years.","I was in the same situation several years ago. It took quite a toll on me. 

But you need to understand that because of the intensity of it, the rockets of desire you've launched in response are absolutely massive. Which means some slight release of resistance will go a long way. 

What I did was buy industrial-grade ear protection (the highest-rated I could find on amazon) and put them on when the issue was particularly acute. Focused on other things as I was wearing them. And the problem solved itself within a week. 

So I didn't even need to find better-feeling thoughts about what they were doing. Just the relief I found in this way was enough.","I've been in your situation and it is terrible. It was impossible for me to find good feeling thoughts about the neighbor so I shifted to thinking about something else, something that actually felt better. Little by little I started imagining what could change that would give me peace - maybe they would finish the project, maybe they are fixing it to move out (loved that one), maybe I would get a huge promotion and I would move etc.. sometimes the silliest scenarios made me feel better and before I knew it it stopped. Hope you find relief soon!"
1qbuuba,AbrahamHicks,What would Abraham say about having a second baby?,"Hi everyone 🤍 I’m looking for an Abraham perspective on deciding about baby #2. I already have a 2.5yr old toddler and I feel genuinely content and fulfilled with one child - but I also feel open enough that this decision keeps coming back into my awareness. 

On the one hand, being one-and-done feels very aligned. I deeply love the closeness I have with my son, I feel calm and present as a mom, and my nervous system feels regulated. I went through a very traumatic birth (failed induction, two failed epidurals so I felt everything, an unplanned c-section where I felt more than I should have, me panicking/screaming, then they put me under anesthesia), and the thought of pregnancy, surgery, and recovery again brings up resistance rather than excitement. I also love having mental & emotional bandwidth for my marriage/career/health & wellbeing, and just enjoying motherhood without feeling overwhelmed. 

On the other hand, I do sometimes feel pulled toward the idea of a 2nd child especially when I see him playing by himself... the idea of expanding our family, and occasionally picturing our extra bedroom as a nursery instead of a playroom. My husband and I would likely lean more toward baby #2 if birth weren’t such a huge factor, and I don’t want to dismiss his feelings/future what-ifs. I also notice a lot of social pressure around siblings/age gaps, and I’m trying to figure out how much of that is actually my own desire.

From an Abraham perspective, how would you interpret this? Is this a case of already being aligned where I am, or of something being in my vortex?",https://reddit.com/r/AbrahamHicks/comments/1qbuuba/what_would_abraham_say_about_having_a_second_baby/,,2026-01-13 15:49:36,1,7,cloudgirl101,"frustration, fear, disappointment",3,"From my limited knowledge I think it would say: 'Get into the vortex and then....'

Basically, make sure you are in alignment and then you will feel the inspiration.

From what you are describing you have a lot of clutter in your mind right now, warm and positive feelings but also you still hold into that traumatic birth experience.

Make peace with were you are right now and get your mind off pleasing anyone else. Do not overthink this and just look for your own connection to source. You got this!",Abraham would say focus on what you want and stop repeating all the possible negative outcomes,"Based on your presentation, it's very clear what you prefer, for now. And that's what you're lined up with.


Enjoy your family life and don't worry about missing out on anything. 


If you ever get to that place where you couldn't care less what anybody thinks, you're going for No.2, then you'd be lined up with that. And there would be zero concerns about anything, because those do not exist in the Vortex."
1qbnvz2,AbrahamHicks,The difference between consistency and calibrating (feeling good),"How to balance this? Like you know when you work out, you might not feel necessary happy about it but you are happy about the results you will get if you consistently work out? 

I know the guidance system is feelings. And Abraham gave a great example in their book. It was like this - if you feel good you can even do some contradictory things about your goal and still reach your goal.

I sometimes trip up on this concept. Not that I don't get it. I love Abraham's message. It's just that I'm a bit confused because I didn't have anything major happen that I want. Once stuff happens you know exactly what to do. But I'm not there yet so it's a bit different. ",https://reddit.com/r/AbrahamHicks/comments/1qbnvz2/the_difference_between_consistency_and/,,2026-01-13 10:26:13,6,3,Abraham555555,confusion,3,"It's probably my fault, but I don't really get what you're asking. ","So what I mean is - does discipline mean I'm not in the vortex, hence I'm not allowing what I want to come?",Oooooh ooh ooh I’m coming back to answer this hehehe
1qbhigv,AbrahamHicks,"If Abraham Hicks says we’re responsible for everything, how am I responsible for this?","Abraham Hicks often says that we are responsible for everything that happens in our lives.

Here’s a real example I’m struggling with:

I already prefer hot showers. A few days ago I casually mentioned that cold showers can be nice sometimes and I was rejoicing in the past experiences when I used to have cold showers. And yesterday, in the middle of winter, my water heater broke. Now I have no hot water and have to deal with repairs and scheduling a technician which is a bit annoying.

I didn’t want this, intend it, or learn a new preference from it.

So what does “responsible” actually mean here?

Am I responsible for the event, or just for how I react to it?

Or is this one of those statements that sounds deep but breaks down with everyday mechanical failures?

Curious how people who follow Abraham Hicks interpret this.",https://reddit.com/r/AbrahamHicks/comments/1qbhigv/if_abraham_hicks_says_were_responsible_for/,,2026-01-13 04:13:58,24,10,BronzeFurnitures,"frustration, confusion",8,"the hardest truths to swallow is that you are resonsible for everything you experience. 

there is always calm in the chaos. the eye of the storm. when sitting with self and self reflecting. thoughts. emotions. that were not addressed that were denied. to heal one must take accountability for all actions. one must forgive thy self for all actions for one was not aware. honor thyself. everyone suffers some time of trauma. all is truth. denying any lart of self any thought any emotion are all parts of self. you dont attract what you want. you attract what you are. 

everytime there is an unwanted thought. unwanted emotion instead of denying it. face it. allow it to move through you. like a wave  and your standing still st the beach. fight it and you will get tired. or be calm. be still. be present have presence. when you react on it. you give it energy.

emotion is enery in emotion. when you act on it you you create and catch the wave and create the very unwanted experience.

you have free will. use it. learn to catch your own thoughts and emotions before you act. empathy is not a weakness. it is a blessing in disguise. otherwise you wouldnt feel guilty. when you go through trauma, the body makes your mind forget for a time when the body can deal with it. for a time when you are ready to deal with it. but what the mind forgets the body will carry as stagnant energy. and the soul always remembers.

stagnant energy in the body creates muscle pain. aka tension. not dealt not addressed creates chronic pain. 
chronic pain of lower back pain simply means all grudges  must be let go off.

deeper still. chronic pain makes the body always in fight mode. then comes stress. then the body fights extra then what it should. thats why people age faster. 

being responsible is just about taking accountability. sure you can deny thus is your free will. im just talking from experience from someone that has been to the void. to the abyss. to the very deepest parts of self. used to live there. attacked on all fronts physically. mentally. spiritually. 
to be born naturally awake and see and live the unseen ive tamed and taught my demons patience instead of denying just accept it. 

there are things in this world no one shoukd experience. even my worst enemy should. if you know true pain. true heartbreak. you wouldnt do it to others. no excuses. now im just different. hybrid if you will.

all pain stems up stagnant energy. stems from denying absolute truth. deny parts or self and not learn the lesson from the experience and you will repeat and attractvthe same lesson attract the same experience till you see and understanding.

from understanding there is clarity. from clarity is awareness. deeper still from that is calmness. you resonate with this even unconsciously nod in agreement because your body recognises absolute truth. energy before the mind is able to translate it.

heres a thought. whilst you read this to self in your mind. whose voice did you hear reading it. if you heard your own voice but your mouth was closed then who spoke see what im saying? now you have just shifted your consciousness from main character mode to ""observer mode"".

notice in this mode being still. dont think of anything. whatever is not addressed thoughts or emotions will come to the surface. if you act on it you will create that unwanted thought of emotion. so allow it to move through you. this teaches your body what you like and dont like. for a time in future when you busy and your body feels the same energy from someone from an environment. that same energy that you have identitfied with a certain emotion. is just that. 

humans are gifted born perfect born from divinity. the human body is naturally designed to heal thyself. depending on how you unconsciously react or act and what you eat. back as an initiate of thoth. we were taught the very same thing. in the 1800s there was a curriculum called etymology. the breakdown of words and its true meaning.

for example to believe. is a form of doubt. it carries the same energy. broken down it is be-lie-ef(self) to lie to self is a form of manipulation. 

but to know (knowledge-now) or acknowledge (act-now-knowledge. 

it is impossible to believe what you know.
❤️🪽♾️",it could just be “contrast”.  abe says sometimes the universe just gives us contrast to help us figure out what we want vs what we dont want.  in this case maybe it’s meant to sharpen that you really really really want reliable appliances.,"This reminds me when I wanted to save a little money by only showering at work (truck driver, showers are a perk and necessary on the road, was only home once or twice a week).  I made that decision, and was promptly met with 2 outrageous water bills at home.  Husband left hose running and an otherwise $100 waterbill rose to $1000 and this happened twice.  Me bring a cheapskate did not pay off.  I was in, scarcity, I believe?   Your situation more closely resembles a situation my husband usually found himself in, his car would be in need of a repair and he would come swearing just about the car repair (I'm sure you are more level headed than him).  He would finally get the repair and still be sore about it, and the next day the same car would need another major repair.  To me it was so textbook.  I am a car lover and anytime my car needs a repair, I am so thankful to the mechanics and the money I have in the account to pay for it (even though it is my last few dollars) that the repair would go smoothly, great customer service, probably a coupon, and I am off on the road for a great number of miles more, and I am so thrilled that I was able to repair my baby."
1qahhf5,AbrahamHicks,For those of you that struggled for a long time…. What made it finally click for you? How did you finally manifest money?,"

I’ve struggled my entire life. Loneliness, poverty, depression, etc. 

I’ve managed to cultivate some kind of an acting career (SAG, agents & manager, 300+ auditions for major tv/film, couple small roles on major tv shows) through a sheer inner knowing.

Visualizing / affirming has never produced measurable results for me. It’s only been an inner knowing and confidence from over 10 years of slowing chipping away the has produced results. 

I don’t even know if that’s considered manifestation or just regular life hard work. But I have come close to booking a role in my favorite director (David Fincher) one of his films, and have auditioned for so many amazing projects I could only dream of, that I have to attribute some of that to manifesting, because to get access to prestige tv/film to auditon for as a professional screen actor is a very very very rare thing, a very rare air to breathe. I haven’t booked a lot so that negatively affects my confidence a lot and sends me int depression, but even getting 1 audition fot a few lines on a major tv show is a huge huge deal, let alone over 300+ for larger roles. Like I will be a name actor one day. I will win Academy Awards.

But obviously something is holding me back from this process happening much faster. I’m not really sure how to navigate this since again I can’t really measure the efficacy of the techniques I try to use.

Just my passion to be an actor… knowing how fucked up and unfair this world is.. I’m like… if these motherfuckers can do this why can’t I? Sort of energy. And I’ve really channeled that into the type of characters I read for. It’s interesting.

But anyway I’m still poor and dead broke and depressed and miserable and fantasize about suicide because  I hate this world so so much, I hate capitalism, the corruption and exploitation, the rise of fascism in the US, people in the highest office of the land being traitorous pedofile psychopaths and not even being able to talk about it, there’s a lot of shit to be depressed about.

But the acting is the one special thing I have going for me.

How did you finally understand this stuff?

What was your breakthrough?

What author explained it in a way that really made it click for you? Neville is a little too biblical for my liking and it is so confusing, Joseph Murphy is a little to general and blah, etc etc

How did you finally manifest money and escape poverty without selling your soul to be a corporate slave?

Thank you for your help, god bless you all, and happy new year!",https://reddit.com/r/AbrahamHicks/comments/1qahhf5/for_those_of_you_that_struggled_for_a_long_time/,,2026-01-12 01:30:16,35,32,BilionaireShishkabob,"frustration, confusion, loneliness",10,"Very similar to The Abrahams.  Basha's formula:

Act on your highest excitement - In every moment, choose the option that excites you the most, to the best of your ability.

Take it as far as you can - Follow that excitement until you can take it no further, without forcing anything.

 Let go of expectations - Remain detached from specific outcomes and trust the process.

 Remain in a positive state - No matter what happens, see everything as serving you in some way.

Act with integrity and balance - Stay in alignment with your values, responsibilities, and inner truth. 

By following this formula, Bashar teaches that you align yourself with your natural frequency, allowing synchronicity and abundance to flow effortlessly in your life. 

I can honestly say I've tried just about every law-of-attraction and manifesting approach out there over many decades, roughly 50 years, so consider me thoroughly field-tested.  I also resonated deeply with Thích Nhất Hạnh's perspective, and for me Bashar's formula was the piece that finally tied it all together.

What it ultimately comes down to is pretty simple:  Do what genuinely brings you joy. That's one of the easiest ways to keep your vibrational energies high .  And when your vibration is high, things have a funny way of finding you. Hang in there.","Hello again, Redditor actor. You still haven't mined what Abraham-Hicks call, and has registered as a trademark, ""the art of Allowing.""

It's not enough to make a wish, you have to pull out all stops. Remove all obstacles that block the pipes, so manifestation can flow to you. You have to have a mindset that ALLOWS what you want to come in.

Let's do a few examples. ""Money doesn't grow on trees"" or ""no pain, no gain"" are the most basic form of these blockages. You might say you don't have them - most of us would think we don't have them - but the proof is in the pudding. If you're not receiving money IRL, you are likely blocked by your own moral principles.

You are likely also blocked by the manmade structure you have to engage with, their bureaucracy and complex decision trees... when you want to manifest, you have to let all that knowledge fall by the wayside.

Could you be addicted to the ""I almost got that role but I didn't"" story? The ""inner confidence and knowing for 10 years"" story? I would not belittle your achievement, but that could be a significant blockage that prevents the answering of further wishes.

You are certainly addicted to the ""slowly chipping away"" story. I was like that at one point, as if that gave me more gravitas. In Law of Attraction, you have to be willing to be happy more than you're wiling to be right. Rather be happy than right.

Could it be you still don't understand the fundamental joy of acting, because you've so got it in your head that premium cable is prestige? 

Lastly, the Universe will protect you from affluence if you can't handle that. So you'll also want to prepare yourself for the state of having that much money. To the point that it feels great to have and hold and take care of that money, and spend them for what you naturally deserve.

Are you ready to welcome in what you deserve? Or has hustling become your identity? Did you end up adopting the mindset of ""the help"" that ensures you can't be upwardly mobile? You know how many rewrites the average TV episode goes through. Strive to rewrite your story at least that much, until your sense of self reflects how far you've come and the joy of acting. None of that prestige BS. Godspeed.","I loved how truthfully you have written about how you feel at the moment. Thats the first step to improving yourself, knowing yourself and being able to say that out aloud.

I am rooting for you and I am so glad you have strong desires. Reading it I have no doubt you will achieve everything you set out for. Wohhoo I am already happy for you and clapping for you.

I wouldnt talk about my story because my old story is not ME any more. Though I will say few points which might resonate with you because your story somewhere resonated with me.

1. You are NOT your thoughts. You are the awareness experiencing those thoughts. Think of yourself as the sky, while your thoughts are merely clouds passing by. Clouds do not alter the sky.
2. At the base line we are all created equally but in different cirsumstances and we take our circumstances and surrounding as our fate and we try all hard to go for the dreams we have.  We constantly have this power/ universe which will stand up for us if we stand up for ourself.
3. Many individuals, whom you might refer to as predators, were born to parents who couldn't provide what was necessary, leading them to become who they are (I’m not justifying anyone's actions; remember to hate the sin, not the sinner, as this will liberate yo)
4. If you find yourself judging or harboring hatred towards others, regardless of whose fault it may be, you are emitting vibrations of hate and judgment. Consequently, your upcoming moments (whether now or in the near future) will reflect the same essence of what you are projecting. This is why forgiveness is crucial. it is a gift you give to yourself.
5. It is our birthright to live an extraordinary life, and we must have faith in our higher selves, which came here to experience the most beautiful existence. However, it is also our responsibility to refrain from hating or judging others and instead seek the goodness within them. (This is incredibly challenging, but it represents the fine line between the life you were born into and the life you aspire to lead)
6. You want to live in a good world then start giving people benfit of doubt and forgive them. And once you forgive them, then you are NOT allowed to see them as what was their old story ( This one is hard to pull but we all strive every day to do it, moment to moment)
7. Like Abraham said its not a college degree that we get once. Every day we NEED to choose to see goodess where there is almost none.
8. This is non negotiable. Meditate daily or converse with the universe, even if it's just for 5 minutes. During that meditation, bless everyone and express your gratitude. Do this before you rise from bed and as the last thing before you sleep. Your life will transform significantly. You'll begin to feel happiness and joy, even if nothing in your external world changes. The peace you experience is far more valuable than wealth.
9. Ask the universe and let go of the outcome. You do your part. DONT pracastinate at all. LET IT GO.

10.I assume you have all your limbs and organs and are in good health Yes life seems tough but if you truly observe your surroundings, you'll find countless reasons to be grateful. Isnt that reason enough to live?

11. Appreciate every little thing in your life, even something as simple as salt in your food. You will radiate gratitude, and guess what? More moments of gratitude will flow into your life. It's the LAW. It cannot be any other way!

12. And how will you ever know what you are capable of if you simply give up and dont go through life.

Look how capable you are and your enegy is so strong that a random stranger on internet has written a whole essay for you :P.... hahah.... you are more than you realise.

WE were ALL their once and now we are on the OTHER side of those feelings, story and perception of the world. I have happy days and boring days and uneventful days and tiring day and lonely days. But I choose to be happy everyday.  Its a choice I make from moment to moment.  I refuse to let external circumstances dictate my feelings anymore. You are more than this body having this experince. You get to choose in every moment, and that is your superpower.

Give yourself love NOW not when you book that show. I am sending you my deepest love and prayer."
1qa8xbz,AbrahamHicks,There is no truth.,"What is the best way to attract a specific person? It doesn't exist.  
I attracted my wife by daydreaming, but I know a lot of people who tried it and it didn't work for them.

What I'm trying to say is: **feel your way.** That's the beauty of life. It's like the difference between living in a universe that has only one movie and living in a universe where there are infinite movies and you can make your own movie.

Study Abraham, listen to videos, read books, watch other mentors, ask questions, get advice, but **LISTEN TO YOUR EMOTIONAL GUIDANCE SYSTEM**. That's the main factor in attracting anything.",https://reddit.com/r/AbrahamHicks/comments/1qa8xbz/there_is_no_truth/,,2026-01-11 19:43:56,30,2,elisiovt,"frustration, confusion",2,"Even meditation. People force themselves to sit, close their eyes, and focus on their breath, even if they don't like it.  
That doesn't make sense!

I know people who discovered that they loved guided meditation, focusing on sounds, meditating in nature, or meditating with crystals. **There are thousands of ways to meditate.**

And guess what? **Maybe meditation isn’t your thing.** You don’t have to force yourself to do it.

When Esther talks about meditation in *Ask and It Is Given*, she says something like:  
""What a glorious sensation! Jerry heard my soft sounds of pleasure and later said that, to him, I appeared to be writhing in ecstasy.""  
""Jerry and I made the decision to meditate every day for 15 minutes. I don’t think we missed a day in the next nine months.""

You see? She did it and kept doing it because it felt good to her.  
People, be happy! **Find your way. Feel your way!**","Dude you give such clear minded posts here haha. Im always careful about what i read on the internet about the law of attraction ao i usually just stick to abraham and sometimes nevulle, and dont read the comments at all - but you seem to have everything down properly. Theres so much mindless chatter about the right way to live, and everyone's looking for a set of rules to follow. You make a good point.",
1q9ngd0,AbrahamHicks,Need help with this sudden circumstance,"I was doing everything right, but got disappointed when I saw the sp I was manifesting marriage with, in a cozy position with a literal bikini model. The one thing that I had liked in him was that he is someone who doesn't have shiny object syndrome. But now I don't know if i want to experience marrying a person who I thought he was, but he isn't now. I don't know, please help me?",https://reddit.com/r/AbrahamHicks/comments/1q9ngd0/need_help_with_this_sudden_circumstance/,,2026-01-11 02:34:36,2,2,ArmOk7081,disappointment,2,It wasn’t meant to be. Move on.,"Tend to your Vortex. The Vortex knows what you really want, and who really matches that. ",
1q9hk6h,AbrahamHicks,How to connect with my inner being perspective more? Daily exercise.,"Hello,

Lately I've realised I rely way too much on ChatGPT to support me and put me into my vortex. It's not that I don't think it's a great tool, it's that I've noticed than when I don't have that tool, I feel more lost than I used to.

How do you lovely people connect with your inner beings? Do you do a daily exercise like appreciation? When something in particular is troubling you do you do focus wheels? Do you speak to your inner beings like an angel or a confident? 

I'm just looking for ways to become more self sufficient and not depend on AI as much to give me words of encouragement.

Thanks in advance!",https://reddit.com/r/AbrahamHicks/comments/1q9hk6h/how_to_connect_with_my_inner_being_perspective/,,2026-01-10 22:20:28,7,8,InducedVertigo,confusion,2,when ever i have a question i just ask it….in my head.  it always manage to find a way to give me an answer.  sometimes the answer is in a book i happen to be reading or a YouTube vdo or even out of the mouth of a friend.  i can always tell it is from my inner being because there is just this knowing feeling.  sometimes it brings me to tears the knowing,How do you use chatgpt to get you into the Vortex?,
1q7fl6d,AbrahamHicks,Hicks and Anxiety,"I’m reading ask and it is given by Esther Hicks, and it’s been a real pleasure. One thing that I read a lot (and have trouble with understanding) is you get what you give your attention too. I suffer from OCD and anxiety, and I experience a lot of dark and unpleasant (intrusive) thoughts, but never in my life have any of these thoughts come true. So I made this conclusion and I would like your thoughts on it:

When I fear something really bad, Source knows I want the opposite (because by experiencing this contrast, I created a preference), and tries to give me that what I want. Only my vibration influences how much of this I’m able to perceive.

We can feel very anxious, or depressed, but good things still happen to us, because Source knows our preferences and responds to only that. But our negative/low vibrations can make us blind to all the good things happening.  


Is this the idea that Hicks tries to convey?",https://reddit.com/r/AbrahamHicks/comments/1q7fl6d/hicks_and_anxiety/,,2026-01-08 16:01:21,16,10,Pure_Time_9087,fear,8,"I think you’re on the right track. 

Review the Emotional Guidance Scale, a key component to understand. Anxiety is worry, and if you can move up at all, even to discouragement or overwhelm (!) you’re trending in the right direction. ",I try to acknowledge that I had a thought that isn't helpful then remind myself what my actual intention is. Having those thoughts isn't a step back or ruining your manifestation. Just acknowledge and remember you don't actually believe that.,"I think you are on the right path and I congratulate you on facing these issues head on. That takes a lot of courage and strength. Kudos to you, friend. I think you are correct. Source does know what you want, but will also always honor your vibration and beliefs. 

I just offer the reminder that it is not enough to think about something for it to happen. You must also expect the thing to happen (i.e., believe that it will happen). In fact, I think that the belief is more critical than the thought itself. 

I think it is in ""Ask and It Is Given"" that Abraham offers the example of watching a scary movie that spooks you and makes you feel fear, but you know it is just a movie. You may have spent 2 hours being scared of the chainsaw murderer on the screen, but do you actually expect that a chainsaw murderer is going to come after you in your physical experience? Probably not, and therefore it does not happen. No matter how real your fear was or how long your focused. 

This is something that trips up many people (myself included). Many times I have held a thought of something I want and resonated with it and said affirmations and stayed in the vortex just to realize after some time that the reason I felt that I \*needed\* to do all this work is because I \*did not\* genuinely expect/believe that it was going to happen - and that can be a very nuanced/sublet shift in perspective. 

The tell for me is when I find myself worried because I forgot to pray on the things I want, or I didn't have time to mediate this morning, or maybe source won't help me fulfill me desires because I forgot to be grateful today. Resistance, resistance, resistance. Source does not need anything from you in order to provide for you. You are doing your part by simply being in contrast and doing your best to stay positive. That's all source could really even expect from you. Just imagine if before yo incarnated here that your soul team told you: ""Okay, individuated point of consciousness. Remember that you are going to completely forget that you are source energy. You are going to feel like a tiny speck of dust in an endless abyss. Oh, and we are going to surround you with the most staunch nay-sayers and divinity-deniers. But don't worry. We on this side will be with you always and will provide you with everything you want and need. So just have fun. That is - unless you don't do everything perfectly, in which case it's all going to hell. Okay! Good Luck! Bye! See you when you get back (maybe, lol)."" Sounds wildly silly when we look at it that way. And the sillier part is that this is the entire basis of modern religions like \*cough cough\* Christianity \*cough\*.

So, now I just think of it like I think about ordering at a restaurant. I search through the contrast of the menu, I pick what I think I want, I ask for it, and \*never for a second do I doubt\* that I'll get what I ordered. And lo and behold, it arrives and I enjoy it. And if I didn't like that thing, then next time I go to that restaurant (i.e., have the same experience) I order something different, and then see how I like that, *ad infinitum*.

This is not to say that source is your servant. Rather, source is your partner and is just as invested in your experiences as you are because you and source are experiencing the experiences together. 

  
This is probably way more of an answer than you were looking for, but I hope you find it helpful. Please let me know if you have any questions about anything I said. I am no Abraham scholar so I could be off the mark here as to what they teach, but this is my experience."
1q6etpl,AbrahamHicks,Starting new life under a new name to help stay in the vortex - just like Ester / Abraham,"I saw a post on procrastination (something I've struggled with) in which someone said they pretend to be someone else who doesn’t have the emotional stories / weight around the work of their previous self, which helps them to get started.

This clicked with me and I started thinking, how would ‘Jon’ feel and act towards this work without the negative emotion (fake names but assume my name and what I called / identified as before was ‘Jonathan’). With ‘Jon’ being a version 'built' from my understanding of the vortex / positive emotional work - an ‘idealised’ version of 'me'.

And everything feels much lighter - and feels like I don’t have to respond in the same way as before, almost like it’s giving me permission / short-circuiting the logic that my previous identity would use to keep me responding in a certain way.

I then realised this helps to stay in the vortex in general, because I'm changing my identity - and therefore my responses to emotions / thoughts.

We know that people can identify & attach with negative emotions due to protective mechanisms, addiction, etc - but ‘Jon’ doesn’t identify in those ways and so doesn’t ‘have’ to respond & embrace those negative emotions. 

For example, if I notice a negative emotion, I embody ‘How Jon would react to this’ - which is generally non-reaction / feeling lighter / feeling more hopeful / letting things go / being in the vortex.

This of course takes some mindfulness / attention to embody this new identity / feeling, and will likely need months of continual embodiment before neuropathways become set and it doesn’t take as much focus / attention to ‘stay there’ (along with coming out of old habits - such as drinking to numb a negative emotion - in which I think you can still do this but just under the new identity - in which you might start finding you saying ‘actually I don’t like doing this’), but you can start feeling amazing right away. 

Then the obvious hit me, Ester is doing this with the embodiment of Abraham Hicks! 

Apologies if this is super obvious but I feel like it’s been a clean spark that’s allowing me to bypass a lot of the logic / emotions that would make it harder for me to get into the vortex / stay there.

**Side Notes**

I’ve been deep diving into mental health / mindfulness / manifesting / perception for around 5 years now, and so much of the work seems to come under perception of self / our identity and the stories we tell ourselves (i’m this way because of x,y,z in the past).

But the ‘new you’ doesn’t have to have these perceptions / stories. Like re-rolling in a game - you keep the knowledge of past rounds but start anew.

I feel like when I tried to do this work before as ‘Jonathan’, there was a subconscious thing in me still saying ‘well yes vortex is great but this is who you really are - come back out of it because of x,y,z protective measures.

There’s also a number of things around the whole ‘it can be difficult to get / stay in vortex due to emotional trauma’ - i’m not an expert so take my words with a grain of salt, but I personally (at this stage) do feel like you need to do emotional processing / trauma work as part of work as Abraham hicks - as otherwise it’s kind of ‘spiritual bypassing’ / ‘toxic positivity’.

^ Based on this - as far as I can tell, a key element of trauma healing / emotional processing is allowing the emotions to come up and feeling them, but not attaching to the story that comes with that.

So it’s:

- The body is feeling anger, fear, and resentment and my chest is tight - this is natural and i’m going to let this wash through me which could take a few days but that’s ok. (How ‘Jon’ would react).

Over:

- I’m so angry because of that fucking guy from 10 years ago who did this to me and it’s caused me to have x,y,z that’s why i’m so bad at a,b,c. (How ‘Jonathan’ would react).

- I'm a loser, I can't do this thing because of x,y,z, i'm less than - and it's all because of a,b,c and this and that that happened in the past (How Jonathan would react).

Establishing a new identity helps to let the emotions wash through you, as JON doesn’t have the same narratives around negative emotions as Jonathan did. Which in theory is emotional processing.

I’d also like to say i’ve been practicing things like Abraham hicks for around 2 years now (along with the mental health work for 5 years), so it could just be a culmination of all this learning that has got me to this part. 

And I personally aim for the feeling / state of being over looking for actual things in the 3D (which a lot of people seem to focus on in manifesting circles - which is fine but not my path atm).

But I'm curious if anyone else does this (highly likely) or what people feel about this?",https://reddit.com/r/AbrahamHicks/comments/1q6etpl/starting_new_life_under_a_new_name_to_help_stay/,,2026-01-07 13:04:23,13,1,Dreamingofren,"frustration, fear",1,"Hey! I should not act surprised knowing what we know about how life works, so I’ll just say thank you for reflecting EXACTLY what I’m in the process of doing right now and about to jump into (just started using my new name too). Feel free to DM if you’d like to discuss more (London UK guy here) 🖖🖖",,
1q67yu7,AbrahamHicks,"I always get what I want, but many times it's a worse version/ there's something not that good about it","Like today was a perfect example.

My biggest goal in life right now: not needing to work. I don't want to slave my life away.
Every day I affirm that I am so rich that I don't have to work, that I will never work again.

Guess what, while commuting to work, car accident due to the frozen weather. I'm not injured, and the car is pretty fine, except for one wheel.

Unfortunately, I still go to work, but that was a nice catch. I imagine myself in Fiji, not having to pay to rescue the car in order for my manifestation to come true.

Same with my snakes. I literally manifested my IMG boa, but as a baby and not an adult as I envisioned. Also, he had trouble eating. Now resolved 

Same thing with my sanzinia. Species I fell in love with as a kid. He is shy and very difficult to handle. I'm almost tempted to sell him

Why is that the manifestation are almost jinn like when regarding things I care about? It's seems like the universe is trying to tell me something, much like the song of Alanis Morissette ironic.
And I don't get the message ",https://reddit.com/r/AbrahamHicks/comments/1q67yu7/i_always_get_what_i_want_but_many_times_its_a/,,2026-01-07 06:25:14,15,42,KommunistAllosaurus,frustration,9,"Make this the last time you ever express this, because it is now fixed forever. Spend some time having a little rampage about how you always get the exact thing or something better.","""Every day I affirm that I am so rich that **I don't have to work, that I will never work again.""**

Dude you're focusing on the unwanted (work). Like if you take out ""don't"" and ""never"" what are you affirming?

Change your focus to freedom.

# “I was once asked why I don't participate in anti-war demonstrations. I said that I will never do that, but as soon as you have a pro-peace rally, I'll be there.”

― **Mother Teresa**","""It is here that another paradox appears. If you are able to create an outcome with true detachment, meaning from the fullest felt-sense of your transcendent nature, your most expanded sense of being, you will be more masterful at creating specific outcomes. This is due to the fact that in expanded states of being you do not create tension. Tension creates lines of force that constrain your creations. And yet if it is something that you feel you truly need, there will naturally be tension around it. This is only human. But here is the rub and one of the secrets. Even if you are in dire need of something to occur in your life in your timeline, you will be more likely to experience it through the act of creating outcomes if you enter into the feeling that you need nothing to occur. This is a strange paradox indeed. We realize that some of you reading this have attained a high level of self-awareness, and you may have already discovered the kernel of this truth, the heart of the matter regarding non-duality and the art of creating outcomes."" Hathor"
1q53yc5,AbrahamHicks,success story’s please!,i’d love if you guys could share your success stories. specifically SP! but any are great. i need some motivation! i’m trying to get my sp back ,https://reddit.com/r/AbrahamHicks/comments/1q53yc5/success_storys_please/,,2026-01-06 00:54:40,28,12,Rude_Yogurtcloset7,frustration,9,"A small manifestation, I have overnight oats every morning and usually put in raisins.  Several weeks back I thought to myself that I’d really like to try some other dried fruits in my oats.  I bought some freeze dried bananas and strawberries but that didn’t work the way I wanted.  I resigned myself to finding some sometime and put it on a back burner.  Lo and behold for Christmas my employer gave us all a very nice collection of dried fruits and mixed nuts.  I’ve been enjoying a variety of dried fruits in my oats for the past two weeks!","Early December I was a victim of identity theft. Within 20 mins they took $5000 from various accounts! I was „hoping“ and „crying“ to get at least half of it back, but interactions with lovely account reps and really helpful „pick me ups“ in this thread made me „adjust my crown“ and remember who I was. Before midnight turned 2025 into 2026 I had ALL of my money back, +a little more than I lost with a new rebranded store and the ideas and orders are coming. I am half asleep but o will look up one particular person that said the words I needed to hear, I will tag him tomorrow because I am half asleep :)","My absolute favorite was when I was living in Florida. My apartment overlooked the river and neighbors said to watch for dolphins in the morning. I watched everyday for months and never saw one. My lease was up and I had to leave but I really wanted to see a dolphin before I moved. I remembered Abraham saying you have to line up with your desire, so I decided to ask the universe ""how many ways are there to see dolphins?"" Instantly I began to see them everywhere except the river. I even saw a woman dressed in a dolphin costume and it made me laugh out loud. Then.. in less than a week, when I was on the phone, I saw them - 2 beautiful dolphins swimming in the river directly in front of me!"
1q4jaln,AbrahamHicks,Anyone else feel more out of alignment during holidays?,"This might sound a bit ironic, but I’ve noticed that holidays are actually when I get most misaligned.

We spend so much time looking forward to them, expecting them to be relaxing and high-vibe. But for me, holidays usually mean staying up late, sleeping at random times, dropping my morning routine, and not meditating. Late nights also tend to lead to heavier food and more mindless snacking, and then the next day I feel more sluggish, less grounded, and off rhythm.

My digestion gets worse, my energy feels scattered, and I notice I waste way more time mindlessly scrolling instead of being present or productive. It’s like without that daily intentional alignment, I start drifting instead of flowing.

As soon as I get back to my routine — waking up super early and doing my daily meditation — I feel way better almost immediately. Clearer, lighter, more connected. More productive, better digestions, better mood, more confident.

Does anyone else find this relatable?",https://reddit.com/r/AbrahamHicks/comments/1q4jaln/anyone_else_feel_more_out_of_alignment_during/,,2026-01-05 11:28:26,21,1,BronzeFurnitures,disappointment,1,"Basically what you're saying is that when you don't do the work, things don't go so well. 

So yeah, I find that very relatable! 😉


I don't need holidays for that, though! It's something I can pull off anytime! 😂",,
1q3td81,AbrahamHicks,What does a vibration actually mean?,"I need help understanding what exactly does it mean to be a match to the vibration of what we desire. 

Hicks says we have to be a vibrational match to what we are manifesting, but I really struggle to understand what a ""vibration"" feels and looks like. When I think vibration, I literally think of particles moving. I have a hard time relating the term ""vibration"" to manifesting outcomes. 

I am single and I am ready to meet my lover and get married this year. What exactly does it mean to get in the vibration of being in a blissful relationship that turns into marriage? 
Does this mean I visualize what being married feels like? Do I try to feel the emotion of being in love through meditation? Do I journal and script about the future? Do I act from a place of it's already done? Do I pretend it will happen until it feels real? 

I'd love to hear from others who went from being hopelessly single to manifesting a loving relationship. What methods did you use that worked for you? What was your ""ah ha"" moment?",https://reddit.com/r/AbrahamHicks/comments/1q3td81/what_does_a_vibration_actually_mean/,,2026-01-04 15:55:01,14,13,ExistingCold7,"frustration, confusion",10,"Science says subatomic particles like electrons vibrate at various frequencies.

So if you look at a larger object like a table, they are actually not solid objects but are made up of atoms with all these subatomic particles which are vibrating. So the whole table is actually vibrating, it just seems solid because it basically vibrates so fast it seems like a solid stationary object to us. Like you know TV screens actually flicker at rates faster than the human eye can comprehend, so it seems like a continuous picture to us on the screen. Same logic for larger objects like a table.

This is the part that mainstream science is fully on board with.

\-----

Now here is the part where LOA diverges from mainstream science. It basically claims that your thoughts also have a frequency and energy (you know all the stuff everyone says about the observer effect and all that\*), and this can directly affect matter (thoughts to things).

Abraham Hicks says we actually have an inner sensor that helps tell us what frequency we are emitting via our thoughts, and this is our emotions. We have desires that are automatically launched by us (Step 1), and our Inner Being automatically creates it and has already expanded to recieve it inn the non-physical (Step 2), and our job is to use our emotions to tell us how near or far the frequency we are emitting is from it (How well we are doing Step 3 Allowing).

As an example, we're broke, and we see a rich man drive in a Mercedes on the road, and we feel jealousy. When we see the Mercedes, we launch a rocket of desire to be as rich as that person (Step 1). This automatically happens all the time. Then in Nonphysical, our Inner Being has already expanded and essentially created a rich version of us who is rich enough to drive our own Mercedes, and is currently emitting a frequency of abundance or whatever (Step 2). This is also automatic and not our work. However, currently we feel jealousy. This shows that we're actually thinking lack thoughts like ""omg I can never afford it"". This is a belief that diverges our Inner Being's perspective that money is abundant and easy to earn etc etc. Hence our thought of lack actually emits a frequency which is very far from the abundant frequency that our inner being is emitting. This big difference in frequency shows up as negative emotion, ie jealousy. When we instead think a thought that corresponds to a frequency that is closer to the frequency of abundance our Inner Being is emitting, such as something like ""I currently can't afford it now, but maybe there might be a way I can somehow afford it, like a promotion or whatever"" (hopefulness) the gap is smaller and it feels better. An even closer thought would be thinking and feeling appreciation for the guy's car, and you will know it by the fact that it feels good. So the 3 thoughts of lack vs hopefulness vs appreciation are actually different degrees of allowing (Step 3) our desire in.

And then basically Abraham's claim is that when you spend more time focusing (thinking) on a frequency, more thoughts will accrue along this frequency. Ie one extra thought joins it every 16 seconds. And when you've amassed enough momentum, actual manifestations and physical will happen in 3D reality. Like for example say you look at the sunset and feel joy, which means you're emitting a frequency of joy. If you keep thinking about the sunset for 16s, 68s, or longer, you will basically attract more joy thoughts that FEEL the same way, and it will become easier and easier to keep thinking more thoughts along this line, until when enough momentum is accrued a physical manifestation that feels the same way (joyful)will come. Maybe your friend gifts you a surprise trip to Disneyland, or you find $100 on the ground, etc.

So that's manifestation in a nutshell.

TLDR: Your emotions tell you how far you are from allowing your manifestations in, feel bad about your desire = you are thinking thoughts that keep you far from it. So change your thoughts to ones that actually feel better/good, and you'll move closer to letting it in.","It’s just energy. When I’m happy I feel my own energy buzzing about.  I literally have more energy. So when I’m down the best thing for me is to walk.  Create energy. For you I’d be thinking about amazing times you’ll have together listening to the songs you both love, thinking about all his wonderful qualities etc etc.","for me things tend to manifest most effortlessly when i am in touch with the feeling of what i want - i can feel the contentment of having it in my bones - and not because i have it yet but because i am so certain that it is coming.  but i am not certain in a fixated way - just in the way that a kid knows lunch will be served sometime later today.  and i am happy about it.  i don't really have to think about it, except perhaps for any other energy i might be putting toward it in the real world - that is, asking for something and making space for the allowance doesn't mean that i don't keep taking actions that are congruent with the direction i am heading. 

i think one of the best early entries into this is through Wayne Dyer's Manifest Your Destiny - that exact title as there are similar titles that aren't it ... it is a six part audiobook where he talks about clearing the channel and then provides a powerful meditation that will draw it to you.  You tube.

I did it for other things it worked for - like money when i needed it - and i also did it for romantic attention - it worked.  Men asked me out on the street, though i don't generally date those.  And then, it just bought exes back toward me because the manifestation was a reflection of what i believed i truly deserved. 

such a gorgeous journey, this finding ourselves and making the most expansive use of our visions - happy journeys to you."
1q3rby5,AbrahamHicks,How do you handle other people's negativity?,"I've just had a blissful few weeks over Christmas and New Year, with close family and my partner. Lots of nature, doing things we love, generally relaxing and planning for the future. I came out the other side full of hope and excitement, feeling connected to myself and what I want, feeling light, easy, refreshed. Lots of sudden realisations and positive shifts. I know this feeling of alignment very well, as it has come in waves over the course of my life, but I've struggled to maintain it long term and think I'm now realising why.   
  
I've come back to my ''normal'' life this last few days and instantly hit with other people's negativity. It's been actually shocking and feels like an almost physical blow.   
  
I tell people I had a great Christmas and they seem awkward, with nothing to say except a strained smile, ''good for you'' kind of thing. Mostly they just start telling me how awful theirs was. Having no money, arguments with family, stress about travel or cooking etc, just usual stuff. And so I respond awkwardly too, trying to sympathise, but I find it very awkward and difficult. I want to talk about and dwell on all the good in my life but I feel like I'm boasting or being insensitive.   
  
These people are my friends, neighbours, colleagues etc so it's socially difficult to just shrug and move on when I want to maintain a good relationship. But how can I protect myself and my vortex from their bad energies?",https://reddit.com/r/AbrahamHicks/comments/1q3rby5/how_do_you_handle_other_peoples_negativity/,,2026-01-04 14:30:57,15,10,pirategospel,frustration,7,"It has happened that I have come across similar conversations and what I think is, it is better to keep our happiness to ourselves and let it out in a way as to not make other people feel envious or jealous about it. 

Maybe, we will soon attract people of similar energy as ours! So just wait a while ig.","That's a great question and a situation I think we all face often. 


What works for me is to frame the situation within the proper (for me) metaphysical perspective. These three points serve me well:


(1) Their negative outlook is just contrast. The fact that their negativity hits so hard is because you have done such great work on your own vibration. Their negativity is just an echo of your own past negative thought patterns that you have fought so diligently to escape. Oh how far you have come from the past you! How great and productive your work has been! You are doing amazing things for current and future you. You should love yourself for that. And you should love your negative friends for showing you just how far you have come.


(2) Their negativity is their own choice just as your positivity is your own choice. Let them make their choices but you can also have sympathy for them if you choose - if it serves you. Of course no one would willing choose to feel negative so they are doing it unwilling, but THEY are doing it none the less. ""Forgive them, inner being, for they know not what they do."" Hold the highest version of them in your mind. Imagine them happy and laughing and in the vortex.


(3) Since they don't know that they are actively choosing an experience they don't want, be the example of how to choose deliberately. Be the city on the hill. Don't hide your happiness and love, but don't force it on others by boasting and proclaimed that they are silly for being negative. They probably aren't ready to have the message of the vortex shoved in their face just yet. But over time, anyone who sticks around will grow more curious and ask you ""how the hell do you stay positive all the time?"" And that's when you can give them the keys to the kingdom for they have come to the gates by their own willingness. They now have eyes to see and ears to listen.


Lastly, there will be days when you are too tired or stressed yourself to be an example or be able to hold this mindset. We are all cloaked in a human persona after all. On those days I keep to myself as much as I can and do everything I can to keep me in the vortex because ""NOTHING is more important than that I feel good."" You can't help others if you're not already where they want to be.


And, as always, remember that things are always working out for you.


Best of luck and please let me know if you have any questions.","The old saying ""misery loves company"" seems to be very common, especially at workplaces or with other people who gather regularly (coworkers, committees, even hobby groups). Sometimes, the grousing becomes the only way to communicate. 

 I think people forget that they have choices and that life is not about being tortured. But that's what everyone has in common...This idea that this is part of the human condition, that we are forced to endure this ""hard life"" together. It's a point of view that is very common.

There's that other expression ""Don't cast your pearls before swine"", which means, essentially, that trying to share your wisdom with people who are on a different frequency might be a waste of energy. It may only drag you down and you don't want that!

 It's not always easy being ""the positive domino"" in those groups. I've always been that person and, as you noticed, it doesn't always get a great reception. People like hearing success stories, but not necessarily from people that they know. They'd rather look ""out there"" to influencers or gurus or some self-help book. I've learned to keep my mouth shut or at the very least, direct somebody to books that I've found helpful.

Easier to keep your mouth shut, but in small ways, you can create a positive vibe whenever you enter a conversation. At least, in your one-to-one interactions with these people, you can do a little bit of frequency lifting, like offering compliments or gratitude or sympathy. People just want to be seen and appreciated!

 ""I really like your outfit!"" ""I really appreciate what you just did, you always do a good job, thank you!"" 
""That must have been tough, I'm sorry you had to go through that. But you are a good person, I'm sure everything will work out okay!"""
1q3kfxh,AbrahamHicks,"THIS IS FEELING GOOD! THIS IS THE VORTEX (If you have a hard time understanding, read this)","Since I knew Abraham, I *have* always had a hard time understanding if I was attracting what I *wanted* or not, if I was allowing, but now I can say *I understand*! And I can give you examples!!

When you drink water and appreciate the water in your mouth, the freshness, this is allowing!

When you remember some good memory and you just smile, or feel *lighter*, this is feeling good! You are allowing!

When you imagine how good it is *to have* what you want... you are allowing!

When you just focus on one aspect of something, anything, and that gives you pleasure, this is allowing!

When you listen to *music*, and maybe you skip to the song that you love the most, or the part *of the song* that you love the most, this is appreciation, and allowing!",https://reddit.com/r/AbrahamHicks/comments/1q3kfxh/this_is_feeling_good_this_is_the_vortex_if_you/,,2026-01-04 08:11:19,51,8,elisiovt,frustration,5,"This is great, thank you very much. It is really so easy, it just takes practice.","So when you do all those things you mentioned, you feel a momentary relief or ""aah"". That's you getting into the Vortex in that moment. Right?","Wonderfully said. It's not always clear to me, the HOW to allow and aign myself."
1q3hubd,AbrahamHicks,I found an Abraham segment that answers concerns about the teachings encouraging victim blaming.,"I'll just paste the transcript here. It is the very first question segment right at the beginning, with the lady who asks about contaminated water in her new house. 

I think it answers all the ""Did I attract X bad thing that happened to me? Am I to blame?"" type of questions. The segment with the \*\*\*asterixes\*\*\* especially addresses concerns that people have about victim-blaming that typically arise.

I've bolded the parts that strike me as important too, from a deliberate creation standpoint.

\-------

Q: My question is, I’m driving along and I’ve been studying Abraham for a while, couple years, and um I really inundate myself with positive music, the message, the whole thing. And all of a sudden, I’ll have a negative scenario start to play out in my mind. So it’s a conscious choice for me to say, I don’t want to create that, and I’ll shift into something else, but maybe a half hour later it’ll come back. So what does that mean in vibrational terms?



Um, it means something’s active within me, not beneficial to me because it doesn’t feel good when it comes in my consciousness, but it couldn’t come into my consciousness if it weren’t active. And because it’s coming up sort of frequently, it’s quite active, right? So, isn’t this wonderful? My guidance system is showing me that by virtue of being out there and living life, I am activating some things that are really good for me and some things that aren’t so good for me. And I’m learning to know the difference. Absolutely.



So then I’m on this conscious journey and shifting. And so I have a little scenario. I moved into a new home, beautiful, and the water was contaminated. So I began to get annoyed when the thought came to me that I didn’t like. I said, “Where do thoughts come from?” So then I say, “Why did I create that?” And I go about fixing it, but I’m annoyed with the water. And one day I say, “You know what? This is done. This water will be fine.” And it was just a real genuine shift in me.



So yesterday I turned my faucet on and without conscious effort, I looked at the water and I had just this deep appreciation for the water. So I’m putting it on my face and I’m feeling deeply appreciative and I’m realizing there are people without, you know, flowing water. And it struck me that this thought came out and it wasn’t a conscious effort on my part. It struck me this was the exact thought I wanted, to appreciate the water, because in my appreciation of the water my water situation is solved.



And what I’m asking is, at some point do we get these good thoughts automatically? Because I seem to have to consciously move away from them.



A: Well, we love your question and we love the answer even more. And the answer is that the more you acknowledge first that you have the ability to move your thought into increasingly better feeling places, then the more those better feeling thoughts become dominant, which means they become more active, which means they become easier. There’s a momentum factor. In other words, you give your thought to something and law of attraction matches it, and then you observe what comes and then you offer the thought more. So the cycle continues.



So of course it follows that the more you shift to better and better feeling thoughts, then the more better feeling thoughts you’ll have. But having said that, we still don’t want you to call the better feeling thoughts right and the not good feeling thoughts wrong. And you started out that way a little bit when you said, “Why am I creating this?” That’s the first thing that deliberate creators do when things don’t go well. They start beating up on themselves.



**\*\*\*Now, it’s bad enough that I’ve got contaminated water, but I’m the creator of contaminated water. And we want you to not make it personal in the sense that that makes you wrong or bad. We want you to make it personal in the sense that do I want contaminated water or do I want fresh lovely water? In other words, when I turn toward the fresh lovely water, I’m just going to get more of that. It really is as simple as just turning the thought.**



**We cause a little bit of your beating up on yourself as we imply that you want to be a deliberate creator because when things happen and you don’t think you deliberately thought them, then you feel uncomfortable that you don’t have more control of your thoughts.**



**Now this brings us around to what we really want to talk about. We want you to get the sense that you’re not trying to control thoughts or control circumstances so much as you’re just wanting to define them and go in the direction of them. It’s a much simpler thing than we are all making it out to be.**



**You want to make it about your worthiness or about your ability or about your epness or ineptness. You want to make it about whether you’re right or wrong or worthy or unworthy. And we want to say that’s never been in question. You’ve always been worthy.**



**You’re just here making choices. Do I like to eat this? Do I like to eat this? Do I like to experience this? Do I like to experience this? That judgment that humans want to lay over everything, as they’ve been so convinced that God or someone is watching everything that you do and making a judgment about the appropriateness or inappropriateness of it, is causing you to complicate your ability to attract in a very profound way. Mhm.\*\*\***



So you’re driving your car and a thought occurs to you, and as you ponder it, you find yourself thinking, “Oh, I don’t want that.” Then the next thought that will fall on the heels of that, if you are aware of the progression of these contrasting thoughts, is, well, I know what I don’t want. What is it that I do want?



**If you’ll just let that be the common response when you find yourself in the middle of a thought you don’t want. Well, I know what I don’t want. What is it that I do want? And then do your best to turn your undivided attention to what you do want.** But here’s the thing that trips you up, and we want to sue. Not you, but all of you, not only you, we want to sue it. Is that I know what I don’t want. What is it that I do want?



We want you to realize that even though you may be able to speak the words of what you do want, you might not necessarily be right on the heels of what you do want. **There might be quite a crevasse between where you are and what you don’t want and where you want to be and what you do want.**

**So then the next thing you want to say, oh this is good. We have not said this this way before. Whenever I know what I don’t want, I also know what I do want. And now I’m just going to point in the direction of that and move in that direction. Instead of saying I should be there, I’m just going to point in the direction of that and begin moving in that direction, and I can feel by the relief factor when I’m moving in that direction.**



What goes wrong for you? You’re used to succeeding and you’re used to getting hold of things and making things happen. You’re used to doing a good job of things. And so when you’ve got a thought that doesn’t feel good and you can’t turn it around on a dime, then you’re self-critical. And we don’t want you to be self-critical. **We just want you to get it pointed in the right direction and understand that law of attraction will then help you get that momentum going.**



And so what if you have to turn it around a dozen times? So what if you have to turn it around a hundred times? **Just the turning around factor in time will give you that momentum that will get you going in the right direction and keep you going in the right direction.**



Every time you know what you don’t want, you launch rockets of what you do want. And every time, every time, the dominant current is pulling you toward what you do want. In other words, there’s never a time when you’re not getting that help.



But there is in this physical format always quite a buffer of time or a expanse of time between the time that you’re getting help and the time that you’re vibrationally lining up with help and the time that you’ve allowed it long enough that it manifests.



Unfortunately, many people want to wait till the beautiful water is flowing before they feel appreciation of it. And the trick is to feel the appreciation, which is because of the vibration, long before the manifestation is there. That’s the key. That’s what you’re really looking for.



**How can I feel the appreciation for the lovely water when the water’s still contaminated? How can I feel appreciation for a healthy body when I’m sick? How can I feel appreciation for clarity when I feel confusion? And we say, no one can do that. You can’t feel confused and feel clarity at the same time. You can’t feel appreciation and worry at the same time. But you can in your worry want to feel appreciation. And that gets you turned in the right direction.**



**We want you to leave here convinced, determined, decided that it’s enough that I’m pointed in the right direction and never mind how far along I am. It’s enough that I’m pointed in the right direction. And if you can get that, then what that means is you’ve made peace with where you are.** And when you’ve made peace with where you are, the natural occurrence, the natural inertia, the natural universal response is going to get you there.

**But if in any way you are unhappy about where you are, you’re pointed in the wrong direction**. Oh, that was so big. So big. I get it. Thank you. Something more.

\----

Source: 

[https://www.youtube.com/watch?v=ReL81aBfKRE](https://www.youtube.com/watch?v=ReL81aBfKRE)



",https://reddit.com/r/AbrahamHicks/comments/1q3hubd/i_found_an_abraham_segment_that_answers_concerns/,,2026-01-04 05:43:10,21,19,shastasilverchair92,"frustration, confusion",7,"This is awesome. This could potentially be pinned to help people who come here and passive-aggressively insist on conflating blame with our personal responsibility for our receptive mode.  I've seen so many ""spiritual teachers"" pull this blame, it's not even funny anymore lol.

Abraham always brings up the ""knowing what you don't want, knowing what you do want"" in seminars. This is a good elaboration of that.","Hey I didn't listen yet but please be aware, folks are now using AI to produce 'new' abraham pieces... always be sure and check it comes from Esther hicks and not chatgpt getting fancy. Wishing you the day you wish for.","I think the the concerns about victim blaming are any hints at responsibility get turned into blaming. This isn't a problem with what Abraham says, but with how some people choose to hear it."
1q0z8v7,AbrahamHicks,Scared of wanting or having things now,"Long time lurker, first time posting. This year has been pretty good when it came to manifesting. I felt like I could very easily shift or adopt the right frequency to attract things towards me. However, I had a lot of illusions break this year. The guy I worked so hard to be in a relationship with completelt fell apart. The friends I thought I manifested also fell apart. Same goes for the work I had. I felt like I was on top of the world and it just ended up crashing down. My ex gave me concussions and turned my entire office against me. Those friend were bullies and admitted to intentionally trying to hurt me. And it was only when I got super stressed out in my own personal life did their behavior become obvious. 

So given all of this experiences. Ofc im in a traumatized state and I keep working thru whatever I can to get back to a healthy mindset. However, I cant move forward in my life at all. I cant manifest anything anymore. Im taking everything people say personally. I feel so fucking out of place in this world now. Im not sure where to go from here",https://reddit.com/r/AbrahamHicks/comments/1q0z8v7/scared_of_wanting_or_having_things_now/,,2026-01-01 08:14:23,10,19,dirtcakes,"frustration, confusion, fear",7,"If you had to work so hard to be in a relationship with someone, something probably wasn’t right to begin with.","Breathe.  Slow down.  Breathe.  Take time to meditate.  The only moment is Now.  Slow it all down.  Let it it all flow, and come to you.  Make peace with where you are.   This moment.  Just be.","All of those things are food for thought that's true but it's bad for you to contemplate. It's time for you to give yourself as much as a good breather as you can, I'd say, bury your head in the sand metaphorically speaking. 


The momentum of the energy of all of those unpleasantness manifestations is very present in your post. Remember: we're always manifesting, good or bad. It's not your fault, anything, but you need to get yourself feeling good again inside of you want your outside reality to improve. You simply can't keep thinking and contemplating in your mind about things that make you unhappy. Remember that it's natural for them to pop up because the LOA brings you more of what's active in your vibration, but it's time to deactivate. 


You CAN manifest a calmer situation. Meditate, all of the Abraham CD meditations are on an Apple app or for free on YouTube, calm your nervous system and your vibe, do rampages of appreciation about all the thoughts about yourself that you can find in your mind that feel good and true (don't force), retreat often to replenish your energy, read books that make you happy, watch TV shows that make you feel good, do things that make you happy for the sake of being happy and remember that you're doing yourself a huge favour every time you practice feeling good. 


Don't give up, and since you're here I doubt you will. As Abraham says, once we've tried this teaching and know what we know even if it feels that way temporarily we can never go back to misery: we will get happy again because we know how it's done. 


I know you've been though a lot but it's the same for all of us: as within, so without, and we are source energy in a human body, leading edge creators, not someone who is condemned or anything like that, which means that we can turn anything around if we take feeling better seriously. Nothing else matters, your inner reality attracts your outer reality, you must work on finding relief and energy inside of you, and not beat yourself up. 


Don't take painful thoughts seriously. They don't serve you and they come from the past. Don't ruminate. Affirm to distract the course of your mind. Meditate to release stress and emotional pain. 


You're not alone: you have a powerful inner being, your intuition. Sleep well, eat well, take yourself out to see plants, listen to good audio on YouTube, forget your reality as often as you can and affirm on writing and speaking to yourself whatever affirmations you can come up with for yourself (like I'm lucky, I'm smart, this is already passing, I'm gonna be okay, luck is always on its way and there's always a silver lining and I'm so good at this, and I'm so smart for knowing Abraham and I'm so on my way and I've put so many requests in to the universe, in know I'm getting on the high vibe wavelength and good will come from this, no one can hurt me, I'm so wise, etc etc etc). 


You've got this! Forget what you think you need, what you truly need is wind back in your sails: do what you feel you must outside in real life while you focus on what's really important: how you feel, because trust me, if you improve that, suddenly there'll be options and luck and healing and laughter outside as well. 


You're good at this, all of us are! We're survivors and thrivers 🪷✨🩷🔥 good luck x"
1q0rqeb,AbrahamHicks,I grew up in a toxic household and it programmed my subconscious for failure - here's how I'm rewriting it,"It's New Year's Eve and I've been scrolling through this sub reading everyone's posts, and honestly... I see myself in so many of you.

The ""I've been trying for months and nothing's working"" posts. The ""am I doing something wrong?"" questions. The ""I manifest small things but never the big stuff"" frustrations.

I was ALL of those posts a few years ago. And it's hitting me hard tonight because I remember exactly how that felt.

I grew up in a household where I was constantly told I wasn't good enough. That I'd never amount to anything. That dreaming was stupid and I needed to ""be realistic."" Money was always scarce, always stressful, always this thing we didn't have.

And the messed up part? I didn't even realize how deep that programming went until years later.

I'd try to manifest things and this voice in my head would immediately go ""yeah right, that's not for people like you."" I'd write affirmations saying ""I am successful"" and my stomach would literally turn because it felt like such a lie.

I sabotaged myself constantly. Got close to opportunities and then found ways to mess them up. Told myself I was ""just unlucky"" when really, I was unconsciously recreating the limitations I grew up with.

When I first learned about manifestation, I thought it was just about positive thinking and vision boards. I'd do it for a week, nothing would happen, and I'd quit. Then I'd see other people's success stories and think ""of course it works for them, but I'm different.""

That's the toxic programming talking, by the way. ""I'm different. I'm the exception. Good things don't happen to ME.""

I see that same thought pattern in posts here every day. And my heart breaks because I KNOW that feeling.

It took me YEARS to realize that my subconscious was literally fighting against every manifestation I tried to do. Like I was trying to plant flowers while my subconscious was pouring poison on the soil.

The real shift happened when I stopped just doing techniques and started actually HEALING that subconscious programming.

I had to catch myself every single time I thought ""I can't afford that"" and flip it. Every time I felt unworthy, I had to consciously choose a different thought. Every time that voice said ""this won't work for you,"" I had to prove it wrong.

And honestly? Even now, years later, I still catch those old patterns trying to creep back in. When I read posts from people struggling, sometimes I feel that old anxiety resurface - that ""what if I lose it all"" fear.

The difference is now I RECOGNIZE it. I don't let it run my life anymore.

Like last week, I caught myself spiraling into ""I'm not good enough"" thoughts and I literally stopped and said out loud ""nope, that's not who I am anymore."" Felt ridiculous, but it worked.

I learned to separate myself from those programmed thoughts. They're not ME - they're just old recordings from people who had their own limitations.

My new year's goal for 2026 is to help as many people as I can through sharing what I've learned and experienced. Even if I can help just ONE person avoid the years of struggle I went through, that would mean everything to me.

That's why I've been active in this community and why I started sharing on YouTube (The Awakened Imagination) - not to be some guru or expert, but because I genuinely believe we're all in this together. Your success doesn't take away from mine. There's more than enough for all of us.

Seeing posts from people who sound exactly like I did a few years ago reminds me why this matters.

We all deserve good things. Even if we grew up being told we don't. Even if we've ""failed"" at manifestation before. Even if we feel like the exception.

If you're reading this and you relate - you're not alone. You're not the only one struggling. And you're not broken.

What's one limiting belief from your childhood that you're leaving in 2025?

Let's make 2026 the year we stop letting our past program our future.

Happy New Year, dear friends. Wishing you all a successful, abundant 2026. Everything is working out for you. 🌟",https://reddit.com/r/AbrahamHicks/comments/1q0rqeb/i_grew_up_in_a_toxic_household_and_it_programmed/,,2026-01-01 00:46:01,77,9,Ok-Control-1478,"frustration, confusion, fear, loneliness, insecurity, disappointment",8,"Everything is always working out for me. 

Happy New Year everyone! The fireworks have already started in central time.",That’s a great post. Nick Breau is good at helping people change their programming,"I won't believe I don't deserve good things anymore. I won't believe I am not enough, I don't do enough. I choose to believe that God protects me and everything is going to unfold perfectly just for me. Because I deserve good things, because I am special and I can live things the average people can't. 
Happy 2026 💙"
1pz338k,AbrahamHicks,"This doesn't have to make any sense or be logical, right?","**I want your opinion.** I was thinking that the last things I manifested happened while I was feeling good about things that didn't make any sense, like silly things that nobody would understand, probably only myself.

I noticed that feeling good doesn't have to be the same straightforward thing, Instagram things like thanking the sun or meditation, I don't know, things that make sense to other people.  
I noticed that things that don't make any sense are, most of the time, what make me feel good.   
**FOR EXAMPLE:** There are some affirmations that are so shallow, so… silly, that they make me feel sooo good, and I manifest a lot with them.



I received some advice from someone on this subreddit one time that makes a lot of sense now.  
It goes like this:

""The nudges from the non-physical part of you will always feel good and light - and sometimes they may make no sense to your logical brain in the moment, and you may find yourself questioning whether to act on them.""

""I promise that the most magical moments come when you listen to your gut  - sometimes even if it means going against your logic.""",https://reddit.com/r/AbrahamHicks/comments/1pz338k/this_doesnt_have_to_make_any_sense_or_be_logical/,,2025-12-30 00:25:00,25,9,elisiovt,confusion,7,"The world is far less logical than we've been taught to believe. Logic and reason are too often abused by other humans, used on us a tool of repression and manipulation.

When you understand that, it also helps you embrace an unspoken tenet of Abraham-Hicks: you should believe you can have what you want. 

When you say the affirmation is shallow, that's a form of self-harm.","Funny, because I was an atheist, and I'm still skeptical about a lot of things, and my previous profession was based on pure logic, so it's funny how sometimes we bring our past experiences into these teachings.","I look for things that make me happy! Beautiful trees, a pretty sky, a flower, a decorated yard in my neighborhood. I soon became manifesting left and right!"
1pyqozq,AbrahamHicks,Going to see her in Santa Fe!,"I just discovered Abraham Hicks this past weekend. I've been on a spiritual quest for the past few years. I've been down many paths of learning and have been extremely interested in the law of attraction. The craziest thing to have happened to me is early in my quest, I was cleaning out my garage and found an unmarked shipping folder with the DVD of The Secret inside (no way I bought it or was sent it by someone I know). It still took me months to finally rent it online as I didn't have a DVD player. I do believe that I have achieved many of my desires over my lifetime, although have always felt it was from hard work. I have had several intuitive hits come true and the synchronicities are insane now that I've looked back and written them down. I've also had negative thoughts/hits come true. 

  
After listening to one of her morning meditations and then listening to some of her workshops while I was working, I have felt lighter and happier. So I've chased these feelings. I looked up her speaking tour and although I live in Southern California, it's hard for me to take off work on Saturdays. I saw that she was in Santa Fe late February, which would give me more time to plan and take work off. I'm headed there and my best friend who lives in NM also has time to come visit me and my ""therapist/shamanic healer"" who has plans to move to Santa Fe from NY moves on Feb 15th - so I'll also be able to see her too! (In person!, it's been 2.5 years, we see each other every other week via zoom). I have been wanting to go to an event like this for a while now and I am hoping that all of these great things coming together at once means that Abraham Hicks is who I was supposed to see all along. 

  
I do really want to ask her a question and be part of the workshop. Has anyone gone before and spoken? How do you decide on what to ask? 



I am so grateful to have found this life as I was struggling to find meaning until that day I sat on Anna's couch in Joshua Tree - and she could see me for who I really was (a struggling empath who didn't have any spiritual beliefs, yet knew I needed something...)",https://reddit.com/r/AbrahamHicks/comments/1pyqozq/going_to_see_her_in_santa_fe/,,2025-12-29 16:28:12,21,10,What_Possibility0218,"frustration, confusion",6,"I love the Abraham Hicks workshops!  When you are there, the energy is tremendous.  I always go with a question or two in mind but don't need to go up to ask.  Everything I want to know is always discussed during the session.  Have a wonderful time!!","The workshops are amazing. I’ve been to probably a dozen, if you count the days at sea during the cruises with Abe (I’ve done two and am doing another in March). I’ve never raised my hand to ask a question but my questions are always answered. Enjoy the experience!","I asked about what was inspired by Abe. Reading the Ask and it is Given book, there is a place where Abe says to ask, ""I want to know what I want."" (I may not be quoting it exactly as it was 20 years ago,) I did and then watched to see what would happen. I was at a friend's house and a book in a bookshelf across the room caught my eye. I figured, asked so I should check it out. It was Nonviolent Communication (NVC) by Marshall Rosenberg. I read it and it absolutely resonated with me. So when I got in the hot seat I asked how NVC aligned with their teachings. They said it was similar but slightly different, but basically what they were leading us to.

The Abraham teachings are wonderful and the NVC fills in the gaps of dealing with other people in a more specific way than Abe can teach in their format. Abraham talks in a way that is similar to how someone who is skilled in NVC would talk.

Just after reading your post I walked in my office and as I was walking out the NVC book fell off my dresser."
1pxr6gg,AbrahamHicks,A Holiday Manifesting Message!,"If you're struggling to manifest the things you want it might be time to shift your approach. I've seen so many posts on here where people are desperately searching for some ""secret"" to manifesting, hoping that one day their dreams will just come true. But here's the truth: it doesn't work that way and you might be waiting a long time! If you're still waiting for a breakthrough, it's because your perspective is off. The reality is, many of the so-called LOA teachers out there are just selling you the idea that you need more products. True LOA teachers don’t need to keep selling you stuff because once you understand the basics, *you* hold the power to manifest.

So listen to your intuition, find a philosophy that clicks with you, and apply it consistently. Then watch as things start falling into place - just like it did for me!

This Christmas I spent a fortune on presents but I got double the amount back from unexpected income. Once again, the Universe paid for my holiday season!

Wishing you a fantastic holiday season and lots of love on your manifesting journey!

Love, Your Manifesting Queen x",https://reddit.com/r/AbrahamHicks/comments/1pxr6gg/a_holiday_manifesting_message/,,2025-12-28 13:19:38,19,1,Janee333,frustration,1,Thank you very much for this encouragement. It's certainly needed on my journey. I'm trying to manifest a miracle that will light my way and Mom's way home. Do you have any advice to spare?,,
1pxqkka,AbrahamHicks,How to Make Your Life Weirdly Easy & Effortless ✅Abraham Hicks 2025,,https://reddit.com/r/AbrahamHicks/comments/1pxqkka/how_to_make_your_life_weirdly_easy_effortless/,,2025-12-28 12:47:45,6,0,Specialist-Menu-4719,confusion,0,,,
1pwl0np,AbrahamHicks,Help figuring out why I like to plan something and then rejecting it,"So I’m trying to figure out why I reject my plans. After listening to Abraham I would always say I don’t have that intention to do something. Then I realized that sometimes I do but I cancel it. 

For example year ago I just got a motorcycle and during Halloween I still had left over candy. I thought it would be fun to ride around in my neighborhood and give the kids some candy. 
But then I stared to think it’s windy (which is was windy) and as a newish rider maybe doing this is a bad idea and my plan was to have the candy in backpack and have backpack on my chest and stop when I see kids and give them candy. Super easy. Because of the negative thoughts I ended up being home

Another thing I made a plan to go to Florida for only two days. Do two things and come back. I had fun looking at things and plan the trip and look at the tickets for airport. But when the time came in I rejected it. It was like I had more fun thinking about it then actually doing it. It took me days and I did got the tickets. 
However my original plan was to get to Florida around 10 or so and leave after 8. Because I waited so long and had specific day that worked for me I will be living my city at 9 and getting there after 1 which is still okay. What I wanted to do closes at 5 so will have time. And for some reason when I book the ticket to leave Florida I know I clicked correct day but somehow I got wrong date so had to call the ticket place and the only flight leaving was 530 pm and my plan for that day was to end my other thing at 5 which now means I will have to end it earlier so I have time to go to the airport. And then I thought maybe I manifested the later departure because I hate to rush but not sure why I could not find later time to leave. I try to think that it’s just meant to do and maybe I would get bored doing my thing from 8 am to 5 pm and leaving at 3 pm will be okay. I will still get to do what I wanted

So trying to figure out why I would get something that seems fun but other part of me rejects it. Why like today I had hard time booking things. But after everything I stated to feel good again and picture me doing the fun things and I’m just having fun. At least after everything is booked I don’t have negative thoughts. 

Thanks for any feedback or suggestions ",https://reddit.com/r/AbrahamHicks/comments/1pwl0np/help_figuring_out_why_i_like_to_plan_something/,,2025-12-27 01:30:36,3,2,Narcys1,"frustration, confusion",1,"For example year ago I just got a motorcycle and during Halloween I still had left over candy. I (thought it would be fun to ride around in my neighborhood) (and give the kids some candy). **But then I stared to think it’s windy** (which is was windy) and **as a newish rider maybe doing this is a bad idea** and my plan was to have the candy in backpack and have backpack on my chest and stop when I see kids and give them candy. Super easy. Because of the negative thoughts I ended up being home

I put the parts where you were thinking positively about the idea in () and the parts where you were thinking negatively about the idea in **bold.** See what you were doing there? One step forward, one step back.",,
1pwe5l9,AbrahamHicks,This one hits hard.,,https://reddit.com/r/AbrahamHicks/comments/1pwe5l9/this_one_hits_hard/,,2025-12-26 20:29:34,267,2,BetAnything,frustration,2,What you give attention to shapes your reality and perception.,"…what?

Like… if you don’t fact check the news source?

Or if you take up a hobby everything seems related to that hobby? Honestly never had that one happen, but seems like what this person was trying to say?",
1puhact,AbrahamHicks,Stuck between buying property and trusting alignment (Abraham Hicks),"Hi everyone,

I’m feeling really stuck and could use some Abraham-style perspective.

I’ve been living in Paris for 8 years, still renting. My parents keep pressuring me to buy a place, and logically it makes sense — but emotionally I don’t feel settled here. Something inside tells me Paris isn’t my final place.

I’ve tried for a few years to move abroad, but nothing has really flowed yet. So I’m in this uncomfortable in-between:

	•	Guilt and pressure for not buying property
	•	Uneasiness at the idea of buying somewhere I don’t feel I belong

I’ve been applying Abraham’s advice — letting go of the topic, focusing on feeling good, ease, and alignment. But months are passing and the situation hasn’t resolved, and the inner tension is still there.

My questions:

- How do you truly let go when a decision feels this big?

-How do you tell the difference between fear-based resistance and genuine inner guidance?

-Is waiting for alignment always the right move?

Would love to hear any Abraham-aligned insights or experiences 🙏",https://reddit.com/r/AbrahamHicks/comments/1puhact/stuck_between_buying_property_and_trusting/,,2025-12-24 07:12:21,13,9,BronzeFurnitures,"frustration, confusion, fear",9,"The decision may feel big, but it's really irrelevant. 


You can never get it wrong because it's never done. From wherever you are, you can create what you want. 


The path of least resistance is not changing anything, but making peace with what is. Looking for the positive aspects of it. Liking where you are, and trusting that whatever you need, whenever you need it, will be there. Not caring about what other people think. 


And making the best of it, right here and now. By focusing on things that make you feel good now, rather than worry about what's next. ","Inner guidance feels gentle, firm and loving. Source is all loving and all pervasive, so it teaches us to align ourselves with what feels lovely to us. Guilt and pressure aren’t lovely, and your parents may be guiding you to do that based on what they feel is best for you, but we’re all here to know what’s truly best for us. They have their own inner being, you have yours. You already have enough things in your vortex, and based on that alignment, there’s unease about buying in Paris. I would respect that alignment over anything else. 

Whenever you feel tension bubbling up over lack of movement, take a step back and redirect your mind to asking source for help about what to do next. Trust that you will make the right decision for yourself no matter what, and those who love you will respect it too. Focus on the feelings in the preceding sentence and you’ll feel better, and any decision coming out of that state of mind will only bring you happiness and peace. 

I do believe waiting for alignment is always the right move. But there’s no waiting, the moment you pay attention to the aligned state, it’s activated. The right property and place aren’t running away. You’ll be fine. :)","You know the answer. 

Follow your gut. 

You have an internal guidance system.  

Listen. ❤️❤️"
1pu87s2,AbrahamHicks,Abraham on fear & what to do,"Hi all, I transcribed this to focus + change my vibe, Abraham on fear and fear of manifestations and what to do, here it goes: 

\*The easiest way to release fear from your experience is to find something to love, something easy to love, and focus upon the fact that you love it and how much you love it.\*

\*In other words it's just, it really is about the amount of air time that you've been giving to things.\*

\*But you've been living under a misconception as have most people on the planet. Most people think that stuff just happens and when that stuff happens and you look at it, and you have to, that you're gonna feel fear, and there's not anything that you can do about it.\* 

\*And we wanna say, even under the most fearful of conditions you don't have to feel fear because you have the ability to change the subject.\* 

\*So why wouldn't anyone, this is really a big question that we want you to consider about yourself, why wouldn't you why wouldn't anyone, be willing to change the subject from a fearful one to a joyful one, why would you not be willing to do that?\* 

\*Because you don't believe in the vortex, because you believe in reality, because you don't believe that changing the point of your attention and therefore changing the way you feel in other words the only reason that anyone would not be willing to do that is because they really don't get the vortex they really don't get attraction they really don't get vibration they really don't yet understand that manifestations will follow your point of attraction and your point of attraction is evidenced to you by the way you feel and you could choose to feel good no matter what no matter what no matter what, once you understand this, you see.\*

\*So when you say how can I push through fear? We say we wouldn't.\* 

\*We'd just try to find little pieces of something that feel entirely different than fear.\* 

\*And we'd practice them until they're so active in your vibration that even scary things don't scare you.\*

  
All I know, you guys, is that good things happen when I'm consistently aligned! Everything is always working out for us, there's no lessons, only an opportunity here to focus more on being in the vortex, contrast is eternal and that's a good thing, and from inside the vortex, things look very different. Love Abraham, love you all, have another good one xx

The source video: [https://youtu.be/Vk1pzaim71M?si=HJyRewxIAowyMYnz](https://youtu.be/Vk1pzaim71M?si=HJyRewxIAowyMYnz)",https://reddit.com/r/AbrahamHicks/comments/1pu87s2/abraham_on_fear_what_to_do/,,2025-12-23 23:20:59,12,3,abrahamhfan,"confusion, fear",2,Thank you for transcribing.,"Brilliant, thank you! ❤️",
1pt6e5r,AbrahamHicks,I’m a money magnet,"Even tho I broke up with a guy and will be spending holidays with my family I am good

I don’t know what I am doing but I’m getting small checks from places 

They are small like 40 bucks from one place, 50 from other, I think I got 100 from another place

I also won 4 dollars from playing lotto haha. At first I was like really only 4 but then I thought how many people play for years and don’t win anything and I played maybe 3 or 4 times before and won. 

I don’t know what I’m doing. I’m trying to enjoy my life, trying to think positive, if I have negative thoughts I catch them and refocus 

I heard a video too that if you talk to money like a friend and can build a silly relationship it can help so I had been calling money Mr Cashington and been saying hey thank you for that check and I appreciate it but next time add more zeros to it lol or sometimes I say Mr Sugar Daddy you forgot to add more zeros and that really makes me laugh. 

Just wanted to share. 
Feeling good, everything is working out for me and everyone else. 
It is done. 
Love you guys ",https://reddit.com/r/AbrahamHicks/comments/1pt6e5r/im_a_money_magnet/,,2025-12-22 18:05:23,98,6,Narcys1,frustration,6,Mr cashington I love it totally using that 🤣🤣,Enjoy it 🤲🏼🤍,"How beautiful 🩷 happy holidays, ""everything is always working out for me!"" -Abraham "
1psikpl,AbrahamHicks,Lottery (update),"[Lottery Update]

I participate in other communities here on Reddit, but this one embraced me in my moment of despair.

We managed to get a car and also +4k in cash upfront for a service contract in January.

This happened 4 hours after receiving the notification from the garage.

The story...
Well, last Friday (December 19th, 2025) my husband and I hit rock bottom and to make matters worse, we lost our only work tool... The car!

I was still on the train when I had the idea to ask a question in this group about the lottery.

So I dropped everything, went into my room, cried a lot and fell asleep after meditating and doing some affirmations.

In this way I managed to change my state and entered a state of gratitude, remembering the clothes, shoes, bags and machines that I acquired.

I gave thanks and remembered my happiness when I acquired certain items. And I took advantage of this state of happiness, which led me to a state of gratitude for the new car, and I ignored our financial situation.

Having done that, I went to work and forgot to buy a train ticket, and there was a checkpoint which I completely ignored. Then I bought a lottery ticket and a scratch card where I won €200, and these events gave me incredible strength.

After 5 hours of work, I found out that my husband had been contacted by a millionaire client who immediately offered to buy a used car for him and even paid part of the service to secure our Christmas.

I am very happy to have control over my emotions and feelings. And to insist that I already had a car.

Thank you very much to everyone who supported me during such a delicate moment.

 ",https://reddit.com/r/AbrahamHicks/comments/1psikpl/lottery_update/,,2025-12-21 22:11:17,147,10,MeanTurnip9281,confusion,7,"I just shrieked as if I won!!! I probably speak for everyone when I say that we are so very happy and proud of you. 

Always remember — we are just a frequency away from everything in our vortex(es). We’ve asked and the Universe has already given. The cooperative components are there. All we have to do is get up to speed and line up with it!!! ✨✨✨","That’s amazing! So happy for you guys! 

Thank you for sharing!

I always try to remember Abraham quote:

“I am really afraid of this, what must I do?

Abraham: ""Never think about it again.”",Amazing 💖 so happy to hear! This inspires me too.
1psgq0x,AbrahamHicks,How to get into a healed good vibration during xmas break,"Hi! I am 26 and just moved countries, where I am paying rent but still don’t have a job or a steady paycheck. I do have savings for some months and I’ve had job offers, but at the time of moving my offers fell through. The moving itself was a big shock, even if it’s a huge milestone and a dream for me. That’s why I have been very wired and had anxiety/burnout symptoms, and it’s almost as if I’ve been worrying about anything and everything, for a long time now, and it’s draining me. I usually am a positive person and almost delusionally confident in life and my abilities, but now I feel worn out physically and spiritually, like I’ve been in survival mode for so long and have to adapt to a new country alone. For my xmas break which is 2 weeks, I am back at home with my family and boyfriend closeby, I have been still carrying this stress of the uncertainty with jobs and my new life in the other country. I’ve also felt scared of doing everything alone there when I go back! Now I want to relax during xmas and truly raise my vibration from worry and fear to something better, I want to see my money multiply and solutions for my creative endeavours and jobs come. I want my nervous system to be agile and safe, with a relaxed body and mind. Where to start?🩷 Thank you already!🫶🏼🎄",https://reddit.com/r/AbrahamHicks/comments/1psgq0x/how_to_get_into_a_healed_good_vibration_during/,,2025-12-21 20:50:22,10,8,Key-Neat3290,"confusion, fear, loneliness",3,"Sounds like your nervous system is need of some major relaxing. I'd suggest you look into eft tapping for one, it's specifically for this issue.",❤️,"https://youtu.be/iJCyfWrEBro?si=h66QCipxBBzlmD58


This subliminal instantly calms me down ❤️❤️"
1ps67qg,AbrahamHicks,What's your fave Abraham quote lately? Here's a bunch of mine! 🩷,"You're not trying to find that \[   \] you're creating the vibrational atmosphere so that it can find you! 

(Abraham was talking about a job but I think it must apply to everything)

""It is a vibrational shift you are craving, not the ability to purchase something.""

  
(when feeling lack of money & the gap hurts, quote from Money and the Law of Attraction)

""I use my imagination to thrill myself in the vortex 🩷"" 



(Abraham says that using it to create something not yet manifested is shooting yourself in the foot)

  
""It's not about you! They're looking at you and they're talking at you but everyone's just trying to feel a little better.""  
  
(when people have harsh strong opinions or judgement)

  
""The receptive mode is also the replenishing mode: people can't take as fast from you as you can replenish it.""

  
🌟🌟🌟🌟 I think finding Abraham has been one of the most rewarding things in my life, the way Esther speaks just makes sense to me! 🩷",https://reddit.com/r/AbrahamHicks/comments/1ps67qg/whats_your_fave_abraham_quote_lately_heres_a/,,2025-12-21 13:12:22,31,10,abrahamhfan,frustration,4,"One of my favorites is ""When you give someone the benefit of the doubt, you're the one that receives the benefit""

Im curious if you could explain more on the shooting yourself in the foot on the imagination/  vortex one you gave?","mine has always been “everything is always working out for me”.  and they are right,  when i look back at my life even the really traumatic events, at the time going through it i felt so bad but years later when i look back i think yeah i can see why that event works out for me because what came about from that bad event was this super good event.","""As an uplifter, it's not an easy thing, to know what you know, and to live a life that is stable and good feeling, and see others around you that have not figured it out or who cannot find their way.

Knowing your way is the best possibility of them finding their way."""
1ps3ctg,AbrahamHicks,"Are you guys like, go getters?","Hi all, so, are you guys go getters? I was wondering because I'm so confused with manifestation stuff, I'm taking a step back from most of the internet now because I don't get it, I meditate and change my habit of vibration when I feel bad as much as I can, but, there's so many people who tell you how to get your stuff, some claim to get stuff independently of how they feel, Abraham Hicks says that it's all in the vortex, I'd like the feeling of having something I think I need happen and have the satisfaction of knowing that I made it happen, you know? 

  
So... Do actions to take occur to you guys? Or do things just show up? Do you do robotic affirmations or meditations to manifest some times a day or something? Or do you just go with the flow and get into the vortex and enjoy whatever comes? 

  
I'm abit lost 😬",https://reddit.com/r/AbrahamHicks/comments/1ps3ctg/are_you_guys_like_go_getters/,,2025-12-21 10:18:01,2,24,Maleficent_Alps_3299,confusion,7,"abe says actions that you take when out of alignment is not good and doesn’t help but if you get onto alignment and you take inspired actions, it will make a big difference.  things dont just show up for me without my first changing my story and soothing my negative emotions around a topic.  all the big deliberate manifestations i have had are a direct result of my purposely telling a different story, soothing the negative emotions that i had on the subject.  abe says you cant get to a happy destination if the trip there was miserable.  therefore you have to sooth those negative emotions before you can change your point of attraction to something good instead of something bad.  my inspired actions are very nuanced… none of what i do are what i would consider hard labor.  i dont meditate… on account i have a hard time staying awake every time i meditate.  i dont do affirmations either.  i gratitude journal every night and think about those blessings that came that day.  it does help because you end up looking for things throughout the day so you can write them down at night.  i positive aspect the crap out of everything…. any time something bad happens or i feel negative emotions, i pivot and positive aspect.  it really does wonders to sooth.","It’s important to remember that the things we want to “go get” are things we think will make us feel a certain way. Let that sink in. You want to feel a certain way. And you know what that certain way is. I could try to describe it and I’d do a pretty good job. The word exhilaration comes to mind. But you know that feeling for yourself better than anyone else does. What you might not know, or not know fully, is that this feeling is available to you without the things. 

And you just don’t know how others are feeling. Those “go getters”. Some may be feeling something akin to exhilaration. Some may not. But the ones who do are feeling it more and more and the ones who don’t aren’t. 

Yes, inspired action will come to you easily. But if you’re thinking about it too much then you’re not focused on what’s really important, the feeling. It’s what you want. And you can have it. Maybe not easily at first, but more and more so. And then yeah it’s just magic. Both in the things that show up and the things you find yourself doing and saying and being.","Well my weight loss experience is that when I do things that align with my beliefs (no sugar, fried, processed etc) I feel better than if I don't do this, and I lose weight. One day I'll get around to changing those beliefs that sugar etc are bad, but I've got more important things to focus on. Same thing applies to career success or whatever.

The biggest mystery to me is Alex Hormozi, man his videos on how he does things makes 100% logical sense, but I tried it and it's BRUTAL. No idea how he keeps up the pace."
1pquea6,AbrahamHicks,Penny For Your Thoughts Gold Coin Moneybox Technique!,"It's been a minute since I posted because I've been busy living my best life. This year has been amazing! Everything in my life shifts into place. People talk about struggling with money, but I've never had more than I do now (and I like to tell myself my income is always on the rise). This is such a fun and unique way to handle overthinking and it really helps with acceptance: Whenever I catch myself having negative thoughts, I imagine getting paid in gold coins for them! It actually makes me want to have negative thoughts. Through the Law of Non-Resistance, I end up shifting to a more positive mindset. It’s wild, but it really works - when you're happy and accepting, negative thoughts just can’t stick around. They only come when you’re resisting them. It’s like that old saying: ""A penny for your thoughts,"" except now, I feel like I’m getting paid not in pennies but in gold!",https://reddit.com/r/AbrahamHicks/comments/1pquea6/penny_for_your_thoughts_gold_coin_moneybox/,,2025-12-19 19:44:30,30,4,Janee333,frustration,4,This is a perfect example of finding what works uniquely for us! Sounds like you're in tune with your inner guidance 🔥,lol I legit love this 💚,Super cute idea
